transaction_id,supplier_id,supplier_category,invoice_number,po_number,invoice_date,payment_date,payment_terms_days,po_amount,invoice_amount,paid_amount,invoice_currency,payment_currency,bank_account,bank_changed_recently,anomaly_type,amount_usd,is_anomaly
TXN-0001391,SUP-0038,Information Technology,INV-263-2026-001391,PO-2026-001391,2025-01-01,2025-01-21,30,7604.13,6007.5,6007.5,AED,AED,BANK-86107842,False,normal,1635.84,0
TXN-0001407,SUP-0141,Professional Services,INV-281-2026-001407,PO-2026-001407,2025-01-01,2025-02-28,60,13750.39,12700.3,12700.3,AED,AED,BANK-10585992,False,normal,3458.29,0
TXN-0001777,SUP-0006,Ground Services,INV-252-2026-001777,PO-2026-001777,2025-01-01,2025-02-19,45,5536.22,4141.16,4141.16,GBP,GBP,BANK-30719258,False,normal,5259.27,0
TXN-0002144,SUP-0007,Information Technology,INV-821-2026-002144,PO-2025-002144,2025-01-01,2025-03-13,60,23565.77,22447.79,22447.79,EUR,EUR,BANK-31280989,False,normal,24468.09,0
TXN-0002448,SUP-0070,Ground Services,INV-196-2026-002448,PO-2025-002448,2025-01-01,2025-03-16,60,11548.91,8825.63,8825.63,USD,USD,BANK-63944450,False,normal,8825.63,0
TXN-0002765,SUP-0055,Aircraft Components,INV-279-2026-002765,PO-2026-002765,2025-01-01,2025-01-28,30,10739.91,8508.24,8508.24,AED,AED,BANK-44199230,False,normal,2316.79,0
TXN-0002816,SUP-0043,Maintenance,INV-287-2026-002816,PO-2025-002816,2025-01-01,2025-03-10,60,12569.15,10378.81,10378.81,AED,AED,BANK-56697251,False,normal,2826.15,0
TXN-0002945,SUP-0040,Facilities,INV-501-2026-002945,PO-2026-002945,2025-01-01,2025-02-03,30,16454.35,12617.54,12617.54,AED,AED,BANK-30107614,False,normal,3435.76,0
TXN-0003043,SUP-0030,Information Technology,INV-130-2026-003043,PO-2026-003043,2025-01-01,2025-02-16,30,8372.84,7989.93,7989.93,AED,AED,BANK-14041955,False,normal,2175.66,0
TXN-0003104,SUP-0146,Maintenance,INV-730-2026-003104,PO-2025-003104,2025-01-01,2025-01-30,30,123587.86,109235.26,109235.26,USD,USD,BANK-76449297,False,normal,109235.26,0
TXN-0003150,SUP-0076,Information Technology,INV-196-2026-003150,PO-2025-003150,2025-01-01,2025-02-20,60,10990.58,9418.27,9418.27,USD,USD,BANK-37929130,False,normal,9418.27,0
TXN-0004069,SUP-0114,Ground Services,INV-346-2026-004069,PO-2026-004069,2025-01-01,2025-03-31,90,11907.18,9381.33,9381.33,AED,AED,BANK-93480628,False,normal,2554.54,0
TXN-0004554,SUP-0035,Ground Services,INV-863-2026-004554,PO-2025-004554,2025-01-01,2025-01-19,30,7117.5,5709.66,5709.66,AED,AED,BANK-23638594,False,normal,1554.74,0
TXN-0004711,SUP-0150,Information Technology,INV-838-2026-004711,PO-2026-004711,2025-01-01,2025-02-19,45,28101.97,27361.76,27361.76,USD,USD,BANK-67087104,False,normal,27361.76,0
TXN-0000211,SUP-0116,Aircraft Components,INV-980-2026-000211,PO-2026-000211,2025-01-02,2025-02-09,30,10688.03,8905.69,8905.69,EUR,EUR,BANK-45782037,False,normal,9707.2,0
TXN-0000632,SUP-0094,Professional Services,INV-975-2026-000632,PO-2025-000632,2025-01-02,2025-03-30,90,21056.13,20601.03,20601.03,USD,USD,BANK-20964925,False,normal,20601.03,0
TXN-0002525,SUP-0060,Aircraft Components,INV-797-2026-002525,PO-2026-002525,2025-01-02,2025-01-29,30,1438.5,1065.45,1065.45,USD,USD,BANK-31687351,False,normal,1065.45,0
TXN-0003037,SUP-0133,Aircraft Components,INV-807-2026-003037,PO-2026-003037,2025-01-02,2025-03-21,60,10265.35,9141.81,9141.81,AED,AED,BANK-23338758,False,normal,2489.31,0
TXN-0003140,SUP-0119,Ground Services,INV-189-2026-003140,PO-2025-003140,2025-01-02,2025-03-06,45,4922.59,3640.97,3640.97,USD,USD,BANK-21899503,False,normal,3640.97,0
TXN-0003198,SUP-0092,Aircraft Components,INV-250-2026-003198,PO-2025-003198,2025-01-02,2025-03-01,60,102156.28,74375.47,74375.47,AED,AED,BANK-70989279,False,normal,20252.44,0
TXN-0003366,SUP-0008,Aircraft Components,INV-579-2026-003366,PO-2025-003366,2025-01-02,2025-02-09,30,1627.65,1415.53,1415.53,EUR,EUR,BANK-22713593,False,normal,1542.93,0
TXN-0003599,SUP-0081,Aircraft Components,INV-630-2026-003599,PO-2026-003599,2025-01-02,2025-01-21,30,201230.73,157572.01,157572.01,AED,AED,BANK-54937628,False,normal,42906.86,0
TXN-0004151,SUP-0132,Professional Services,INV-961-2026-004151,PO-2026-004151,2025-01-02,2025-02-25,45,6857.73,5536.26,5536.26,GBP,GBP,BANK-59967823,False,normal,7031.05,0
TXN-0004155,SUP-0135,Ground Services,INV-402-2026-004155,PO-2026-004155,2025-01-02,2025-02-27,60,19026.28,15080.77,15080.77,AED,AED,BANK-85671420,False,normal,4106.49,0
TXN-0004623,SUP-0053,Professional Services,INV-162-2026-004623,PO-2026-004623,2025-01-02,2025-02-14,30,9389.04,7132.35,7132.35,EUR,EUR,BANK-76295561,False,normal,7774.26,0
TXN-0000144,SUP-0059,Professional Services,INV-663-2026-000144,PO-2025-000144,2025-01-03,2025-02-03,30,34139.67,30166.32,30166.32,USD,USD,BANK-95295830,False,normal,30166.32,0
TXN-0000805,SUP-0038,Maintenance,INV-156-2026-000805,PO-2026-000805,2025-01-03,2025-02-14,45,15134.67,13643.92,13643.92,AED,AED,BANK-86107842,False,normal,3715.24,0
TXN-0001161,SUP-0055,Professional Services,INV-438-2026-001161,PO-2026-001161,2025-01-03,2025-02-01,30,16720.41,13208.45,13208.45,AED,AED,BANK-44199230,False,normal,3596.66,0
TXN-0001398,SUP-0136,Maintenance,INV-385-2026-001398,PO-2025-001398,2025-01-03,2025-02-09,30,12433.15,11943.48,11943.48,USD,USD,BANK-19530766,False,normal,11943.48,0
TXN-0002086,SUP-0150,Facilities,INV-855-2026-002086,PO-2025-002086,2025-01-03,2025-02-16,45,13963.64,11843.14,11843.14,USD,USD,BANK-67087104,False,normal,11843.14,0
TXN-0002183,SUP-0013,Aircraft Components,INV-798-2026-002183,PO-2026-002183,2025-01-03,2025-02-26,60,9043.25,6633.41,6633.41,AED,AED,BANK-84681076,False,normal,1806.28,0
TXN-0002350,SUP-0087,Information Technology,INV-338-2026-002350,PO-2025-002350,2025-01-03,2025-02-11,45,6570.45,6490.33,6490.33,AED,AED,BANK-25685067,False,normal,1767.32,0
TXN-0002616,SUP-0021,Professional Services,INV-161-2026-002616,PO-2025-002616,2025-01-03,2025-02-22,30,8667.87,7263.7,7263.7,EUR,EUR,BANK-65967398,False,normal,7917.43,0
TXN-0003576,SUP-0004,Maintenance,INV-860-2026-003576,PO-2025-003576,2025-01-03,2025-02-05,30,7889.52,7028.81,7028.81,AED,AED,BANK-92441065,False,normal,1913.94,0
TXN-0004109,SUP-0099,Facilities,INV-361-2026-004109,PO-2026-004109,2025-01-03,2025-02-07,45,18282.6,16568.93,16568.93,USD,USD,BANK-78956930,False,normal,16568.93,0
TXN-0004969,SUP-0050,Ground Services,INV-693-2026-004969,PO-2026-004969,2025-01-03,2025-02-05,45,9491.73,8938.2,8938.2,USD,USD,BANK-46919792,False,normal,8938.2,0
TXN-0005127,SUP-0103,Facilities,INV-530-2026-005127,PO-2026-005127,2025-01-03,2025-02-18,45,26046.44,20213.9,20213.9,USD,USD,BANK-87788293,False,normal,20213.9,0
TXN-0005349,SUP-0041,Information Technology,INV-849-2026-005349,PO-2026-005349,2025-01-03,2025-03-01,45,13388.31,11709.63,11709.63,USD,USD,BANK-90410196,False,normal,11709.63,0
TXN-0000341,SUP-0109,Aircraft Components,INV-551-2026-000341,PO-2026-000341,2025-01-04,2025-02-20,45,39846.36,39519.12,39519.12,USD,USD,BANK-84335845,False,normal,39519.12,0
TXN-0000560,SUP-0025,Maintenance,INV-187-2026-000560,PO-2025-000560,2025-01-04,2025-04-21,90,2652.49,2027.11,2027.11,EUR,EUR,BANK-99224451,False,normal,2209.55,0
TXN-0000617,SUP-0148,Aircraft Components,INV-481-2026-000617,PO-2026-000617,2025-01-04,2025-01-24,30,86138.9,76151.87,76151.87,AED,AED,BANK-48887190,False,normal,20736.15,0
TXN-0001144,SUP-0021,Aircraft Components,INV-315-2026-001144,PO-2025-001144,2025-01-04,2025-02-17,45,4008.34,3063.03,3063.03,EUR,EUR,BANK-65967398,False,normal,3338.7,0
TXN-0002121,SUP-0086,Ground Services,INV-905-2026-002121,PO-2026-002121,2025-01-04,2025-02-24,45,109093.43,92522.29,92522.29,USD,USD,BANK-11254265,False,normal,92522.29,0
TXN-0002499,SUP-0116,Ground Services,INV-122-2026-002499,PO-2026-002499,2025-01-04,2025-03-14,60,2108.39,1835.42,1835.42,EUR,EUR,BANK-45782037,False,normal,2000.61,0
TXN-0004115,SUP-0159,Aircraft Components,INV-701-2026-004115,PO-2026-004115,2025-01-04,2025-01-28,30,11977.74,11818.15,11818.15,AED,AED,BANK-81713537,False,normal,3218.08,0
TXN-0004295,SUP-0136,Aircraft Components,INV-629-2026-004295,PO-2026-004295,2025-01-04,2025-02-02,30,9360.89,7834.26,7834.26,USD,USD,BANK-19530766,False,normal,7834.26,0
TXN-0005231,SUP-0032,Maintenance,INV-891-2026-005231,PO-2026-005231,2025-01-04,2025-02-09,45,6528.05,6162.37,6162.37,GBP,GBP,BANK-49158734,False,normal,7826.21,0
TXN-0000196,SUP-0022,Maintenance,INV-840-2026-000196,PO-2025-000196,2025-01-05,2025-04-16,90,6340.41,5919.1,5919.1,USD,USD,BANK-56355141,False,normal,5919.1,0
TXN-0000724,SUP-0155,Maintenance,INV-684-2026-000724,PO-2025-000724,2025-01-05,2025-03-29,90,9300.98,6785.44,6785.44,USD,USD,BANK-19822959,False,normal,6785.44,0
TXN-0001039,SUP-0097,Ground Services,INV-312-2026-001039,PO-2026-001039,2025-01-05,2025-01-19,30,16060.57,13166.26,13166.26,USD,USD,BANK-93475211,False,normal,13166.26,0
TXN-0002093,SUP-0156,Aircraft Components,INV-260-2026-002093,PO-2026-002093,2025-01-05,2025-03-08,60,14379.36,12602.45,12602.45,AED,AED,BANK-35913857,False,normal,3431.65,0
TXN-0002154,SUP-0137,Maintenance,INV-554-2026-002154,PO-2025-002154,2025-01-05,2025-03-15,60,15044.95,14702.26,14702.26,GBP,GBP,BANK-75099036,False,normal,18671.87,0
TXN-0002386,SUP-0157,Ground Services,INV-161-2026-002386,PO-2025-002386,2025-01-05,2025-02-03,30,17336.05,17152.08,17152.08,USD,USD,BANK-84648574,False,normal,17152.08,0
TXN-0002871,SUP-0010,Maintenance,INV-824-2026-002871,PO-2026-002871,2025-01-05,2025-03-29,90,8844.55,7593.56,7593.56,USD,USD,BANK-59212295,False,normal,7593.56,0
TXN-0002996,SUP-0040,Information Technology,INV-348-2026-002996,PO-2025-002996,2025-01-05,2025-02-20,60,14436.12,18961.07,18961.07,AED,AED,BANK-30107614,False,invoice_above_po,5163.1,1
TXN-0003008,SUP-0120,Information Technology,INV-440-2026-003008,PO-2025-003008,2025-01-05,2025-03-06,60,11350.46,9424.0,9424.0,AED,AED,BANK-53972563,False,normal,2566.16,0
TXN-0003382,SUP-0130,Aircraft Components,INV-767-2026-003382,PO-2025-003382,2025-01-05,2025-02-23,60,11626.59,11066.78,11066.78,AED,AED,BANK-12237354,False,normal,3013.48,0
TXN-0003953,SUP-0056,Professional Services,INV-106-2026-003953,PO-2026-003953,2025-01-05,2025-03-20,60,3863.14,2856.05,2856.05,EUR,EUR,BANK-33621446,False,normal,3113.09,0
TXN-0004013,SUP-0040,Professional Services,INV-124-2026-004013,PO-2026-004013,2025-01-05,2025-03-05,60,12972.0,10489.57,10489.57,AED,AED,BANK-30107614,False,normal,2856.31,0
TXN-0005048,SUP-0072,Aircraft Components,INV-446-2026-005048,PO-2025-005048,2025-01-05,2025-01-29,30,18482.63,16820.64,16820.64,USD,USD,BANK-88710582,False,normal,16820.64,0
TXN-0001135,SUP-0043,Ground Services,INV-427-2026-001135,PO-2026-001135,2025-01-06,2025-02-21,30,14874.03,14343.72,14343.72,AED,AED,BANK-56697251,False,normal,3905.79,0
TXN-0001217,SUP-0110,Facilities,INV-258-2026-001217,PO-2026-001217,2025-01-06,2025-04-06,90,3979.03,3462.92,3462.92,EUR,EUR,BANK-21795197,False,normal,3774.58,0
TXN-0001853,SUP-0007,Maintenance,INV-228-2026-001853,PO-2026-001853,2025-01-06,2025-02-28,45,11396.91,10641.06,10641.06,EUR,EUR,BANK-31280989,False,normal,11598.76,0
TXN-0001948,SUP-0051,Professional Services,INV-823-2026-001948,PO-2025-001948,2025-01-06,2025-02-27,60,1243.56,915.06,915.06,USD,USD,BANK-43629195,False,normal,915.06,0
TXN-0002500,SUP-0104,Ground Services,INV-332-2026-002500,PO-2025-002500,2025-01-06,2025-02-08,30,5324.17,4741.78,4741.78,GBP,GBP,BANK-82371206,False,normal,6022.06,0
TXN-0002589,SUP-0094,Information Technology,INV-228-2026-002589,PO-2026-002589,2025-01-06,2025-01-27,30,11519.16,9839.92,9839.92,USD,USD,BANK-20964925,False,normal,9839.92,0
TXN-0002646,SUP-0074,Facilities,INV-470-2026-002646,PO-2025-002646,2025-01-06,2025-02-07,30,20016.42,22284.81,22284.81,USD,USD,BANK-27679119,False,invoice_above_po,22284.81,1
TXN-0002944,SUP-0049,Maintenance,INV-735-2026-002944,PO-2025-002944,2025-01-06,2025-02-02,30,18684.53,15862.17,15862.17,AED,AED,BANK-69549513,False,normal,4319.27,0
TXN-0002968,SUP-0056,Ground Services,INV-617-2026-002968,PO-2025-002968,2025-01-06,2025-01-24,30,17277.08,16958.25,16958.25,EUR,EUR,BANK-33621446,False,normal,18484.49,0
TXN-0003136,SUP-0036,Information Technology,INV-741-2026-003136,PO-2025-003136,2025-01-06,2025-02-04,30,21176.96,16334.65,16334.65,USD,USD,BANK-90250953,False,normal,16334.65,0
TXN-0004403,SUP-0055,Ground Services,INV-928-2026-004403,PO-2026-004403,2025-01-06,2025-01-31,30,21860.05,18507.54,18507.54,AED,AED,BANK-44199230,False,normal,5039.6,0
TXN-0005095,SUP-0087,Professional Services,INV-930-2026-005095,PO-2026-005095,2025-01-06,2025-02-14,30,3546.69,2654.19,2654.19,AED,AED,BANK-25685067,False,normal,722.74,0
TXN-0005332,SUP-0148,Information Technology,INV-902-2026-005332,PO-2025-005332,2025-01-06,2025-02-21,60,6406.15,5125.55,5125.55,AED,AED,BANK-48887190,False,normal,1395.69,0
TXN-0000100,SUP-0148,Aircraft Components,INV-197-2026-000100,PO-2025-000100,2025-01-07,2025-03-14,60,2013.83,1953.76,1953.76,AED,AED,BANK-48887190,False,normal,532.01,0
TXN-0000429,SUP-0095,Information Technology,INV-717-2026-000429,PO-2026-000429,2025-01-07,2025-02-26,60,7125.82,5332.47,5332.47,USD,USD,BANK-36688168,False,normal,5332.47,0
TXN-0000937,SUP-0095,Aircraft Components,INV-153-2026-000937,PO-2026-000937,2025-01-07,2025-03-04,60,5016.09,4756.47,4756.47,USD,USD,BANK-36688168,False,normal,4756.47,0
TXN-0001494,SUP-0128,Professional Services,INV-815-2026-001494,PO-2025-001494,2025-01-07,2025-02-07,30,4536.28,3300.17,3300.17,USD,USD,BANK-93232757,False,normal,3300.17,0
TXN-0001511,SUP-0089,Maintenance,INV-832-2026-001511,PO-2026-001511,2025-01-07,2025-03-07,60,7808.88,6492.38,6492.38,USD,USD,BANK-35136775,False,normal,6492.38,0
TXN-0001887,SUP-0010,Professional Services,INV-373-2026-001887,PO-2026-001887,2025-01-07,2025-02-01,30,1910.11,1573.77,1573.77,USD,USD,BANK-59212295,False,normal,1573.77,0
TXN-0002678,SUP-0051,Aircraft Components,INV-882-2026-002678,PO-2025-002678,2025-01-07,2025-02-10,30,8850.4,6413.75,6413.75,USD,USD,BANK-43629195,False,normal,6413.75,0
TXN-0003659,SUP-0021,Facilities,INV-391-2026-003659,PO-2026-003659,2025-01-07,2025-03-01,60,5650.61,5581.91,5581.91,EUR,EUR,BANK-65967398,False,normal,6084.28,0
TXN-0004125,SUP-0015,Information Technology,INV-215-2026-004125,PO-2026-004125,2025-01-07,2025-02-12,30,6940.78,6482.47,6482.47,USD,USD,BANK-82742631,False,normal,6482.47,0
TXN-0000013,SUP-0149,Ground Services,INV-165-2026-000013,PO-2026-000013,2025-01-08,2025-02-10,30,76031.97,67008.21,67008.21,USD,USD,BANK-52064343,False,normal,67008.21,0
TXN-0000237,SUP-0136,Ground Services,INV-560-2026-000237,PO-2026-000237,2025-01-08,2025-01-20,30,3522.04,3203.42,3203.42,USD,USD,BANK-19530766,False,normal,3203.42,0
TXN-0000885,SUP-0141,Aircraft Components,INV-328-2026-000885,PO-2026-000885,2025-01-08,2025-02-13,30,27982.94,22290.39,22290.39,AED,AED,BANK-10585992,False,normal,6069.67,0
TXN-0001169,SUP-0026,Information Technology,INV-492-2026-001169,PO-2026-001169,2025-01-08,2025-01-28,30,39158.24,29283.4,29283.4,USD,USD,BANK-94243920,False,normal,29283.4,0
TXN-0001324,SUP-0154,Ground Services,INV-234-2026-001324,PO-2025-001324,2025-01-08,2025-02-10,30,5895.84,5664.81,5664.81,AED,AED,BANK-69720522,False,normal,1542.53,0
TXN-0001969,SUP-0133,Aircraft Components,INV-845-2026-001969,PO-2026-001969,2025-01-08,2025-03-16,60,5637.72,4873.46,4873.46,AED,AED,BANK-23338758,False,normal,1327.04,0
TXN-0002413,SUP-0128,Aircraft Components,INV-980-2026-002413,PO-2026-002413,2025-01-08,2025-03-09,60,5295.23,4437.55,4437.55,USD,USD,BANK-93232757,False,normal,4437.55,0
TXN-0002828,SUP-0036,Maintenance,INV-640-2026-002828,PO-2025-002828,2025-01-08,2025-01-09,60,14801.04,11723.02,11723.02,USD,USD,BANK-90250953,False,rapid_payment,11723.02,1
TXN-0005025,SUP-0065,Aircraft Components,INV-254-2026-005025,PO-2026-005025,2025-01-08,2025-03-01,30,7656.22,7545.02,7545.02,AED,AED,BANK-90272029,False,normal,2054.51,0
TXN-0005350,SUP-0137,Ground Services,INV-300-2026-005350,PO-2025-005350,2025-01-08,2025-02-22,45,30042.11,22329.33,22329.33,GBP,GBP,BANK-75099036,False,normal,28358.25,0
TXN-0000273,SUP-0021,Professional Services,INV-856-2026-000273,PO-2026-000273,2025-01-09,2025-02-06,30,3147.01,2663.98,2663.98,EUR,EUR,BANK-65967398,False,normal,2903.74,0
TXN-0000375,SUP-0155,Aircraft Components,INV-889-2026-000375,PO-2026-000375,2025-01-09,2025-02-05,30,12147.26,9128.55,9128.55,USD,USD,BANK-19822959,False,normal,9128.55,0
TXN-0000460,SUP-0020,Ground Services,INV-456-2026-000460,PO-2025-000460,2025-01-09,2025-02-08,30,31069.57,29528.16,29528.16,AED,AED,BANK-36182605,False,normal,8040.52,0
TXN-0000579,SUP-0121,Information Technology,INV-857-2026-000579,PO-2026-000579,2025-01-09,2025-02-09,30,4836.3,3724.19,3724.19,AED,AED,BANK-55753531,False,normal,1014.1,0
TXN-0000803,SUP-0017,Professional Services,INV-714-2026-000803,PO-2026-000803,2025-01-09,2025-03-15,45,35575.57,33459.23,33459.23,AED,AED,BANK-38542500,False,normal,9110.95,0
TXN-0001151,SUP-0027,Maintenance,INV-765-2026-001151,PO-2026-001151,2025-01-09,2025-02-04,45,24201.33,18518.17,18518.17,AED,AED,BANK-26263179,False,normal,5042.5,0
TXN-0001405,SUP-0030,Information Technology,INV-254-2026-001405,PO-2026-001405,2025-01-09,2025-02-14,30,21144.16,17955.24,17955.24,AED,AED,BANK-14041955,False,normal,4889.21,0
TXN-0002644,SUP-0127,Aircraft Components,INV-119-2026-002644,PO-2025-002644,2025-01-09,2025-02-10,30,5722.61,4553.25,4553.25,USD,USD,BANK-96425599,False,normal,4553.25,0
TXN-0002796,SUP-0121,Aircraft Components,INV-851-2026-002796,PO-2025-002796,2025-01-09,2025-02-17,30,3870.15,3671.38,3671.38,AED,AED,BANK-55753531,False,normal,999.72,0
TXN-0003015,SUP-0010,Professional Services,INV-191-2026-003015,PO-2026-003015,2025-01-09,2025-02-25,45,5406.19,5169.89,5169.89,USD,USD,BANK-59212295,False,normal,5169.89,0
TXN-0003474,SUP-0035,Ground Services,INV-661-2026-003474,PO-2025-003474,2025-01-09,2025-02-12,30,38179.83,27824.91,27824.91,AED,AED,BANK-23638594,False,normal,7576.72,0
TXN-0003523,SUP-0031,Information Technology,INV-479-2026-003523,PO-2026-003523,2025-01-09,2025-02-11,60,11662.21,10841.04,10841.04,EUR,EUR,BANK-36891816,False,normal,11816.73,0
TXN-0003640,SUP-0081,Professional Services,INV-503-2026-003640,PO-2025-003640,2025-01-09,2025-03-10,60,3878.45,2928.49,2928.49,AED,AED,BANK-54937628,False,normal,797.43,0
TXN-0004349,SUP-0157,Aircraft Components,INV-858-2026-004349,PO-2026-004349,2025-01-09,2025-04-24,90,11481.09,10591.5,10591.5,USD,USD,BANK-84648574,False,normal,10591.5,0
TXN-0000395,SUP-0014,Aircraft Components,INV-482-2026-000395,PO-2026-000395,2025-01-10,2025-03-02,45,6825.04,6550.1,6550.1,EUR,EUR,BANK-51403053,False,normal,7139.61,0
TXN-0000405,SUP-0016,Maintenance,INV-451-2026-000405,PO-2026-000405,2025-01-10,2025-02-12,30,10101.44,9877.0,9877.0,USD,USD,BANK-96689067,False,normal,9877.0,0
TXN-0000590,SUP-0027,Maintenance,INV-504-2026-000590,PO-2025-000590,2025-01-10,2025-02-07,30,22939.39,21721.83,21721.83,AED,AED,BANK-26263179,False,normal,5914.85,0
TXN-0001741,SUP-0141,Facilities,INV-521-2026-001741,PO-2026-001741,2025-01-10,2025-02-28,45,2087.25,1620.11,1620.11,AED,AED,BANK-10585992,False,normal,441.16,0
TXN-0002308,SUP-0086,Professional Services,INV-698-2026-002308,PO-2025-002308,2025-01-10,2025-02-24,45,2501.25,2444.98,2444.98,USD,USD,BANK-11254265,False,normal,2444.98,0
TXN-0002955,SUP-0152,Professional Services,INV-983-2026-002955,PO-2026-002955,2025-01-10,2025-02-13,30,7069.59,5315.17,5315.17,EUR,EUR,BANK-86228158,False,normal,5793.54,0
TXN-0003400,SUP-0067,Professional Services,INV-281-2026-003400,PO-2025-003400,2025-01-10,2025-02-23,45,4550.2,4143.52,4143.52,AED,AED,BANK-77206550,False,normal,1128.28,0
TXN-0003552,SUP-0099,Maintenance,INV-851-2026-003552,PO-2025-003552,2025-01-10,2025-02-28,60,4038.32,3538.04,3538.04,USD,USD,BANK-78956930,False,normal,3538.04,0
TXN-0003732,SUP-0055,Maintenance,INV-939-2026-003732,PO-2025-003732,2025-01-10,2025-03-19,60,2829.61,2743.69,2743.69,AED,AED,BANK-44199230,False,normal,747.11,0
TXN-0004152,SUP-0080,Facilities,INV-688-2026-004152,PO-2025-004152,2025-01-10,2025-02-06,30,17865.3,25261.89,25261.89,EUR,EUR,BANK-97464377,False,invoice_above_po,27535.46,1
TXN-0005108,SUP-0101,Information Technology,INV-579-2026-005108,PO-2025-005108,2025-01-10,2025-02-23,45,3026.8,2323.92,2323.92,EUR,EUR,BANK-47533220,False,normal,2533.07,0
TXN-0001265,SUP-0150,Facilities,INV-795-2026-001265,PO-2026-001265,2025-01-11,2025-02-04,30,40239.63,34240.67,34240.67,USD,USD,BANK-67087104,False,normal,34240.67,0
TXN-0001660,SUP-0072,Maintenance,INV-905-2026-001660,PO-2025-001660,2025-01-11,2025-03-06,60,11675.87,8605.43,8605.43,USD,USD,BANK-88710582,False,normal,8605.43,0
TXN-0002222,SUP-0049,Aircraft Components,INV-102-2026-002222,PO-2025-002222,2025-01-11,2025-02-02,30,17733.26,13069.03,13069.03,AED,AED,BANK-69549513,False,normal,3558.7,0
TXN-0002611,SUP-0028,Maintenance,INV-709-2026-002611,PO-2026-002611,2025-01-11,2025-02-21,30,21647.54,18463.28,18463.28,USD,USD,BANK-24814703,False,normal,18463.28,0
TXN-0002631,SUP-0157,Aircraft Components,INV-858-2026-004349,PO-2026-004349,2025-01-11,2025-04-11,90,11481.09,10591.5,10591.5,USD,USD,BANK-84648574,False,exact_duplicate,10591.5,1
TXN-0003458,SUP-0156,Maintenance,INV-762-2026-003458,PO-2025-003458,2025-01-11,2025-02-08,30,10148.05,8200.7,8200.7,AED,AED,BANK-35913857,False,normal,2233.05,0
TXN-0003760,SUP-0045,Maintenance,INV-673-2026-003760,PO-2025-003760,2025-01-11,2025-03-20,60,13640.67,12373.68,12373.68,EUR,EUR,BANK-38433614,False,normal,13487.31,0
TXN-0004167,SUP-0054,Information Technology,INV-962-2026-004167,PO-2026-004167,2025-01-11,2025-02-09,30,17799.38,13681.61,13681.61,AED,AED,BANK-77211064,False,normal,3725.5,0
TXN-0004655,SUP-0061,Aircraft Components,INV-231-2026-004655,PO-2026-004655,2025-01-11,2025-02-26,30,3095.11,2609.04,2609.04,AED,AED,BANK-12871994,False,normal,710.44,0
TXN-0004871,SUP-0112,Facilities,INV-615-2026-004871,PO-2026-004871,2025-01-11,2025-02-08,30,762.99,728.44,728.44,USD,USD,BANK-21137842,False,normal,728.44,0
TXN-0000177,SUP-0006,Maintenance,INV-296-2026-000177,PO-2026-000177,2025-01-12,2025-03-12,60,1036.0,1001.39,1001.39,GBP,GBP,BANK-30719258,False,normal,1271.77,0
TXN-0000819,SUP-0098,Ground Services,INV-737-2026-000819,PO-2026-000819,2025-01-12,2025-02-20,45,4236.09,3325.68,3325.68,USD,USD,BANK-72483618,False,normal,3325.68,0
TXN-0001469,SUP-0156,Professional Services,INV-719-2026-001469,PO-2026-001469,2025-01-12,2025-02-11,30,15454.81,14381.28,14381.28,AED,AED,BANK-35913857,False,normal,3916.02,0
TXN-0001826,SUP-0011,Ground Services,INV-969-2026-001826,PO-2025-001826,2025-01-12,2025-03-17,60,3275.7,2382.94,2382.94,USD,USD,BANK-43383005,False,normal,2382.94,0
TXN-0002023,SUP-0066,Ground Services,INV-966-2026-002023,PO-2026-002023,2025-01-12,2025-02-01,30,39548.72,31416.46,31416.46,AED,AED,BANK-23795588,False,normal,8554.7,0
TXN-0002239,SUP-0127,Facilities,INV-816-2026-002239,PO-2026-002239,2025-01-12,2025-03-02,30,49354.12,46702.8,46702.8,USD,USD,BANK-96425599,False,normal,46702.8,0
TXN-0002493,SUP-0046,Maintenance,INV-687-2026-002493,PO-2026-002493,2025-01-12,2025-03-22,60,4152.8,3979.76,3979.76,EUR,EUR,BANK-11990275,False,normal,4337.94,0
TXN-0002707,SUP-0108,Aircraft Components,INV-760-2026-002707,PO-2026-002707,2025-01-12,2025-02-08,30,9932.14,9444.16,13171.69,USD,USD,BANK-76508559,False,overpayment,13171.69,1
TXN-0002739,SUP-0098,Information Technology,INV-911-2026-002739,PO-2026-002739,2025-01-12,2025-02-25,45,10277.08,8676.66,8676.66,USD,USD,BANK-72483618,False,normal,8676.66,0
TXN-0003480,SUP-0137,Aircraft Components,INV-915-2026-003480,PO-2025-003480,2025-01-12,2025-02-10,30,1813.91,1796.55,1796.55,GBP,GBP,BANK-75099036,False,normal,2281.62,0
TXN-0004768,SUP-0090,Ground Services,INV-344-2026-004768,PO-2025-004768,2025-01-12,2025-02-25,45,21709.26,21240.06,21240.06,AED,AED,BANK-21863999,False,normal,5783.67,0
TXN-0000328,SUP-0046,Aircraft Components,INV-477-2026-000328,PO-2025-000328,2025-01-13,2025-02-21,45,8274.68,6094.8,6094.8,EUR,EUR,BANK-11990275,False,normal,6643.33,0
TXN-0000464,SUP-0045,Professional Services,INV-875-2026-000464,PO-2025-000464,2025-01-13,2025-03-24,60,1453.82,1221.72,1221.72,EUR,EUR,BANK-38433614,False,normal,1331.67,0
TXN-0000772,SUP-0089,Maintenance,INV-766-2026-000772,PO-2025-000772,2025-01-13,2025-01-31,30,27901.97,24781.0,24781.0,USD,USD,BANK-35136775,False,normal,24781.0,0
TXN-0001381,SUP-0018,Ground Services,INV-544-2026-001381,PO-2026-001381,2025-01-13,2025-02-28,45,14895.9,11376.22,11376.22,USD,USD,BANK-95760944,False,normal,11376.22,0
TXN-0001414,SUP-0055,Ground Services,INV-396-2026-001414,PO-2025-001414,2025-01-13,2025-02-05,30,9785.14,8431.73,8431.73,AED,AED,BANK-44199230,False,normal,2295.96,0
TXN-0001857,SUP-0088,Information Technology,INV-718-2026-001857,PO-2026-001857,2025-01-13,2025-02-26,45,18783.11,18381.85,18381.85,AED,AED,BANK-30669042,False,normal,5005.38,0
TXN-0002527,SUP-0008,Aircraft Components,INV-962-2026-002527,PO-2026-002527,2025-01-13,2025-04-04,60,33083.21,24587.12,24587.12,EUR,EUR,BANK-22713593,False,normal,26799.96,0
TXN-0002818,SUP-0044,Aircraft Components,INV-773-2026-002818,PO-2025-002818,2025-01-13,2025-03-04,45,11953.77,10602.79,10602.79,USD,USD,BANK-52259076,False,normal,10602.79,0
TXN-0003241,SUP-0018,Professional Services,INV-220-2026-003241,PO-2026-003241,2025-01-13,2025-02-24,30,1226.17,947.27,947.27,USD,USD,BANK-95760944,False,normal,947.27,0
TXN-0003538,SUP-0046,Ground Services,INV-962-2026-003538,PO-2025-003538,2025-01-13,2025-04-06,60,38454.22,37966.82,37966.82,EUR,EUR,BANK-11990275,False,normal,41383.83,0
TXN-0004327,SUP-0085,Maintenance,INV-682-2026-004327,PO-2026-004327,2025-01-13,2025-03-26,90,8618.1,7895.04,7895.04,USD,USD,BANK-94093522,False,normal,7895.04,0
TXN-0004497,SUP-0030,Facilities,INV-926-2026-004497,PO-2026-004497,2025-01-13,2025-02-22,30,3863.39,2913.11,2913.11,AED,AED,BANK-14041955,False,normal,793.24,0
TXN-0004512,SUP-0132,Facilities,INV-728-2026-004512,PO-2025-004512,2025-01-13,2025-03-18,60,13902.29,13302.5,13302.5,GBP,GBP,BANK-59967823,False,normal,16894.18,0
TXN-0004530,SUP-0150,Maintenance,INV-179-2026-004530,PO-2025-004530,2025-01-13,2025-02-16,45,34954.23,33258.73,33258.73,USD,USD,BANK-67087104,False,normal,33258.73,0
TXN-0000329,SUP-0125,Professional Services,INV-510-2026-000329,PO-2026-000329,2025-01-14,2025-02-06,30,4266.5,3672.8,5633.21,USD,USD,BANK-56892046,False,overpayment,5633.21,1
TXN-0000443,SUP-0067,Ground Services,INV-690-2026-000443,PO-2026-000443,2025-01-14,2025-04-23,90,10704.14,9427.37,9427.37,AED,AED,BANK-77206550,False,normal,2567.07,0
TXN-0000482,SUP-0051,Information Technology,INV-171-2026-000482,PO-2025-000482,2025-01-14,2025-02-06,30,3114.23,2591.66,2591.66,USD,USD,BANK-43629195,False,normal,2591.66,0
TXN-0000884,SUP-0102,Professional Services,INV-181-2026-000884,PO-2025-000884,2025-01-14,2025-02-08,30,16477.81,13617.98,13617.98,AED,AED,BANK-27979808,False,normal,3708.18,0
TXN-0000984,SUP-0010,Ground Services,INV-633-2026-000984,PO-2025-000984,2025-01-14,2025-03-21,60,8946.61,7987.21,7987.21,USD,USD,BANK-59212295,False,normal,7987.21,0
TXN-0001060,SUP-0095,Maintenance,INV-256-2026-001060,PO-2025-001060,2025-01-14,2025-03-19,60,3798.95,2877.1,2877.1,USD,USD,BANK-36688168,False,normal,2877.1,0
TXN-0001638,SUP-0098,Aircraft Components,INV-504-2026-001638,PO-2025-001638,2025-01-14,2025-02-27,45,48491.04,41277.55,41277.55,USD,USD,BANK-72483618,False,normal,41277.55,0
TXN-0001986,SUP-0016,Aircraft Components,INV-173-2026-001986,PO-2025-001986,2025-01-14,2025-04-26,90,9282.2,9052.16,9052.16,USD,USD,BANK-96689067,False,normal,9052.16,0
TXN-0002188,SUP-0031,Facilities,INV-118-2026-002188,PO-2025-002188,2025-01-14,2025-03-19,60,2605.29,2576.38,2576.38,EUR,EUR,BANK-36891816,False,normal,2808.25,0
TXN-0002383,SUP-0138,Facilities,INV-187-2026-002383,PO-2026-002383,2025-01-14,2025-02-25,30,8275.28,6038.7,6038.7,AED,AED,BANK-22630563,False,normal,1644.34,0
TXN-0003451,SUP-0084,Professional Services,INV-973-2026-003451,PO-2026-003451,2025-01-14,2025-02-19,30,1591.67,1300.91,1300.91,USD,USD,BANK-22950775,False,normal,1300.91,0
TXN-0005002,SUP-0123,Aircraft Components,INV-232-2026-005002,PO-2025-005002,2025-01-14,2025-02-28,45,17158.73,16596.39,16596.39,USD,USD,BANK-38236379,False,normal,16596.39,0
TXN-0000146,SUP-0053,Maintenance,INV-106-2026-000146,PO-2025-000146,2025-01-15,2025-02-16,30,13050.33,10351.08,10351.08,EUR,EUR,BANK-76295561,False,normal,11282.68,0
TXN-0000891,SUP-0154,Information Technology,INV-926-2026-000891,PO-2026-000891,2025-01-15,2025-02-06,30,9675.36,7468.92,7468.92,AED,AED,BANK-69720522,False,normal,2033.79,0
TXN-0001123,SUP-0038,Aircraft Components,INV-909-2026-001123,PO-2026-001123,2025-01-15,2025-02-19,45,2952.17,2634.16,2634.16,AED,AED,BANK-86107842,False,normal,717.28,0
TXN-0001439,SUP-0058,Professional Services,INV-400-2026-001439,PO-2026-001439,2025-01-15,2025-02-17,30,1952.1,1825.25,1825.25,AED,AED,BANK-94313182,False,normal,497.02,0
TXN-0001803,SUP-0150,Aircraft Components,INV-532-2026-001803,PO-2026-001803,2025-01-15,2025-04-19,90,8364.78,7143.99,7143.99,USD,USD,BANK-67087104,False,normal,7143.99,0
TXN-0002348,SUP-0088,Maintenance,INV-954-2026-002348,PO-2025-002348,2025-01-15,2025-03-09,60,1389.11,1228.13,1228.13,AED,AED,BANK-30669042,False,normal,334.42,0
TXN-0003336,SUP-0002,Information Technology,INV-464-2026-003336,PO-2025-003336,2025-01-15,2025-02-02,30,11067.82,10142.51,10142.51,USD,USD,BANK-19696685,False,normal,10142.51,0
TXN-0004007,SUP-0116,Aircraft Components,INV-980-2026-000211,PO-2026-000211,2025-01-15,2025-02-14,30,10688.03,8905.69,8905.69,EUR,EUR,BANK-45782037,False,exact_duplicate,9707.2,1
TXN-0004200,SUP-0117,Professional Services,INV-927-2026-004200,PO-2025-004200,2025-01-15,2025-02-22,30,1710.91,1560.81,1560.81,EUR,EUR,BANK-97580845,False,normal,1701.28,0
TXN-0000979,SUP-0137,Maintenance,INV-172-2026-000979,PO-2026-000979,2025-01-16,2025-03-01,45,4319.89,3870.23,3870.23,GBP,GBP,BANK-75099036,False,normal,4915.19,0
TXN-0001124,SUP-0021,Maintenance,INV-106-2026-001124,PO-2025-001124,2025-01-16,2025-02-05,30,13332.83,13130.63,13130.63,EUR,EUR,BANK-65967398,False,normal,14312.39,0
TXN-0001200,SUP-0084,Information Technology,INV-914-2026-001200,PO-2025-001200,2025-01-16,2025-02-10,30,69122.88,56635.29,56635.29,USD,USD,BANK-22950775,False,normal,56635.29,0
TXN-0001821,SUP-0053,Ground Services,INV-290-2026-001821,PO-2026-001821,2025-01-16,2025-02-13,30,2019.73,1683.84,1683.84,EUR,EUR,BANK-76295561,False,normal,1835.39,0
TXN-0002009,SUP-0067,Information Technology,INV-693-2026-002009,PO-2026-002009,2025-01-16,2025-02-08,30,4553.72,4337.68,4337.68,AED,AED,BANK-77206550,False,normal,1181.15,0
TXN-0002078,SUP-0066,Maintenance,INV-579-2026-002078,PO-2025-002078,2025-01-16,2025-03-19,60,3738.92,2959.46,2959.46,AED,AED,BANK-23795588,False,normal,805.86,0
TXN-0002159,SUP-0073,Aircraft Components,INV-609-2026-002159,PO-2026-002159,2025-01-16,2025-03-11,45,21146.57,16592.97,16592.97,EUR,EUR,BANK-14030635,False,normal,18086.34,0
TXN-0004191,SUP-0089,Ground Services,INV-178-2026-004191,PO-2026-004191,2025-01-16,2025-03-16,60,12790.76,10475.39,10475.39,USD,USD,NEW-32745743,True,bank_change,10475.39,1
TXN-0000722,SUP-0116,Professional Services,INV-500-2026-000722,PO-2025-000722,2025-01-17,2025-02-11,30,93857.59,68581.8,68581.8,EUR,EUR,BANK-45782037,False,normal,74754.16,0
TXN-0000769,SUP-0104,Information Technology,INV-830-2026-000769,PO-2026-000769,2025-01-17,2025-03-20,60,16439.2,13497.2,13497.2,GBP,GBP,BANK-82371206,False,normal,17141.44,0
TXN-0000872,SUP-0022,Maintenance,INV-233-2026-000872,PO-2025-000872,2025-01-17,2025-02-16,30,20219.1,16632.81,16632.81,USD,USD,BANK-56355141,False,normal,16632.81,0
TXN-0001443,SUP-0030,Professional Services,INV-160-2026-001443,PO-2026-001443,2025-01-17,2025-03-09,30,15733.12,14557.36,14557.36,AED,AED,BANK-14041955,False,normal,3963.97,0
TXN-0003409,SUP-0098,Information Technology,INV-261-2026-003409,PO-2026-003409,2025-01-17,2025-03-18,60,2117.27,1950.27,1950.27,USD,USD,BANK-72483618,False,normal,1950.27,0
TXN-0003822,SUP-0128,Maintenance,INV-430-2026-003822,PO-2025-003822,2025-01-17,2025-02-28,30,6921.13,5938.5,5938.5,USD,USD,BANK-93232757,False,normal,5938.5,0
TXN-0004050,SUP-0082,Professional Services,INV-584-2026-004050,PO-2025-004050,2025-01-17,2025-02-09,30,8468.6,6672.66,6672.66,USD,USD,NEW-41118127,True,bank_change,6672.66,1
TXN-0004292,SUP-0120,Facilities,INV-327-2026-004292,PO-2025-004292,2025-01-17,2025-03-18,60,50205.59,41980.55,41980.55,AED,AED,BANK-53972563,False,normal,11431.3,0
TXN-0000092,SUP-0084,Professional Services,INV-213-2026-000092,PO-2025-000092,2025-01-18,2025-02-09,30,70473.38,54145.41,54145.41,USD,USD,BANK-22950775,False,normal,54145.41,0
TXN-0000668,SUP-0146,Professional Services,INV-115-2026-000668,PO-2025-000668,2025-01-18,2025-02-26,45,7480.29,6429.33,6429.33,USD,USD,BANK-76449297,False,normal,6429.33,0
TXN-0000692,SUP-0031,Facilities,INV-931-2026-000692,PO-2025-000692,2025-01-18,2025-03-03,45,11838.44,11673.17,11673.17,EUR,EUR,BANK-36891816,False,normal,12723.76,0
TXN-0000734,SUP-0071,Aircraft Components,INV-316-2026-000734,PO-2025-000734,2025-01-18,2025-03-08,60,62979.89,57235.74,57235.74,USD,USD,BANK-74793410,False,normal,57235.74,0
TXN-0000832,SUP-0095,Maintenance,INV-590-2026-000832,PO-2025-000832,2025-01-18,2025-03-04,45,3678.81,3129.35,3129.35,USD,USD,BANK-36688168,False,normal,3129.35,0
TXN-0000997,SUP-0047,Information Technology,INV-320-2026-000997,PO-2026-000997,2025-01-18,2025-03-24,60,11968.15,9515.32,9515.32,USD,USD,BANK-79481118,False,normal,9515.32,0
TXN-0001760,SUP-0134,Information Technology,INV-350-2026-001760,PO-2025-001760,2025-01-18,2025-02-15,30,6530.58,5007.28,5007.28,USD,USD,BANK-67057759,False,normal,5007.28,0
TXN-0001955,SUP-0058,Maintenance,INV-135-2026-001955,PO-2026-001955,2025-01-18,2025-03-13,45,12054.73,9451.55,9451.55,AED,AED,BANK-94313182,False,normal,2573.66,0
TXN-0004448,SUP-0133,Facilities,INV-757-2026-004448,PO-2025-004448,2025-01-18,2025-03-10,45,3750.28,2940.9,2940.9,AED,AED,BANK-23338758,False,normal,800.81,0
TXN-0000897,SUP-0056,Aircraft Components,INV-774-2026-000897,PO-2026-000897,2025-01-19,2025-03-13,45,883.49,696.03,696.03,EUR,EUR,BANK-33621446,False,normal,758.67,0
TXN-0000975,SUP-0127,Aircraft Components,INV-537-2026-000975,PO-2026-000975,2025-01-19,2025-03-13,45,8572.23,6929.55,6929.55,USD,USD,BANK-96425599,False,normal,6929.55,0
TXN-0000983,SUP-0125,Ground Services,INV-356-2026-000983,PO-2026-000983,2025-01-19,2025-03-15,45,8436.26,6741.98,6741.98,USD,USD,BANK-56892046,False,normal,6741.98,0
TXN-0001445,SUP-0015,Maintenance,INV-307-2026-001445,PO-2026-001445,2025-01-19,2025-03-16,60,11006.81,8922.39,8922.39,USD,USD,BANK-82742631,False,normal,8922.39,0
TXN-0001558,SUP-0120,Facilities,INV-659-2026-001558,PO-2025-001558,2025-01-19,2025-03-19,60,3254.86,2567.71,2567.71,AED,AED,BANK-53972563,False,normal,699.19,0
TXN-0002300,SUP-0019,Ground Services,INV-128-2026-002300,PO-2025-002300,2025-01-19,2025-03-23,60,23800.95,21007.21,21007.21,EUR,EUR,BANK-67134797,False,normal,22897.86,0
TXN-0002570,SUP-0077,Ground Services,INV-742-2026-002570,PO-2025-002570,2025-01-19,2025-04-30,90,36135.71,26313.05,26313.05,USD,USD,BANK-99822506,False,normal,26313.05,0
TXN-0002715,SUP-0148,Maintenance,INV-374-2026-002715,PO-2026-002715,2025-01-19,2025-03-16,60,15884.0,12589.29,12589.29,AED,AED,BANK-48887190,False,normal,3428.06,0
TXN-0004099,SUP-0094,Professional Services,INV-997-2026-004099,PO-2026-004099,2025-01-19,2025-02-25,30,31939.98,24630.45,24630.45,USD,USD,BANK-20964925,False,normal,24630.45,0
TXN-0004160,SUP-0065,Facilities,INV-273-2026-004160,PO-2025-004160,2025-01-19,2025-02-04,30,3546.08,3279.41,3279.41,AED,AED,BANK-90272029,False,normal,892.98,0
TXN-0004256,SUP-0074,Ground Services,INV-765-2026-004256,PO-2025-004256,2025-01-19,2025-02-16,30,4609.94,4237.98,4237.98,USD,USD,BANK-27679119,False,normal,4237.98,0
TXN-0004374,SUP-0084,Professional Services,INV-973-2026-003451,PO-2026-003451,2025-01-19,2025-02-18,30,1591.67,1300.91,1300.91,USD,USD,BANK-22950775,False,exact_duplicate,1300.91,1
TXN-0005578,SUP-0011,Ground Services,INV-439-2026-005578,PO-2025-005578,2025-01-19,2025-02-27,30,60594.27,53062.22,53062.22,USD,USD,BANK-43383005,False,normal,53062.22,0
TXN-0000067,SUP-0133,Maintenance,INV-504-2026-000067,PO-2026-000067,2025-01-20,2025-02-15,30,9582.66,8944.39,8944.39,AED,AED,BANK-23338758,False,normal,2435.56,0
TXN-0000102,SUP-0016,Ground Services,INV-407-2026-000102,PO-2025-000102,2025-01-20,2025-03-31,60,1834.56,1571.11,1571.11,USD,USD,BANK-96689067,False,normal,1571.11,0
TXN-0000132,SUP-0043,Aircraft Components,INV-226-2026-000132,PO-2025-000132,2025-01-20,2025-02-25,30,40603.75,35252.33,35252.33,AED,AED,BANK-56697251,False,normal,9599.21,0
TXN-0000494,SUP-0091,Ground Services,INV-767-2026-000494,PO-2025-000494,2025-01-20,2025-04-19,90,37298.16,31470.04,31470.04,USD,USD,BANK-11616527,False,normal,31470.04,0
TXN-0001074,SUP-0137,Professional Services,INV-354-2026-001074,PO-2025-001074,2025-01-20,2025-02-14,30,5032.3,4276.13,4276.13,GBP,GBP,BANK-75099036,False,normal,5430.69,0
TXN-0001629,SUP-0119,Aircraft Components,INV-375-2026-001629,PO-2026-001629,2025-01-20,2025-03-11,45,17866.79,16015.17,16015.17,USD,USD,BANK-21899503,False,normal,16015.17,0
TXN-0002414,SUP-0033,Ground Services,INV-708-2026-002414,PO-2025-002414,2025-01-20,2025-02-20,30,69763.39,61121.53,102779.87,USD,USD,BANK-97243596,False,overpayment,102779.87,1
TXN-0002606,SUP-0063,Aircraft Components,INV-595-2026-002606,PO-2025-002606,2025-01-20,2025-02-20,30,2401.05,1887.6,1887.6,AED,AED,BANK-16087857,False,normal,513.99,0
TXN-0002722,SUP-0131,Maintenance,INV-986-2026-002722,PO-2025-002722,2025-01-20,2025-02-13,30,3083.08,2699.68,2699.68,USD,USD,BANK-63724249,False,normal,2699.68,0
TXN-0002813,SUP-0087,Ground Services,INV-121-2026-002813,PO-2026-002813,2025-01-20,2025-02-17,30,3741.42,3262.94,3262.94,AED,AED,BANK-25685067,False,normal,888.5,0
TXN-0002908,SUP-0031,Information Technology,INV-129-2026-002908,PO-2025-002908,2025-01-20,2025-03-20,60,15572.62,12515.87,12515.87,EUR,USD,BANK-36891816,False,currency_mismatch,12515.87,1
TXN-0002960,SUP-0127,Aircraft Components,INV-119-2026-002644,PO-2025-002644,2025-01-20,2025-02-19,30,5722.61,4553.25,4553.25,USD,USD,BANK-96425599,False,exact_duplicate,4553.25,1
TXN-0003606,SUP-0007,Maintenance,INV-401-2026-003606,PO-2025-003606,2025-01-20,2025-04-26,90,20343.31,17221.79,17221.79,EUR,EUR,BANK-31280989,False,normal,18771.75,0
TXN-0004178,SUP-0061,Aircraft Components,INV-741-2026-004178,PO-2025-004178,2025-01-20,2025-02-22,30,32520.7,31227.35,31227.35,AED,AED,BANK-12871994,False,normal,8503.21,0
TXN-0004799,SUP-0159,Aircraft Components,INV-426-2026-004799,PO-2026-004799,2025-01-20,2025-03-30,60,2948.49,2171.66,2171.66,AED,AED,BANK-81713537,False,normal,591.34,0
TXN-0005026,SUP-0128,Facilities,INV-860-2026-005026,PO-2025-005026,2025-01-20,2025-02-24,30,4305.25,3333.1,3333.1,USD,USD,BANK-93232757,False,normal,3333.1,0
TXN-0005049,SUP-0015,Maintenance,INV-131-2026-005049,PO-2026-005049,2025-01-20,2025-03-07,45,25347.14,21702.62,21702.62,USD,USD,BANK-82742631,False,normal,21702.62,0
TXN-0005386,SUP-0076,Ground Services,INV-565-2026-005386,PO-2025-005386,2025-01-20,2025-03-08,45,9287.25,8249.14,8249.14,USD,USD,BANK-37929130,False,normal,8249.14,0
TXN-0000031,SUP-0142,Professional Services,INV-805-2026-000031,PO-2026-000031,2025-01-21,2025-02-17,30,51067.31,48491.45,48491.45,AED,AED,BANK-96960871,False,normal,13204.22,0
TXN-0000057,SUP-0032,Facilities,INV-519-2026-000057,PO-2026-000057,2025-01-21,2025-03-01,45,14703.47,13219.78,13219.78,GBP,GBP,BANK-49158734,False,normal,16789.12,0
TXN-0000130,SUP-0103,Facilities,INV-390-2026-000130,PO-2025-000130,2025-01-21,2025-03-07,60,3291.72,2907.16,2907.16,USD,USD,BANK-87788293,False,normal,2907.16,0
TXN-0000191,SUP-0093,Aircraft Components,INV-247-2026-000191,PO-2026-000191,2025-01-21,2025-03-06,45,5087.45,3972.23,3972.23,USD,USD,BANK-97237891,False,normal,3972.23,0
TXN-0000719,SUP-0105,Aircraft Components,INV-600-2026-000719,PO-2026-000719,2025-01-21,2025-02-11,30,12762.12,11016.99,11016.99,EUR,EUR,BANK-12259119,False,normal,12008.52,0
TXN-0001483,SUP-0135,Ground Services,INV-957-2026-001483,PO-2026-001483,2025-01-21,2025-03-15,45,34979.86,27228.23,27228.23,AED,AED,BANK-85671420,False,normal,7414.25,0
TXN-0001769,SUP-0048,Information Technology,INV-496-2026-001769,PO-2026-001769,2025-01-21,2025-03-05,45,8676.08,7727.87,7727.87,USD,AED,BANK-40202528,False,currency_mismatch,2104.3,1
TXN-0001805,SUP-0064,Aircraft Components,INV-842-2026-001805,PO-2026-001805,2025-01-21,2025-03-16,60,10578.56,8299.33,8299.33,EUR,EUR,BANK-84800139,False,normal,9046.27,0
TXN-0002205,SUP-0117,Aircraft Components,INV-864-2026-002205,PO-2026-002205,2025-01-21,2025-03-04,30,83042.11,74165.88,74165.88,EUR,EUR,BANK-97580845,False,normal,80840.81,0
TXN-0002238,SUP-0061,Maintenance,INV-183-2026-002238,PO-2025-002238,2025-01-21,2025-02-07,30,996.13,989.64,989.64,AED,AED,BANK-12871994,False,normal,269.48,0
TXN-0002331,SUP-0108,Ground Services,INV-973-2026-002331,PO-2026-002331,2025-01-21,2025-03-25,60,4649.34,4163.36,4163.36,USD,USD,BANK-76508559,False,normal,4163.36,0
TXN-0003127,SUP-0098,Facilities,INV-583-2026-003127,PO-2026-003127,2025-01-21,2025-04-13,90,11423.56,8817.27,8817.27,USD,USD,BANK-72483618,False,normal,8817.27,0
TXN-0003147,SUP-0006,Professional Services,INV-782-2026-003147,PO-2026-003147,2025-01-21,2025-05-11,90,2296.17,2035.56,2035.56,GBP,GBP,BANK-30719258,False,normal,2585.16,0
TXN-0003212,SUP-0066,Facilities,INV-756-2026-003212,PO-2025-003212,2025-01-21,2025-02-25,30,37298.9,34375.11,34375.11,AED,AED,BANK-23795588,False,normal,9360.34,0
TXN-0003391,SUP-0112,Ground Services,INV-884-2026-003391,PO-2026-003391,2025-01-21,2025-04-01,60,9181.58,8706.84,8706.84,USD,USD,BANK-21137842,False,normal,8706.84,0
TXN-0003735,SUP-0018,Maintenance,INV-412-2026-003735,PO-2026-003735,2025-01-21,2025-02-25,45,1176.04,886.94,886.94,USD,USD,BANK-95760944,False,normal,886.94,0
TXN-0004341,SUP-0032,Aircraft Components,INV-986-2026-004341,PO-2026-004341,2025-01-21,2025-03-01,45,10369.12,8944.32,8944.32,GBP,GBP,BANK-49158734,False,normal,11359.29,0
TXN-0004615,SUP-0089,Aircraft Components,INV-394-2026-004615,PO-2026-004615,2025-01-21,2025-03-17,60,59363.62,59126.37,59126.37,USD,USD,BANK-35136775,False,normal,59126.37,0
TXN-0004733,SUP-0009,Aircraft Components,INV-640-2026-004733,PO-2026-004733,2025-01-21,2025-03-24,60,1073.81,829.4,829.4,USD,USD,BANK-59936721,False,normal,829.4,0
TXN-0000154,SUP-0152,Aircraft Components,INV-570-2026-000154,PO-2025-000154,2025-01-22,2025-03-07,45,9062.93,7468.16,7468.16,EUR,EUR,BANK-86228158,False,normal,8140.29,0
TXN-0000461,SUP-0156,Ground Services,INV-118-2026-000461,PO-2026-000461,2025-01-22,2025-02-18,30,11222.31,9820.17,9820.17,AED,AED,BANK-35913857,False,normal,2674.03,0
TXN-0000703,SUP-0091,Maintenance,INV-369-2026-000703,PO-2026-000703,2025-01-22,2025-02-22,30,1908.83,1819.77,1819.77,USD,USD,BANK-11616527,False,normal,1819.77,0
TXN-0001453,SUP-0154,Information Technology,INV-966-2026-001453,PO-2026-001453,2025-01-22,2025-02-26,30,17851.86,15662.18,15662.18,AED,AED,BANK-69720522,False,normal,4264.81,0
TXN-0002492,SUP-0144,Professional Services,INV-515-2026-002492,PO-2025-002492,2025-01-22,2025-03-04,30,3671.64,3446.07,3446.07,AED,AED,BANK-63643829,False,normal,938.36,0
TXN-0003215,SUP-0025,Information Technology,INV-112-2026-003215,PO-2026-003215,2025-01-22,2025-02-21,30,10467.01,9088.91,9088.91,EUR,EUR,BANK-99224451,False,normal,9906.91,0
TXN-0004705,SUP-0118,Maintenance,INV-280-2026-004705,PO-2026-004705,2025-01-22,2025-02-23,30,3923.17,3162.96,3162.96,AED,AED,BANK-37085381,False,normal,861.27,0
TXN-0005189,SUP-0080,Facilities,INV-463-2026-005189,PO-2026-005189,2025-01-22,2025-02-17,30,9173.34,7938.63,7938.63,EUR,EUR,BANK-97464377,False,normal,8653.11,0
TXN-0005420,SUP-0024,Professional Services,INV-831-2026-005420,PO-2025-005420,2025-01-22,2025-02-14,30,3055.8,2303.19,2303.19,EUR,EUR,BANK-33036857,False,normal,2510.48,0
TXN-0000977,SUP-0008,Maintenance,INV-921-2026-000977,PO-2026-000977,2025-01-23,2025-03-03,30,14493.62,14475.58,14475.58,EUR,EUR,BANK-22713593,False,normal,15778.38,0
TXN-0002562,SUP-0122,Information Technology,INV-304-2026-002562,PO-2025-002562,2025-01-23,2025-03-29,60,5487.9,4834.63,4834.63,AED,AED,BANK-69657778,False,normal,1316.47,0
TXN-0003983,SUP-0143,Ground Services,INV-972-2026-003983,PO-2026-003983,2025-01-23,2025-03-24,60,20262.53,18853.91,18853.91,GBP,GBP,BANK-24937333,False,normal,23944.47,0
TXN-0004378,SUP-0115,Aircraft Components,INV-945-2026-004378,PO-2025-004378,2025-01-23,2025-02-12,30,4570.29,3629.36,3629.36,USD,USD,BANK-17278259,False,normal,3629.36,0
TXN-0004718,SUP-0107,Facilities,INV-750-2026-004718,PO-2025-004718,2025-01-23,2025-02-15,30,22876.78,20794.9,20794.9,USD,USD,BANK-17594929,False,normal,20794.9,0
TXN-0004951,SUP-0065,Aircraft Components,INV-498-2026-004951,PO-2026-004951,2025-01-23,2025-03-03,30,10087.26,9855.29,9855.29,AED,AED,BANK-90272029,False,normal,2683.6,0
TXN-0005423,SUP-0128,Maintenance,INV-752-2026-005423,PO-2026-005423,2025-01-23,2025-02-12,30,6907.58,6278.72,6278.72,USD,USD,BANK-93232757,False,normal,6278.72,0
TXN-0000794,SUP-0139,Aircraft Components,INV-236-2026-000794,PO-2025-000794,2025-01-24,2025-02-21,30,9466.49,8474.38,8474.38,EUR,EUR,BANK-77394363,False,normal,9237.07,0
TXN-0002456,SUP-0150,Maintenance,INV-156-2026-002456,PO-2025-002456,2025-01-24,2025-03-03,45,7962.08,7950.33,7950.33,USD,USD,BANK-67087104,False,normal,7950.33,0
TXN-0002740,SUP-0124,Professional Services,INV-528-2026-002740,PO-2025-002740,2025-01-24,2025-03-13,30,16196.2,13540.17,13540.17,USD,USD,BANK-96006092,False,normal,13540.17,0
TXN-0003020,SUP-0143,Maintenance,INV-737-2026-003020,PO-2025-003020,2025-01-24,2025-02-24,30,4932.14,4793.24,4793.24,GBP,GBP,BANK-24937333,False,normal,6087.41,0
TXN-0003403,SUP-0023,Ground Services,INV-241-2026-003403,PO-2026-003403,2025-01-24,2025-02-12,30,4161.78,3586.23,3586.23,GBP,GBP,BANK-91497896,False,normal,4554.51,0
TXN-0004215,SUP-0143,Ground Services,INV-609-2026-004215,PO-2026-004215,2025-01-24,2025-03-21,60,4133.63,3575.48,3575.48,GBP,GBP,BANK-24937333,False,normal,4540.86,0
TXN-0004904,SUP-0140,Maintenance,INV-861-2026-004904,PO-2025-004904,2025-01-24,2025-03-18,60,5592.06,4087.54,4087.54,USD,USD,BANK-47720288,False,normal,4087.54,0
TXN-0005370,SUP-0095,Maintenance,INV-768-2026-005370,PO-2025-005370,2025-01-24,2025-03-07,45,4459.24,4022.98,4022.98,USD,USD,BANK-36688168,False,normal,4022.98,0
TXN-0005535,SUP-0042,Ground Services,INV-713-2026-005535,PO-2026-005535,2025-01-24,2025-04-11,60,76712.01,70463.93,70463.93,EUR,EUR,BANK-20438281,False,normal,76805.68,0
TXN-0001069,SUP-0074,Professional Services,INV-379-2026-001069,PO-2026-001069,2025-01-25,2025-02-26,30,2801.84,2346.89,2346.89,USD,USD,BANK-27679119,False,normal,2346.89,0
TXN-0001266,SUP-0143,Ground Services,INV-772-2026-001266,PO-2025-001266,2025-01-25,2025-03-02,30,8334.82,6931.39,6931.39,GBP,GBP,BANK-24937333,False,normal,8802.87,0
TXN-0002302,SUP-0010,Aircraft Components,INV-742-2026-002302,PO-2025-002302,2025-01-25,2025-03-23,60,20052.3,15691.72,15691.72,USD,USD,BANK-59212295,False,normal,15691.72,0
TXN-0002994,SUP-0125,Maintenance,INV-946-2026-002994,PO-2025-002994,2025-01-25,2025-03-27,60,5363.54,4771.88,4771.88,USD,USD,BANK-56892046,False,normal,4771.88,0
TXN-0003084,SUP-0040,Aircraft Components,INV-828-2026-003084,PO-2025-003084,2025-01-25,2025-03-22,60,2016.52,1817.63,1817.63,AED,AED,BANK-30107614,False,normal,494.94,0
TXN-0003153,SUP-0014,Professional Services,INV-362-2026-003153,PO-2026-003153,2025-01-25,2025-02-10,30,10226.91,9449.84,9449.84,EUR,EUR,BANK-51403053,False,normal,10300.33,0
TXN-0003945,SUP-0148,Aircraft Components,INV-846-2026-003945,PO-2026-003945,2025-01-25,2025-03-08,45,11032.68,9011.37,9011.37,AED,AED,BANK-48887190,False,normal,2453.8,0
TXN-0004243,SUP-0018,Professional Services,INV-894-2026-004243,PO-2026-004243,2025-01-25,2025-04-30,90,24323.75,20928.32,20928.32,USD,USD,BANK-95760944,False,normal,20928.32,0
TXN-0004375,SUP-0010,Information Technology,INV-439-2026-004375,PO-2026-004375,2025-01-25,2025-02-07,30,1720.57,1559.32,1559.32,USD,USD,BANK-59212295,False,normal,1559.32,0
TXN-0000367,SUP-0155,Ground Services,INV-758-2026-000367,PO-2026-000367,2025-01-26,2025-04-27,90,8551.18,7614.48,7614.48,USD,USD,BANK-19822959,False,normal,7614.48,0
TXN-0000488,SUP-0076,Aircraft Components,INV-986-2026-000488,PO-2025-000488,2025-01-26,2025-03-11,45,27783.36,20834.46,20834.46,USD,USD,BANK-37929130,False,normal,20834.46,0
TXN-0001035,SUP-0139,Aircraft Components,INV-315-2026-001035,PO-2026-001035,2025-01-26,2025-04-27,90,20168.29,20154.32,20154.32,EUR,EUR,BANK-77394363,False,normal,21968.21,0
TXN-0001270,SUP-0052,Professional Services,INV-350-2026-001270,PO-2025-001270,2025-01-26,2025-03-16,45,33775.71,30531.99,30531.99,USD,USD,BANK-89766631,False,normal,30531.99,0
TXN-0001375,SUP-0119,Aircraft Components,INV-985-2026-001375,PO-2026-001375,2025-01-26,2025-02-18,30,9527.11,7745.94,7745.94,USD,USD,BANK-21899503,False,normal,7745.94,0
TXN-0001378,SUP-0060,Aircraft Components,INV-510-2026-001378,PO-2025-001378,2025-01-26,2025-02-12,30,7671.73,6905.03,6905.03,USD,USD,BANK-31687351,False,normal,6905.03,0
TXN-0002015,SUP-0112,Ground Services,INV-350-2026-002015,PO-2026-002015,2025-01-26,2025-03-11,45,4824.47,3769.58,3769.58,USD,USD,BANK-21137842,False,normal,3769.58,0
TXN-0002030,SUP-0132,Information Technology,INV-644-2026-002030,PO-2025-002030,2025-01-26,2025-02-27,30,4011.48,3405.05,3405.05,GBP,GBP,BANK-59967823,False,normal,4324.41,0
TXN-0002366,SUP-0063,Professional Services,INV-932-2026-002366,PO-2025-002366,2025-01-26,2025-04-18,90,23962.33,17882.73,17882.73,AED,AED,BANK-16087857,False,normal,4869.47,0
TXN-0003208,SUP-0053,Aircraft Components,INV-900-2026-003208,PO-2025-003208,2025-01-26,2025-03-01,30,7486.32,5999.28,5999.28,EUR,EUR,BANK-76295561,False,normal,6539.22,0
TXN-0003272,SUP-0088,Information Technology,INV-559-2026-003272,PO-2025-003272,2025-01-26,2025-02-28,30,59658.41,52851.84,52851.84,AED,AED,BANK-30669042,False,normal,14391.56,0
TXN-0003612,SUP-0024,Maintenance,INV-919-2026-003612,PO-2025-003612,2025-01-26,2025-04-01,60,26297.99,22152.43,22152.43,EUR,EUR,BANK-33036857,False,normal,24146.15,0
TXN-0004835,SUP-0051,Facilities,INV-468-2026-004835,PO-2026-004835,2025-01-26,2025-03-25,60,10037.0,8076.44,8076.44,USD,USD,BANK-43629195,False,normal,8076.44,0
TXN-0005337,SUP-0140,Information Technology,INV-481-2026-005337,PO-2026-005337,2025-01-26,2025-02-25,45,9504.68,8663.62,8663.62,USD,USD,BANK-47720288,False,normal,8663.62,0
TXN-0005399,SUP-0021,Maintenance,INV-970-2026-005399,PO-2026-005399,2025-01-26,2025-02-21,30,27122.02,22021.75,22021.75,EUR,EUR,BANK-65967398,False,normal,24003.71,0
TXN-0000469,SUP-0126,Facilities,INV-384-2026-000469,PO-2026-000469,2025-01-27,2025-05-10,90,13589.73,12437.89,12437.89,AED,AED,BANK-35780160,False,normal,3386.84,0
TXN-0001004,SUP-0082,Maintenance,INV-994-2026-001004,PO-2025-001004,2025-01-27,2025-03-24,45,34593.34,32463.08,32463.08,USD,USD,BANK-55066706,False,normal,32463.08,0
TXN-0001025,SUP-0054,Facilities,INV-288-2026-001025,PO-2026-001025,2025-01-27,2025-03-08,30,7430.77,7115.74,7115.74,AED,AED,BANK-77211064,False,normal,1937.62,0
TXN-0001164,SUP-0134,Aircraft Components,INV-784-2026-001164,PO-2025-001164,2025-01-27,2025-04-02,60,3617.85,3388.99,3388.99,USD,USD,BANK-67057759,False,normal,3388.99,0
TXN-0002161,SUP-0091,Aircraft Components,INV-449-2026-002161,PO-2026-002161,2025-01-27,2025-02-18,30,25824.69,19922.5,19922.5,USD,USD,BANK-11616527,False,normal,19922.5,0
TXN-0002316,SUP-0072,Professional Services,INV-124-2026-002316,PO-2025-002316,2025-01-27,2025-02-24,45,18347.03,14687.85,14687.85,USD,USD,BANK-88710582,False,normal,14687.85,0
TXN-0002559,SUP-0156,Ground Services,INV11820260004A61,PO-2026-000461,2025-01-27,2025-02-26,30,11222.31,9820.17,9820.17,AED,AED,BANK-35913857,False,near_duplicate,2674.03,1
TXN-0002961,SUP-0052,Aircraft Components,INV-300-2026-002961,PO-2026-002961,2025-01-27,2025-04-11,90,16914.42,13536.59,13536.59,USD,USD,BANK-89766631,False,normal,13536.59,0
TXN-0003082,SUP-0025,Maintenance,INV-730-2026-003082,PO-2025-003082,2025-01-27,2025-03-20,45,17741.42,15849.08,15849.08,EUR,USD,BANK-99224451,False,currency_mismatch,15849.08,1
TXN-0005010,SUP-0030,Ground Services,INV-693-2026-005010,PO-2025-005010,2025-01-27,2025-03-18,45,4583.99,4393.99,4393.99,AED,AED,BANK-14041955,False,normal,1196.48,0
TXN-0005252,SUP-0149,Maintenance,INV-441-2026-005252,PO-2025-005252,2025-01-27,2025-03-16,45,19718.96,14840.66,14840.66,USD,USD,BANK-52064343,False,normal,14840.66,0
TXN-0005261,SUP-0070,Professional Services,INV-606-2026-005261,PO-2026-005261,2025-01-27,2025-02-26,30,2539.12,2075.61,2075.61,USD,USD,BANK-63944450,False,normal,2075.61,0
TXN-0001281,SUP-0081,Aircraft Components,INV-650-2026-001281,PO-2026-001281,2025-01-28,2025-03-04,30,2818.51,2387.69,2387.69,AED,AED,BANK-54937628,False,normal,650.17,0
TXN-0001372,SUP-0094,Professional Services,INV-602-2026-001372,PO-2025-001372,2025-01-28,2025-03-04,30,23536.85,17361.6,17361.6,USD,USD,BANK-20964925,False,normal,17361.6,0
TXN-0001944,SUP-0044,Aircraft Components,INV-185-2026-001944,PO-2025-001944,2025-01-28,2025-03-25,60,6536.48,5447.02,5447.02,USD,USD,BANK-52259076,False,normal,5447.02,0
TXN-0002097,SUP-0047,Ground Services,INV-308-2026-002097,PO-2026-002097,2025-01-28,2025-02-28,30,11843.6,10574.03,10574.03,USD,USD,BANK-79481118,False,normal,10574.03,0
TXN-0002285,SUP-0106,Information Technology,INV-415-2026-002285,PO-2026-002285,2025-01-28,2025-02-25,30,12184.09,9219.24,9219.24,AED,AED,BANK-74386640,False,normal,2510.4,0
TXN-0003113,SUP-0046,Information Technology,INV-277-2026-003113,PO-2026-003113,2025-01-28,2025-03-05,30,9359.18,7078.42,7078.42,EUR,EUR,BANK-11990275,False,normal,7715.48,0
TXN-0003559,SUP-0067,Maintenance,INV-297-2026-003559,PO-2026-003559,2025-01-28,2025-02-26,30,2996.52,2551.8,2551.8,AED,AED,BANK-77206550,False,normal,694.86,0
TXN-0003678,SUP-0033,Maintenance,INV-167-2026-003678,PO-2025-003678,2025-01-28,2025-03-05,45,20577.64,18351.94,18351.94,USD,USD,BANK-97243596,False,normal,18351.94,0
TXN-0004450,SUP-0095,Aircraft Components,INV-162-2026-004450,PO-2025-004450,2025-01-28,2025-04-10,60,7443.48,5931.44,5931.44,USD,USD,BANK-36688168,False,normal,5931.44,0
TXN-0004467,SUP-0126,Ground Services,INV-480-2026-004467,PO-2026-004467,2025-01-28,2025-05-05,90,9026.65,8266.93,8266.93,AED,AED,BANK-35780160,False,normal,2251.09,0
TXN-0004845,SUP-0091,Ground Services,INV-946-2026-004845,PO-2026-004845,2025-01-28,2025-02-26,30,13935.68,13929.13,13929.13,USD,USD,BANK-11616527,False,normal,13929.13,0
TXN-0005226,SUP-0151,Maintenance,INV-672-2026-005226,PO-2025-005226,2025-01-28,2025-03-22,45,9177.5,6654.23,6654.23,EUR,EUR,BANK-80628709,False,normal,7253.11,0
TXN-0000608,SUP-0063,Aircraft Components,INV-326-2026-000608,PO-2025-000608,2025-01-29,2025-02-15,30,11757.03,9241.69,9241.69,AED,USD,BANK-16087857,False,currency_mismatch,9241.69,1
TXN-0001001,SUP-0027,Information Technology,INV-902-2026-001001,PO-2026-001001,2025-01-29,2025-03-09,45,10052.61,7690.44,7690.44,AED,AED,BANK-26263179,False,normal,2094.11,0
TXN-0001539,SUP-0012,Professional Services,INV-488-2026-001539,PO-2026-001539,2025-01-29,2025-03-16,60,16468.04,14626.83,14626.83,GBP,GBP,BANK-37895989,False,normal,18576.07,0
TXN-0001864,SUP-0081,Aircraft Components,INV-994-2026-001864,PO-2025-001864,2025-01-29,2025-02-20,30,5398.47,3979.5,3979.5,AED,AED,BANK-54937628,False,normal,1083.62,0
TXN-0003718,SUP-0021,Ground Services,INV-253-2026-003718,PO-2025-003718,2025-01-29,2025-02-25,30,10266.86,10220.57,10220.57,EUR,EUR,BANK-65967398,False,normal,11140.42,0
TXN-0004908,SUP-0132,Ground Services,INV-361-2026-004908,PO-2025-004908,2025-01-29,2025-03-19,45,45148.87,39850.04,39850.04,GBP,GBP,BANK-59967823,False,normal,50609.55,0
TXN-0005416,SUP-0025,Information Technology,INV-648-2026-005416,PO-2025-005416,2025-01-29,2025-04-01,60,4741.92,3873.58,3873.58,EUR,EUR,BANK-99224451,False,normal,4222.2,0
TXN-0001396,SUP-0043,Maintenance,INV-350-2026-001396,PO-2025-001396,2025-01-30,2025-04-17,90,3146.68,2444.8,2444.8,AED,AED,BANK-56697251,False,normal,665.72,0
TXN-0001556,SUP-0143,Maintenance,INV-598-2026-001556,PO-2025-001556,2025-01-30,2025-02-28,45,13181.63,11635.53,11635.53,GBP,GBP,BANK-24937333,False,normal,14777.12,0
TXN-0002229,SUP-0082,Professional Services,INV-531-2026-002229,PO-2026-002229,2025-01-30,2025-03-21,30,24626.53,22913.74,22913.74,USD,USD,BANK-55066706,False,normal,22913.74,0
TXN-0002342,SUP-0151,Professional Services,INV-916-2026-002342,PO-2025-002342,2025-01-30,2025-03-31,60,7385.94,6970.74,6970.74,EUR,EUR,BANK-80628709,False,normal,7598.11,0
TXN-0003461,SUP-0004,Professional Services,INV-346-2026-003461,PO-2026-003461,2025-01-30,2025-03-08,30,8435.87,8044.98,8044.98,AED,AED,BANK-92441065,False,normal,2190.65,0
TXN-0003508,SUP-0046,Maintenance,INV-844-2026-003508,PO-2025-003508,2025-01-30,2025-03-22,60,3365.79,4790.47,4790.47,EUR,EUR,BANK-11990275,False,invoice_above_po,5221.61,1
TXN-0003595,SUP-0145,Professional Services,INV-308-2026-003595,PO-2026-003595,2025-01-30,2025-03-07,30,12963.21,12956.21,12956.21,AED,AED,BANK-26332140,False,normal,3527.98,0
TXN-0003871,SUP-0155,Professional Services,INV-423-2026-003871,PO-2026-003871,2025-01-30,2025-03-08,30,6688.07,5221.58,5221.58,USD,USD,BANK-19822959,False,normal,5221.58,0
TXN-0004410,SUP-0065,Ground Services,INV-577-2026-004410,PO-2025-004410,2025-01-30,2025-03-24,45,15043.73,12585.23,12585.23,AED,AED,BANK-90272029,False,normal,3426.96,0
TXN-0005107,SUP-0085,Information Technology,INV-705-2026-005107,PO-2026-005107,2025-01-30,2025-02-17,30,11813.38,11183.73,11183.73,USD,USD,BANK-94093522,False,normal,11183.73,0
TXN-0005180,SUP-0075,Facilities,INV-339-2026-005180,PO-2025-005180,2025-01-30,2025-03-07,45,6742.9,5195.31,5195.31,USD,USD,BANK-35245775,False,normal,5195.31,0
TXN-0005233,SUP-0002,Information Technology,INV-216-2026-005233,PO-2026-005233,2025-01-30,2025-03-19,60,531.97,434.79,434.79,USD,USD,BANK-19696685,False,normal,434.79,0
TXN-0005539,SUP-0079,Information Technology,INV-744-2026-005539,PO-2026-005539,2025-01-30,2025-03-20,30,4111.68,4027.93,4027.93,AED,AED,BANK-38837550,False,normal,1096.81,0
TXN-0000150,SUP-0110,Ground Services,INV-433-2026-000150,PO-2025-000150,2025-01-31,2025-03-24,60,8119.19,6958.02,6958.02,EUR,EUR,BANK-21795197,False,normal,7584.24,0
TXN-0000662,SUP-0123,Aircraft Components,INV-744-2026-000662,PO-2025-000662,2025-01-31,2025-03-21,45,15060.14,11691.08,11691.08,USD,USD,BANK-38236379,False,normal,11691.08,0
TXN-0001011,SUP-0089,Professional Services,INV-689-2026-001011,PO-2026-001011,2025-01-31,2025-03-15,45,7525.35,5924.14,5924.14,USD,USD,BANK-35136775,False,normal,5924.14,0
TXN-0001840,SUP-0132,Maintenance,INV-210-2026-001840,PO-2025-001840,2025-01-31,2025-03-04,30,9754.28,9226.25,9226.25,GBP,GBP,BANK-59967823,False,normal,11717.34,0
TXN-0002013,SUP-0006,Information Technology,INV-305-2026-002013,PO-2026-002013,2025-01-31,2025-02-10,30,70313.03,69069.68,69069.68,GBP,GBP,BANK-30719258,False,normal,87718.49,0
TXN-0002321,SUP-0047,Facilities,INV-180-2026-002321,PO-2026-002321,2025-01-31,2025-03-21,45,2430.81,1764.58,1764.58,USD,USD,BANK-79481118,False,normal,1764.58,0
TXN-0002330,SUP-0016,Ground Services,INV-994-2026-002330,PO-2025-002330,2025-01-31,2025-03-25,45,3234.24,3147.57,3147.57,USD,USD,BANK-96689067,False,normal,3147.57,0
TXN-0002747,SUP-0139,Aircraft Components,INV31520260010A35,PO-2026-001035,2025-01-31,2025-05-01,90,20168.29,20154.32,20154.32,EUR,EUR,BANK-77394363,False,near_duplicate,21968.21,1
TXN-0003010,SUP-0086,Maintenance,INV-828-2026-003010,PO-2025-003010,2025-01-31,2025-03-29,45,3352.8,3133.56,3133.56,USD,USD,BANK-11254265,False,normal,3133.56,0
TXN-0003133,SUP-0070,Ground Services,INV-611-2026-003133,PO-2026-003133,2025-01-31,2025-03-29,45,9580.59,7425.91,7425.91,USD,USD,BANK-63944450,False,normal,7425.91,0
TXN-0004315,SUP-0098,Maintenance,INV-162-2026-004315,PO-2026-004315,2025-01-31,2025-04-04,60,5248.28,4487.36,4487.36,USD,USD,BANK-72483618,False,normal,4487.36,0
TXN-0005410,SUP-0128,Facilities,INV-261-2026-005410,PO-2025-005410,2025-01-31,2025-03-19,45,15227.79,14083.7,14083.7,USD,USD,BANK-93232757,False,normal,14083.7,0
TXN-0005473,SUP-0098,Facilities,INV-168-2026-005473,PO-2026-005473,2025-01-31,2025-02-18,30,16824.38,14264.47,14264.47,USD,USD,BANK-72483618,False,normal,14264.47,0
TXN-0000355,SUP-0047,Ground Services,INV-875-2026-000355,PO-2026-000355,2025-02-01,2025-02-25,30,12459.63,9511.84,9511.84,USD,USD,BANK-79481118,False,normal,9511.84,0
TXN-0002095,SUP-0062,Maintenance,INV-549-2026-002095,PO-2026-002095,2025-02-01,2025-03-10,30,16457.2,13798.29,13798.29,AED,AED,BANK-21048213,False,normal,3757.27,0
TXN-0002102,SUP-0052,Professional Services,INV-813-2026-002102,PO-2025-002102,2025-02-01,2025-04-06,60,32300.24,25376.44,25376.44,USD,USD,BANK-89766631,False,normal,25376.44,0
TXN-0002245,SUP-0154,Maintenance,INV-621-2026-002245,PO-2026-002245,2025-02-01,2025-02-28,30,16605.41,13578.48,13578.48,AED,AED,BANK-69720522,False,normal,3697.42,0
TXN-0002312,SUP-0091,Facilities,INV-153-2026-002312,PO-2025-002312,2025-02-01,2025-04-03,60,1268.81,988.3,988.3,USD,USD,BANK-11616527,False,normal,988.3,0
TXN-0002444,SUP-0105,Aircraft Components,INV-616-2026-002444,PO-2025-002444,2025-02-01,2025-03-24,60,2372.29,2300.73,2300.73,EUR,EUR,BANK-12259119,False,normal,2507.8,0
TXN-0003335,SUP-0021,Maintenance,INV-996-2026-003335,PO-2026-003335,2025-02-01,2025-04-05,60,18972.47,15576.55,15576.55,EUR,EUR,BANK-65967398,False,normal,16978.44,0
TXN-0003377,SUP-0040,Maintenance,INV-231-2026-003377,PO-2026-003377,2025-02-01,2025-03-02,30,8463.95,6511.09,6511.09,AED,AED,BANK-30107614,False,normal,1772.97,0
TXN-0003453,SUP-0116,Information Technology,INV-418-2026-003453,PO-2026-003453,2025-02-01,2025-03-02,30,7737.84,6682.7,6682.7,EUR,EUR,BANK-45782037,False,normal,7284.14,0
TXN-0005241,SUP-0084,Aircraft Components,INV-186-2026-005241,PO-2026-005241,2025-02-01,2025-03-05,30,7984.42,7140.9,7140.9,USD,USD,BANK-22950775,False,normal,7140.9,0
TXN-0005597,SUP-0038,Maintenance,INV-771-2026-005597,PO-2026-005597,2025-02-01,2025-03-24,45,7948.26,7509.81,7509.81,AED,AED,BANK-86107842,False,normal,2044.92,0
TXN-0001370,SUP-0137,Aircraft Components,INV-613-2026-001370,PO-2025-001370,2025-02-02,2025-03-07,30,15266.72,14075.65,14075.65,GBP,GBP,BANK-75099036,False,normal,17876.08,0
TXN-0002155,SUP-0039,Professional Services,INV-768-2026-002155,PO-2026-002155,2025-02-02,2025-03-04,30,2599.67,2184.84,2184.84,USD,USD,BANK-90171323,False,normal,2184.84,0
TXN-0002440,SUP-0030,Maintenance,INV-358-2026-002440,PO-2025-002440,2025-02-02,2025-03-15,30,17097.56,16473.65,16473.65,AED,AED,BANK-14041955,False,normal,4485.77,0
TXN-0003152,SUP-0080,Maintenance,INV-893-2026-003152,PO-2025-003152,2025-02-02,2025-03-19,45,8330.6,7298.61,7298.61,EUR,EUR,BANK-97464377,False,normal,7955.48,0
TXN-0003297,SUP-0017,Professional Services,INV-887-2026-003297,PO-2026-003297,2025-02-02,2025-03-18,45,18684.57,17795.16,17795.16,AED,AED,BANK-38542500,False,normal,4845.62,0
TXN-0003809,SUP-0149,Ground Services,INV-631-2026-003809,PO-2026-003809,2025-02-02,2025-04-09,60,12295.37,9079.69,9079.69,USD,USD,BANK-52064343,False,normal,9079.69,0
TXN-0004494,SUP-0098,Professional Services,INV-181-2026-004494,PO-2025-004494,2025-02-02,2025-02-03,45,2663.06,2403.33,2403.33,USD,USD,BANK-72483618,False,rapid_payment,2403.33,1
TXN-0004817,SUP-0029,Ground Services,INV-261-2026-004817,PO-2026-004817,2025-02-02,2025-03-08,30,6357.4,5833.8,5833.8,USD,USD,BANK-57984114,False,normal,5833.8,0
TXN-0000741,SUP-0018,Information Technology,INV-919-2026-000741,PO-2026-000741,2025-02-03,2025-03-28,45,150469.96,141734.78,141734.78,USD,USD,BANK-95760944,False,normal,141734.78,0
TXN-0003304,SUP-0051,Ground Services,INV-418-2026-003304,PO-2025-003304,2025-02-03,2025-04-10,45,20157.79,16421.69,16421.69,USD,USD,BANK-43629195,False,normal,16421.69,0
TXN-0003748,SUP-0043,Maintenance,INV-641-2026-003748,PO-2025-003748,2025-02-03,2025-03-02,30,14866.75,11512.56,11512.56,AED,AED,BANK-56697251,False,normal,3134.87,0
TXN-0004322,SUP-0143,Aircraft Components,INV-626-2026-004322,PO-2025-004322,2025-02-03,2025-02-21,30,4371.01,3919.05,3919.05,GBP,GBP,BANK-24937333,False,normal,4977.19,0
TXN-0004933,SUP-0090,Professional Services,INV-413-2026-004933,PO-2026-004933,2025-02-03,2025-02-17,30,2297.23,2008.94,2008.94,AED,AED,BANK-21863999,False,normal,547.03,0
TXN-0004993,SUP-0015,Information Technology,INV-311-2026-004993,PO-2026-004993,2025-02-03,2025-03-22,45,19450.24,14225.86,14225.86,USD,USD,BANK-82742631,False,normal,14225.86,0
TXN-0005176,SUP-0036,Professional Services,INV-491-2026-005176,PO-2025-005176,2025-02-03,2025-03-22,60,9036.2,8807.4,8807.4,USD,USD,BANK-90250953,False,normal,8807.4,0
TXN-0005244,SUP-0067,Facilities,INV-415-2026-005244,PO-2025-005244,2025-02-03,2025-02-17,30,5662.01,4763.34,4763.34,AED,AED,BANK-77206550,False,normal,1297.06,0
TXN-0005264,SUP-0019,Ground Services,INV-191-2026-005264,PO-2025-005264,2025-02-03,2025-03-08,45,19002.22,18588.6,18588.6,EUR,EUR,BANK-67134797,False,normal,20261.57,0
TXN-0005464,SUP-0081,Maintenance,INV-706-2026-005464,PO-2025-005464,2025-02-03,2025-04-15,60,8092.22,7188.14,7188.14,AED,AED,BANK-54937628,False,normal,1957.33,0
TXN-0000376,SUP-0149,Professional Services,INV-187-2026-000376,PO-2025-000376,2025-02-04,2025-03-26,45,23943.85,23153.53,23153.53,USD,USD,BANK-52064343,False,normal,23153.53,0
TXN-0000943,SUP-0043,Maintenance,INV-102-2026-000943,PO-2026-000943,2025-02-04,2025-03-02,30,7255.01,5312.93,5312.93,AED,AED,BANK-56697251,False,normal,1446.71,0
TXN-0001256,SUP-0119,Ground Services,INV-221-2026-001256,PO-2025-001256,2025-02-04,2025-04-02,45,25664.79,23039.82,23039.82,USD,USD,BANK-21899503,False,normal,23039.82,0
TXN-0001415,SUP-0086,Aircraft Components,INV-583-2026-001415,PO-2026-001415,2025-02-04,2025-04-07,60,6684.19,5255.51,5255.51,USD,USD,BANK-11254265,False,normal,5255.51,0
TXN-0001429,SUP-0053,Ground Services,INV-556-2026-001429,PO-2026-001429,2025-02-04,2025-03-10,30,3377.63,2769.91,2769.91,EUR,EUR,BANK-76295561,False,normal,3019.2,0
TXN-0001878,SUP-0020,Aircraft Components,INV-870-2026-001878,PO-2025-001878,2025-02-04,2025-03-21,30,77657.13,74528.76,74528.76,AED,AED,BANK-36182605,False,normal,20294.18,0
TXN-0002116,SUP-0035,Maintenance,INV-995-2026-002116,PO-2025-002116,2025-02-04,2025-04-07,60,25236.8,20485.46,20485.46,AED,AED,BANK-23638594,False,normal,5578.19,0
TXN-0002167,SUP-0159,Information Technology,INV-311-2026-002167,PO-2026-002167,2025-02-04,2025-04-12,60,1718.79,1499.86,1499.86,AED,AED,BANK-81713537,False,normal,408.41,0
TXN-0002671,SUP-0124,Aircraft Components,INV-405-2026-002671,PO-2026-002671,2025-02-04,2025-03-14,30,12168.37,10697.68,10697.68,USD,USD,BANK-96006092,False,normal,10697.68,0
TXN-0002761,SUP-0123,Information Technology,INV-397-2026-002761,PO-2026-002761,2025-02-04,2025-04-03,60,6337.0,6223.96,6223.96,USD,USD,BANK-38236379,False,normal,6223.96,0
TXN-0003172,SUP-0148,Aircraft Components,INV-328-2026-003172,PO-2025-003172,2025-02-04,2025-03-10,30,13183.48,12189.16,12189.16,AED,AED,BANK-48887190,False,normal,3319.11,0
TXN-0003896,SUP-0019,Maintenance,INV-842-2026-003896,PO-2025-003896,2025-02-04,2025-03-30,45,14012.13,10790.31,10790.31,EUR,EUR,BANK-67134797,False,normal,11761.44,0
TXN-0003970,SUP-0011,Ground Services,INV-940-2026-003970,PO-2025-003970,2025-02-04,2025-03-28,60,16939.51,13642.65,13642.65,USD,USD,BANK-43383005,False,normal,13642.65,0
TXN-0000265,SUP-0154,Ground Services,INV-385-2026-000265,PO-2026-000265,2025-02-05,2025-04-01,45,44808.76,44323.56,44323.56,AED,AED,BANK-69720522,False,normal,12069.31,0
TXN-0000806,SUP-0138,Maintenance,INV-685-2026-000806,PO-2025-000806,2025-02-05,2025-03-01,30,6396.73,5431.67,5431.67,AED,AED,BANK-22630563,False,normal,1479.04,0
TXN-0001176,SUP-0098,Ground Services,INV-835-2026-001176,PO-2025-001176,2025-02-05,2025-05-11,90,5054.29,4293.91,4293.91,USD,USD,BANK-72483618,False,normal,4293.91,0
TXN-0001555,SUP-0047,Maintenance,INV-246-2026-001555,PO-2026-001555,2025-02-05,2025-04-08,60,34909.75,26120.5,26120.5,USD,USD,BANK-79481118,False,normal,26120.5,0
TXN-0001625,SUP-0045,Professional Services,INV-963-2026-001625,PO-2026-001625,2025-02-05,2025-03-09,30,7981.27,7366.94,7366.94,EUR,EUR,BANK-38433614,False,normal,8029.96,0
TXN-0002881,SUP-0100,Information Technology,INV-416-2026-002881,PO-2026-002881,2025-02-05,2025-03-16,45,45444.65,41235.55,41235.55,GBP,GBP,BANK-62300494,False,normal,52369.15,0
TXN-0003240,SUP-0159,Aircraft Components,INV-696-2026-003240,PO-2025-003240,2025-02-05,2025-04-08,60,5978.81,4696.12,4696.12,AED,AED,BANK-81713537,False,normal,1278.75,0
TXN-0003485,SUP-0077,Information Technology,INV-364-2026-003485,PO-2026-003485,2025-02-05,2025-03-24,45,16577.33,12567.9,12567.9,USD,USD,BANK-99822506,False,normal,12567.9,0
TXN-0003778,SUP-0122,Facilities,INV-103-2026-003778,PO-2025-003778,2025-02-05,2025-03-20,45,17685.83,16335.75,16335.75,AED,AED,BANK-69657778,False,normal,4448.22,0
TXN-0003905,SUP-0029,Ground Services,INV-407-2026-003905,PO-2026-003905,2025-02-05,2025-03-23,45,10760.51,10566.11,10566.11,USD,USD,BANK-57984114,False,normal,10566.11,0
TXN-0004526,SUP-0009,Facilities,INV-373-2026-004526,PO-2025-004526,2025-02-05,2025-02-25,45,36243.45,26403.05,26403.05,USD,USD,BANK-59936721,False,normal,26403.05,0
TXN-0005084,SUP-0035,Ground Services,INV-958-2026-005084,PO-2025-005084,2025-02-05,2025-03-10,30,4328.22,3292.08,3292.08,AED,AED,BANK-23638594,False,normal,896.43,0
TXN-0005407,SUP-0021,Facilities,INV-222-2026-005407,PO-2026-005407,2025-02-05,2025-03-30,60,17112.86,12680.97,12680.97,EUR,EUR,BANK-65967398,False,normal,13822.26,0
TXN-0005466,SUP-0132,Professional Services,INV-416-2026-005466,PO-2025-005466,2025-02-05,2025-04-10,60,9938.1,8573.1,8573.1,GBP,GBP,BANK-59967823,False,normal,10887.84,0
TXN-0000056,SUP-0009,Aircraft Components,INV-442-2026-000056,PO-2025-000056,2025-02-06,2025-03-19,30,15437.54,13087.07,13087.07,USD,USD,BANK-59936721,False,normal,13087.07,0
TXN-0000444,SUP-0093,Professional Services,INV-687-2026-000444,PO-2025-000444,2025-02-06,2025-03-01,30,17347.82,15116.56,15116.56,USD,USD,BANK-97237891,False,normal,15116.56,0
TXN-0002111,SUP-0081,Aircraft Components,INV-321-2026-002111,PO-2026-002111,2025-02-06,2025-05-08,90,3781.33,3027.72,3027.72,AED,AED,BANK-54937628,False,normal,824.45,0
TXN-0003666,SUP-0085,Aircraft Components,INV-905-2026-003666,PO-2025-003666,2025-02-06,2025-04-03,60,20208.37,19517.6,19517.6,USD,USD,BANK-94093522,False,normal,19517.6,0
TXN-0004289,SUP-0044,Maintenance,INV-890-2026-004289,PO-2026-004289,2025-02-06,2025-02-26,30,3353.14,2942.65,2942.65,USD,USD,BANK-52259076,False,normal,2942.65,0
TXN-0000600,SUP-0135,Aircraft Components,INV-956-2026-000600,PO-2025-000600,2025-02-07,2025-03-02,30,10803.61,7905.76,7905.76,AED,AED,BANK-85671420,False,normal,2152.74,0
TXN-0000857,SUP-0020,Aircraft Components,INV-835-2026-000857,PO-2026-000857,2025-02-07,2025-02-27,30,10827.46,8032.58,8032.58,AED,AED,BANK-36182605,False,normal,2187.27,0
TXN-0001289,SUP-0124,Aircraft Components,INV-792-2026-001289,PO-2026-001289,2025-02-07,2025-03-05,30,9216.59,6966.66,6966.66,USD,USD,BANK-96006092,False,normal,6966.66,0
TXN-0001434,SUP-0085,Maintenance,INV-916-2026-001434,PO-2025-001434,2025-02-07,2025-03-15,30,20782.56,19013.07,19013.07,USD,USD,BANK-94093522,False,normal,19013.07,0
TXN-0001825,SUP-0045,Information Technology,INV-705-2026-001825,PO-2026-001825,2025-02-07,2025-03-28,45,12772.05,9373.4,9373.4,EUR,EUR,BANK-38433614,False,normal,10217.01,0
TXN-0002139,SUP-0148,Aircraft Components,INV-178-2026-002139,PO-2026-002139,2025-02-07,2025-04-09,45,11968.76,9129.63,9129.63,AED,AED,BANK-48887190,False,normal,2486.0,0
TXN-0002842,SUP-0034,Aircraft Components,INV-678-2026-002842,PO-2025-002842,2025-02-07,2025-02-24,30,5355.3,3989.35,3989.35,USD,USD,BANK-99313799,False,normal,3989.35,0
TXN-0003690,SUP-0056,Professional Services,INV-228-2026-003690,PO-2025-003690,2025-02-07,2025-03-18,45,8649.46,7470.54,7470.54,EUR,EUR,BANK-33621446,False,normal,8142.89,0
TXN-0004100,SUP-0098,Aircraft Components,INV-563-2026-004100,PO-2025-004100,2025-02-07,2025-03-24,45,28870.22,23733.4,23733.4,USD,USD,BANK-72483618,False,normal,23733.4,0
TXN-0004291,SUP-0054,Maintenance,INV-561-2026-004291,PO-2026-004291,2025-02-07,2025-04-08,60,67030.87,63970.13,63970.13,AED,AED,BANK-77211064,False,normal,17419.07,0
TXN-0004675,SUP-0061,Professional Services,INV-549-2026-004675,PO-2026-004675,2025-02-07,2025-05-07,90,7360.81,7063.33,7063.33,AED,AED,BANK-12871994,False,normal,1923.34,0
TXN-0000691,SUP-0051,Aircraft Components,INV-154-2026-000691,PO-2026-000691,2025-02-08,2025-04-13,60,27434.45,23656.11,23656.11,USD,USD,BANK-43629195,False,normal,23656.11,0
TXN-0001950,SUP-0091,Maintenance,INV-667-2026-001950,PO-2025-001950,2025-02-08,2025-03-15,30,2224.27,2037.96,2037.96,USD,USD,BANK-11616527,False,normal,2037.96,0
TXN-0003189,SUP-0104,Professional Services,INV-417-2026-003189,PO-2026-003189,2025-02-08,2025-03-21,60,1950.71,1850.21,1850.21,GBP,GBP,BANK-82371206,False,normal,2349.77,0
TXN-0003791,SUP-0011,Maintenance,INV-569-2026-003791,PO-2026-003791,2025-02-08,2025-03-02,30,32310.89,30230.52,30230.52,USD,USD,BANK-43383005,False,normal,30230.52,0
TXN-0003912,SUP-0042,Information Technology,INV-543-2026-003912,PO-2025-003912,2025-02-08,2025-03-21,30,15718.21,12568.7,12568.7,EUR,EUR,BANK-20438281,False,normal,13699.88,0
TXN-0003986,SUP-0141,Facilities,INV-420-2026-003986,PO-2025-003986,2025-02-08,2025-04-05,60,7042.77,5152.0,5152.0,AED,AED,BANK-10585992,False,normal,1402.89,0
TXN-0004346,SUP-0018,Maintenance,INV-903-2026-004346,PO-2025-004346,2025-02-08,2025-04-15,60,1351.53,1141.29,1141.29,USD,USD,BANK-95760944,False,normal,1141.29,0
TXN-0005056,SUP-0026,Facilities,INV-437-2026-005056,PO-2025-005056,2025-02-08,2025-03-03,30,16233.69,13720.38,13720.38,USD,USD,BANK-94243920,False,normal,13720.38,0
TXN-0000561,SUP-0039,Facilities,INV-995-2026-000561,PO-2026-000561,2025-02-09,2025-03-26,30,11316.07,9133.3,9133.3,USD,USD,BANK-90171323,False,normal,9133.3,0
TXN-0001734,SUP-0031,Aircraft Components,INV-717-2026-001734,PO-2025-001734,2025-02-09,2025-03-21,30,3189.91,3091.7,3091.7,EUR,EUR,BANK-36891816,False,normal,3369.95,0
TXN-0001874,SUP-0034,Ground Services,INV-538-2026-001874,PO-2025-001874,2025-02-09,2025-03-12,30,6320.31,5252.78,5252.78,USD,USD,BANK-99313799,False,normal,5252.78,0
TXN-0002063,SUP-0076,Aircraft Components,INV-761-2026-002063,PO-2026-002063,2025-02-09,2025-03-15,30,60069.96,56863.82,56863.82,USD,USD,BANK-37929130,False,normal,56863.82,0
TXN-0002956,SUP-0004,Professional Services,INV-185-2026-002956,PO-2025-002956,2025-02-09,2025-04-18,60,2983.49,2608.26,2608.26,AED,AED,BANK-92441065,False,normal,710.23,0
TXN-0003170,SUP-0078,Ground Services,INV-926-2026-003170,PO-2025-003170,2025-02-09,2025-03-15,30,9077.22,6686.45,6686.45,AED,AED,BANK-79966434,False,normal,1820.72,0
TXN-0003830,SUP-0045,Maintenance,INV-774-2026-003830,PO-2025-003830,2025-02-09,2025-03-30,60,10448.52,8025.29,8025.29,EUR,EUR,BANK-38433614,False,normal,8747.57,0
TXN-0004487,SUP-0134,Aircraft Components,INV-791-2026-004487,PO-2026-004487,2025-02-09,2025-03-19,45,121091.13,91671.8,91671.8,USD,USD,BANK-67057759,False,normal,91671.8,0
TXN-0004801,SUP-0046,Aircraft Components,INV-743-2026-004801,PO-2026-004801,2025-02-09,2025-03-04,30,598.42,513.21,513.21,EUR,EUR,BANK-11990275,False,normal,559.4,0
TXN-0000044,SUP-0148,Information Technology,INV-609-2026-000044,PO-2025-000044,2025-02-10,2025-04-14,60,2790.84,2579.74,2579.74,AED,AED,BANK-48887190,False,normal,702.46,0
TXN-0000185,SUP-0153,Ground Services,INV-996-2026-000185,PO-2026-000185,2025-02-10,2025-03-23,30,16767.43,16602.26,16602.26,USD,USD,BANK-11605310,False,normal,16602.26,0
TXN-0000739,SUP-0067,Facilities,INV-867-2026-000739,PO-2026-000739,2025-02-10,2025-05-18,90,6344.12,5291.38,5291.38,AED,AED,BANK-77206550,False,normal,1440.84,0
TXN-0001159,SUP-0022,Aircraft Components,INV-912-2026-001159,PO-2026-001159,2025-02-10,2025-03-24,60,32995.74,25453.88,25453.88,USD,USD,BANK-56355141,False,normal,25453.88,0
TXN-0001852,SUP-0132,Information Technology,INV-317-2026-001852,PO-2025-001852,2025-02-10,2025-03-01,30,2094.43,1688.67,1688.67,GBP,GBP,BANK-59967823,False,normal,2144.61,0
TXN-0002391,SUP-0107,Professional Services,INV-409-2026-002391,PO-2026-002391,2025-02-10,2025-04-14,60,10897.43,9833.77,9833.77,USD,USD,BANK-17594929,False,normal,9833.77,0
TXN-0002576,SUP-0050,Aircraft Components,INV-694-2026-002576,PO-2025-002576,2025-02-10,2025-04-03,60,914.97,841.45,841.45,USD,USD,BANK-46919792,False,normal,841.45,0
TXN-0002581,SUP-0133,Aircraft Components,INV-618-2026-002581,PO-2026-002581,2025-02-10,2025-03-27,45,1162.17,856.74,856.74,AED,AED,BANK-23338758,False,normal,233.29,0
TXN-0003911,SUP-0048,Ground Services,INV-233-2026-003911,PO-2026-003911,2025-02-10,2025-03-17,30,134431.07,97613.09,97613.09,USD,USD,BANK-40202528,False,normal,97613.09,0
TXN-0004061,SUP-0095,Maintenance,INV-501-2026-004061,PO-2026-004061,2025-02-10,2025-03-03,30,10278.49,10134.85,10134.85,USD,USD,BANK-36688168,False,normal,10134.85,0
TXN-0004169,SUP-0020,Ground Services,INV-253-2026-004169,PO-2026-004169,2025-02-10,2025-03-24,45,13835.5,12346.28,12346.28,AED,AED,BANK-36182605,False,normal,3361.89,0
TXN-0004265,SUP-0007,Aircraft Components,INV-611-2026-004265,PO-2026-004265,2025-02-10,2025-03-14,30,10673.15,9396.42,9396.42,EUR,EUR,BANK-31280989,False,normal,10242.1,0
TXN-0005533,SUP-0122,Aircraft Components,INV-819-2026-005533,PO-2026-005533,2025-02-10,2025-03-23,30,5771.25,4723.03,4723.03,AED,AED,BANK-69657778,False,normal,1286.08,0
TXN-0005538,SUP-0143,Maintenance,INV-676-2026-005538,PO-2025-005538,2025-02-10,2025-03-08,30,2306.9,2113.02,2113.02,GBP,GBP,BANK-24937333,False,normal,2683.54,0
TXN-0005572,SUP-0097,Ground Services,INV-586-2026-005572,PO-2025-005572,2025-02-10,2025-03-14,30,2655.56,2155.91,2155.91,USD,USD,BANK-93475211,False,normal,2155.91,0
TXN-0001708,SUP-0036,Information Technology,INV-310-2026-001708,PO-2025-001708,2025-02-11,2025-04-23,60,4510.79,3277.74,3277.74,USD,USD,BANK-90250953,False,normal,3277.74,0
TXN-0002044,SUP-0093,Maintenance,INV-461-2026-002044,PO-2025-002044,2025-02-11,2025-03-18,30,5628.19,5145.96,5145.96,USD,USD,BANK-97237891,False,normal,5145.96,0
TXN-0002184,SUP-0155,Aircraft Components,INV-724-2026-002184,PO-2025-002184,2025-02-11,2025-02-28,30,23296.54,23163.35,23163.35,USD,USD,BANK-19822959,False,normal,23163.35,0
TXN-0002232,SUP-0111,Professional Services,INV-838-2026-002232,PO-2025-002232,2025-02-11,2025-05-04,90,78224.03,66273.72,66273.72,USD,USD,BANK-49045227,False,normal,66273.72,0
TXN-0002647,SUP-0122,Information Technology,INV-104-2026-002647,PO-2026-002647,2025-02-11,2025-03-04,45,24038.05,20180.95,20180.95,AED,AED,BANK-69657778,False,normal,5495.27,0
TXN-0003444,SUP-0119,Ground Services,INV-349-2026-003444,PO-2025-003444,2025-02-11,2025-03-31,60,58835.13,55476.66,55476.66,USD,USD,BANK-21899503,False,normal,55476.66,0
TXN-0004962,SUP-0066,Ground Services,INV-479-2026-004962,PO-2025-004962,2025-02-11,2025-03-24,30,8444.67,8160.67,8160.67,AED,AED,BANK-23795588,False,normal,2222.15,0
TXN-0005160,SUP-0009,Ground Services,INV-924-2026-005160,PO-2025-005160,2025-02-11,2025-03-02,30,40318.37,35502.72,35502.72,USD,USD,BANK-59936721,False,normal,35502.72,0
TXN-0005282,SUP-0053,Aircraft Components,INV-925-2026-005282,PO-2025-005282,2025-02-11,2025-04-06,45,2583.92,1863.85,1863.85,EUR,EUR,BANK-76295561,False,normal,2031.6,0
TXN-0005564,SUP-0051,Professional Services,INV-135-2026-005564,PO-2025-005564,2025-02-11,2025-03-29,45,3858.81,3495.87,3495.87,USD,USD,BANK-43629195,False,normal,3495.87,0
TXN-0000254,SUP-0144,Information Technology,INV-568-2026-000254,PO-2025-000254,2025-02-12,2025-03-16,45,12357.45,11028.08,11028.08,AED,AED,BANK-63643829,False,normal,3002.95,0
TXN-0000666,SUP-0081,Professional Services,INV-634-2026-000666,PO-2025-000666,2025-02-12,2025-03-24,30,1775.45,1474.1,1474.1,AED,AED,BANK-54937628,False,normal,401.4,0
TXN-0000774,SUP-0129,Maintenance,INV-658-2026-000774,PO-2025-000774,2025-02-12,2025-02-23,30,16427.81,14968.01,14968.01,USD,USD,BANK-54924829,False,normal,14968.01,0
TXN-0001294,SUP-0110,Aircraft Components,INV-788-2026-001294,PO-2025-001294,2025-02-12,2025-05-11,90,6879.2,6065.52,6065.52,EUR,EUR,BANK-21795197,False,normal,6611.42,0
TXN-0002027,SUP-0155,Maintenance,INV-670-2026-002027,PO-2026-002027,2025-02-12,2025-03-29,45,4464.82,3602.67,3602.67,USD,USD,BANK-19822959,False,normal,3602.67,0
TXN-0002737,SUP-0125,Facilities,INV-201-2026-002737,PO-2026-002737,2025-02-12,2025-04-13,45,7250.32,6812.75,6812.75,USD,USD,BANK-56892046,False,normal,6812.75,0
TXN-0003029,SUP-0043,Aircraft Components,INV-279-2026-003029,PO-2026-003029,2025-02-12,2025-03-30,30,3109.56,2537.64,2537.64,AED,USD,BANK-56697251,False,currency_mismatch,2537.64,1
TXN-0003345,SUP-0144,Facilities,INV-508-2026-003345,PO-2026-003345,2025-02-12,2025-04-21,45,6335.45,5019.16,5019.16,AED,AED,BANK-63643829,False,normal,1366.72,0
TXN-0004386,SUP-0154,Facilities,INV-993-2026-004386,PO-2025-004386,2025-02-12,2025-03-16,30,24972.43,19067.9,19067.9,AED,AED,BANK-69720522,False,normal,5192.19,0
TXN-0005198,SUP-0070,Facilities,INV-501-2026-005198,PO-2025-005198,2025-02-12,2025-03-13,30,24755.79,19324.92,19324.92,USD,USD,BANK-63944450,False,normal,19324.92,0
TXN-0000263,SUP-0051,Aircraft Components,INV-325-2026-000263,PO-2026-000263,2025-02-13,2025-03-27,45,48444.52,36555.88,36555.88,USD,USD,BANK-43629195,False,normal,36555.88,0
TXN-0000497,SUP-0088,Facilities,INV-528-2026-000497,PO-2026-000497,2025-02-13,2025-04-01,45,4742.44,3435.59,3435.59,AED,AED,BANK-30669042,False,normal,935.51,0
TXN-0000529,SUP-0084,Maintenance,INV-475-2026-000529,PO-2026-000529,2025-02-13,2025-05-20,90,4178.83,3134.0,3134.0,USD,USD,BANK-22950775,False,normal,3134.0,0
TXN-0004501,SUP-0155,Information Technology,INV-762-2026-004501,PO-2026-004501,2025-02-13,2025-04-06,30,75225.88,75104.34,75104.34,USD,USD,BANK-19822959,False,normal,75104.34,0
TXN-0000289,SUP-0136,Aircraft Components,INV-482-2026-000289,PO-2026-000289,2025-02-14,2025-05-15,90,7800.91,6550.79,6550.79,USD,USD,BANK-19530766,False,normal,6550.79,0
TXN-0000386,SUP-0033,Professional Services,INV-416-2026-000386,PO-2025-000386,2025-02-14,2025-04-02,30,8153.21,6355.89,6355.89,USD,USD,BANK-97243596,False,normal,6355.89,0
TXN-0000667,SUP-0069,Professional Services,INV-907-2026-000667,PO-2026-000667,2025-02-14,2025-03-29,45,6780.16,5520.88,5520.88,USD,USD,BANK-43048809,False,normal,5520.88,0
TXN-0001302,SUP-0016,Facilities,INV-620-2026-001302,PO-2025-001302,2025-02-14,2025-03-31,30,10210.16,7550.71,7550.71,USD,USD,BANK-96689067,False,normal,7550.71,0
TXN-0001662,SUP-0150,Maintenance,INV-946-2026-001662,PO-2025-001662,2025-02-14,2025-03-31,60,3270.75,3239.03,3239.03,USD,USD,BANK-67087104,False,normal,3239.03,0
TXN-0001689,SUP-0038,Maintenance,INV-710-2026-001689,PO-2026-001689,2025-02-14,2025-03-07,30,26584.66,23640.87,23640.87,AED,AED,BANK-86107842,False,normal,6437.41,0
TXN-0001704,SUP-0094,Ground Services,INV-237-2026-001704,PO-2025-001704,2025-02-14,2025-03-20,30,10309.2,7452.38,7452.38,USD,USD,BANK-20964925,False,normal,7452.38,0
TXN-0001770,SUP-0110,Facilities,INV-624-2026-001770,PO-2025-001770,2025-02-14,2025-03-24,30,10369.97,8629.77,8629.77,EUR,EUR,BANK-21795197,False,normal,9406.45,0
TXN-0001783,SUP-0019,Aircraft Components,INV-394-2026-001783,PO-2026-001783,2025-02-14,2025-04-06,45,2092.84,1515.93,1515.93,EUR,EUR,BANK-67134797,False,normal,1652.36,0
TXN-0001854,SUP-0148,Aircraft Components,INV32820260031A72,PO-2025-003172,2025-02-14,2025-03-16,30,13183.48,12189.16,12189.16,AED,AED,BANK-48887190,False,near_duplicate,3319.11,1
TXN-0002259,SUP-0032,Ground Services,INV-324-2026-002259,PO-2026-002259,2025-02-14,2025-03-21,30,81873.33,75833.76,75833.76,GBP,GBP,BANK-49158734,False,normal,96308.88,0
TXN-0003989,SUP-0137,Aircraft Components,INV-145-2026-003989,PO-2026-003989,2025-02-14,2025-05-08,90,15697.59,11538.02,11538.02,GBP,GBP,BANK-75099036,False,normal,14653.29,0
TXN-0004103,SUP-0098,Maintenance,INV-453-2026-004103,PO-2026-004103,2025-02-14,2025-04-03,45,27177.58,19955.81,19955.81,USD,USD,BANK-72483618,False,normal,19955.81,0
TXN-0004319,SUP-0111,Facilities,INV-853-2026-004319,PO-2026-004319,2025-02-14,2025-03-03,30,1403.86,1213.6,1213.6,USD,USD,BANK-49045227,False,normal,1213.6,0
TXN-0004834,SUP-0037,Professional Services,INV-890-2026-004834,PO-2025-004834,2025-02-14,2025-05-14,90,15593.86,13185.57,13185.57,USD,USD,BANK-18183594,False,normal,13185.57,0
TXN-0004868,SUP-0076,Aircraft Components,INV-313-2026-004868,PO-2025-004868,2025-02-14,2025-04-25,60,9139.61,7223.83,7223.83,USD,USD,BANK-37929130,False,normal,7223.83,0
TXN-0000055,SUP-0114,Maintenance,INV-552-2026-000055,PO-2026-000055,2025-02-15,2025-03-19,45,2995.32,2593.5,2593.5,AED,AED,BANK-93480628,False,normal,706.21,0
TXN-0000515,SUP-0130,Ground Services,INV-657-2026-000515,PO-2026-000515,2025-02-15,2025-04-11,60,42826.51,32804.85,32804.85,AED,AED,BANK-12237354,False,normal,8932.76,0
TXN-0000903,SUP-0143,Aircraft Components,INV-220-2026-000903,PO-2026-000903,2025-02-15,2025-03-18,30,56581.23,52501.07,52501.07,GBP,GBP,BANK-24937333,False,normal,66676.36,0
TXN-0001301,SUP-0032,Professional Services,INV-889-2026-001301,PO-2026-001301,2025-02-15,2025-04-08,60,7416.45,7377.45,7377.45,GBP,GBP,BANK-49158734,False,normal,9369.36,0
TXN-0001458,SUP-0005,Information Technology,INV-673-2026-001458,PO-2025-001458,2025-02-15,2025-04-22,60,29204.95,25724.97,25724.97,USD,USD,BANK-97763977,False,normal,25724.97,0
TXN-0002254,SUP-0056,Maintenance,INV-926-2026-002254,PO-2025-002254,2025-02-15,2025-02-28,30,7780.32,7063.57,7063.57,EUR,EUR,BANK-33621446,False,normal,7699.29,0
TXN-0003550,SUP-0006,Professional Services,INV-779-2026-003550,PO-2025-003550,2025-02-15,2025-03-03,30,7987.24,6052.0,6052.0,GBP,GBP,BANK-30719258,False,normal,7686.04,0
TXN-0003610,SUP-0088,Information Technology,INV-561-2026-003610,PO-2025-003610,2025-02-15,2025-04-13,45,7151.15,5566.86,5566.86,AED,AED,BANK-30669042,False,normal,1515.86,0
TXN-0003730,SUP-0159,Facilities,INV-617-2026-003730,PO-2025-003730,2025-02-15,2025-04-06,60,25586.65,19977.63,29262.04,AED,AED,BANK-81713537,False,overpayment,7968.05,1
TXN-0004385,SUP-0031,Ground Services,INV-788-2026-004385,PO-2026-004385,2025-02-15,2025-03-30,60,13707.74,11672.58,11672.58,EUR,EUR,BANK-36891816,False,normal,12723.11,0
TXN-0004957,SUP-0148,Information Technology,INV-126-2026-004957,PO-2026-004957,2025-02-15,2025-04-24,60,32775.61,28587.44,28587.44,AED,AED,BANK-48887190,False,normal,7784.36,0
TXN-0004972,SUP-0063,Maintenance,INV-574-2026-004972,PO-2025-004972,2025-02-15,2025-04-11,45,18473.32,13631.55,13631.55,AED,AED,BANK-16087857,False,normal,3711.87,0
TXN-0001764,SUP-0068,Ground Services,INV-592-2026-001764,PO-2025-001764,2025-02-16,2025-04-08,60,21498.36,21257.3,21257.3,USD,USD,BANK-26134147,False,normal,21257.3,0
TXN-0002150,SUP-0005,Ground Services,INV-270-2026-002150,PO-2025-002150,2025-02-16,2025-03-13,30,10785.01,8635.24,8635.24,USD,USD,BANK-97763977,False,normal,8635.24,0
TXN-0002153,SUP-0025,Information Technology,INV-854-2026-002153,PO-2026-002153,2025-02-16,2025-03-21,30,11475.73,10651.05,10651.05,EUR,EUR,BANK-99224451,False,normal,11609.64,0
TXN-0003009,SUP-0149,Professional Services,INV-642-2026-003009,PO-2026-003009,2025-02-16,2025-04-02,30,2863.12,2822.9,2822.9,USD,USD,BANK-52064343,False,normal,2822.9,0
TXN-0003874,SUP-0156,Ground Services,INV-198-2026-003874,PO-2025-003874,2025-02-16,2025-03-30,30,2383.22,2180.33,2180.33,AED,AED,BANK-35913857,False,normal,593.7,0
TXN-0004898,SUP-0022,Aircraft Components,INV91220260011A59,PO-2026-001159,2025-02-16,2025-04-17,60,32995.74,25453.88,25453.88,USD,USD,BANK-56355141,False,near_duplicate,25453.88,1
TXN-0000357,SUP-0146,Aircraft Components,INV-345-2026-000357,PO-2026-000357,2025-02-17,2025-04-27,60,18054.97,15879.53,15879.53,USD,USD,BANK-76449297,False,normal,15879.53,0
TXN-0001733,SUP-0046,Information Technology,INV-827-2026-001733,PO-2026-001733,2025-02-17,2025-04-09,45,16970.79,12779.67,12779.67,EUR,EUR,BANK-11990275,False,normal,13929.84,0
TXN-0001794,SUP-0108,Aircraft Components,INV-302-2026-001794,PO-2025-001794,2025-02-17,2025-03-26,45,13386.36,10154.6,10154.6,USD,USD,BANK-76508559,False,normal,10154.6,0
TXN-0003086,SUP-0135,Aircraft Components,INV-561-2026-003086,PO-2025-003086,2025-02-17,2025-03-08,30,3910.29,2881.23,2881.23,AED,AED,BANK-85671420,False,normal,784.56,0
TXN-0003141,SUP-0156,Ground Services,INV-198-2026-003874,PO-2025-003874,2025-02-17,2025-03-19,30,2383.22,2180.33,2180.33,AED,AED,BANK-35913857,False,exact_duplicate,593.7,1
TXN-0000093,SUP-0143,Professional Services,INV-385-2026-000093,PO-2026-000093,2025-02-18,2025-04-06,45,11276.6,8557.35,8557.35,GBP,GBP,BANK-24937333,False,normal,10867.83,0
TXN-0000141,SUP-0055,Aircraft Components,INV-765-2026-000141,PO-2026-000141,2025-02-18,2025-04-22,60,26946.37,22478.34,22478.34,AED,AED,BANK-44199230,False,normal,6120.85,0
TXN-0000380,SUP-0112,Maintenance,INV-512-2026-000380,PO-2025-000380,2025-02-18,2025-03-22,45,7348.71,5641.97,5641.97,USD,USD,BANK-21137842,False,normal,5641.97,0
TXN-0000448,SUP-0104,Aircraft Components,INV-378-2026-000448,PO-2025-000448,2025-02-18,2025-03-21,30,3472.5,2714.77,2714.77,GBP,GBP,BANK-82371206,False,normal,3447.76,0
TXN-0000749,SUP-0102,Aircraft Components,INV-472-2026-000749,PO-2026-000749,2025-02-18,2025-03-29,30,16380.75,13355.2,13355.2,AED,AED,BANK-27979808,False,normal,3636.62,0
TXN-0000809,SUP-0153,Maintenance,INV-150-2026-000809,PO-2026-000809,2025-02-18,2025-04-09,60,7510.01,7492.67,12277.8,USD,USD,BANK-11605310,False,overpayment,12277.8,1
TXN-0000816,SUP-0065,Aircraft Components,INV-339-2026-000816,PO-2025-000816,2025-02-18,2025-04-14,60,5846.7,4616.61,4616.61,AED,AED,BANK-90272029,False,normal,1257.1,0
TXN-0001865,SUP-0087,Ground Services,INV-215-2026-001865,PO-2026-001865,2025-02-18,2025-03-27,30,30205.18,22392.97,22392.97,AED,AED,BANK-25685067,False,normal,6097.61,0
TXN-0002453,SUP-0145,Facilities,INV-968-2026-002453,PO-2026-002453,2025-02-18,2025-03-10,30,20097.8,16789.05,16789.05,AED,AED,BANK-26332140,False,normal,4571.66,0
TXN-0003025,SUP-0156,Maintenance,INV-775-2026-003025,PO-2026-003025,2025-02-18,2025-03-19,30,20799.29,17350.05,17350.05,AED,AED,BANK-35913857,False,normal,4724.42,0
TXN-0003068,SUP-0115,Maintenance,INV-368-2026-003068,PO-2025-003068,2025-02-18,2025-05-08,90,824.14,678.9,678.9,USD,USD,BANK-17278259,False,normal,678.9,0
TXN-0005001,SUP-0035,Facilities,INV-444-2026-005001,PO-2026-005001,2025-02-18,2025-04-03,30,15863.85,15533.2,15533.2,AED,AED,BANK-23638594,False,normal,4229.69,0
TXN-0005217,SUP-0045,Maintenance,INV-799-2026-005217,PO-2026-005217,2025-02-18,2025-03-23,30,3515.19,3018.46,3018.46,EUR,EUR,BANK-38433614,False,normal,3290.12,0
TXN-0000151,SUP-0038,Ground Services,INV-527-2026-000151,PO-2026-000151,2025-02-19,2025-03-02,30,79447.15,75991.05,75991.05,AED,AED,BANK-86107842,False,normal,20692.36,0
TXN-0000785,SUP-0060,Facilities,INV-304-2026-000785,PO-2026-000785,2025-02-19,2025-04-09,60,11222.69,8342.08,8342.08,USD,USD,BANK-31687351,False,normal,8342.08,0
TXN-0002741,SUP-0093,Maintenance,INV-959-2026-002741,PO-2026-002741,2025-02-19,2025-05-19,90,8774.57,7637.59,7637.59,USD,USD,BANK-97237891,False,normal,7637.59,0
TXN-0005146,SUP-0090,Professional Services,INV-949-2026-005146,PO-2025-005146,2025-02-19,2025-04-02,45,29859.4,28174.81,28174.81,AED,AED,BANK-21863999,False,normal,7672.0,0
TXN-0005276,SUP-0026,Information Technology,INV-574-2026-005276,PO-2025-005276,2025-02-19,2025-03-20,30,62424.55,49741.55,49741.55,USD,USD,BANK-94243920,False,normal,49741.55,0
TXN-0005415,SUP-0149,Ground Services,INV-497-2026-005415,PO-2026-005415,2025-02-19,2025-03-11,30,28899.49,21590.99,21590.99,USD,USD,BANK-52064343,False,normal,21590.99,0
TXN-0000781,SUP-0009,Ground Services,INV-629-2026-000781,PO-2026-000781,2025-02-20,2025-03-25,30,24649.76,21125.8,21125.8,USD,USD,BANK-59936721,False,normal,21125.8,0
TXN-0000886,SUP-0055,Facilities,INV-678-2026-000886,PO-2025-000886,2025-02-20,2025-04-05,45,16068.39,14587.22,14587.22,AED,AED,BANK-44199230,False,normal,3972.1,0
TXN-0000976,SUP-0051,Ground Services,INV-815-2026-000976,PO-2025-000976,2025-02-20,2025-03-26,30,6976.48,6009.66,6009.66,USD,USD,BANK-43629195,False,normal,6009.66,0
TXN-0002515,SUP-0125,Ground Services,INV-252-2026-002515,PO-2026-002515,2025-02-20,2025-04-30,60,89345.07,76943.38,76943.38,USD,USD,BANK-56892046,False,normal,76943.38,0
TXN-0002658,SUP-0091,Aircraft Components,INV-508-2026-002658,PO-2025-002658,2025-02-20,2025-03-31,30,22453.73,19471.52,19471.52,USD,USD,BANK-11616527,False,normal,19471.52,0
TXN-0002837,SUP-0126,Maintenance,INV-448-2026-002837,PO-2026-002837,2025-02-20,2025-04-15,45,3124.13,2293.58,2293.58,AED,AED,BANK-35780160,False,normal,624.54,0
TXN-0002847,SUP-0040,Facilities,INV-871-2026-002847,PO-2026-002847,2025-02-20,2025-04-27,60,2811.68,2531.9,2531.9,AED,AED,BANK-30107614,False,normal,689.44,0
TXN-0003821,SUP-0119,Information Technology,INV-397-2026-003821,PO-2026-003821,2025-02-20,2025-04-01,30,9180.2,8742.24,8742.24,USD,USD,BANK-21899503,False,normal,8742.24,0
TXN-0004449,SUP-0061,Professional Services,INV-306-2026-004449,PO-2026-004449,2025-02-20,2025-03-23,30,20722.97,18472.21,18472.21,AED,AED,BANK-12871994,False,normal,5029.98,0
TXN-0004627,SUP-0159,Facilities,INV-557-2026-004627,PO-2026-004627,2025-02-20,2025-03-15,30,4676.01,4471.05,4471.05,AED,AED,BANK-81713537,False,normal,1217.47,0
TXN-0004918,SUP-0086,Maintenance,INV-577-2026-004918,PO-2025-004918,2025-02-20,2025-04-08,30,13275.84,11392.14,11392.14,USD,USD,BANK-11254265,False,normal,11392.14,0
TXN-0001314,SUP-0084,Maintenance,INV-190-2026-001314,PO-2025-001314,2025-02-21,2025-03-17,30,29434.06,23542.07,23542.07,USD,USD,BANK-22950775,False,normal,23542.07,0
TXN-0001354,SUP-0089,Professional Services,INV-889-2026-001354,PO-2025-001354,2025-02-21,2025-03-31,30,950.21,948.04,948.04,USD,USD,BANK-35136775,False,normal,948.04,0
TXN-0001623,SUP-0045,Professional Services,INV-240-2026-001623,PO-2026-001623,2025-02-21,2025-04-16,60,42255.14,32721.17,32721.17,EUR,EUR,NEW-13133083,True,bank_change,35666.08,1
TXN-0002092,SUP-0073,Information Technology,INV-897-2026-002092,PO-2025-002092,2025-02-21,2025-04-02,45,2087.51,1745.59,1745.59,EUR,EUR,BANK-14030635,False,normal,1902.69,0
TXN-0002353,SUP-0035,Maintenance,INV-791-2026-002353,PO-2026-002353,2025-02-21,2025-03-22,30,11343.14,9947.44,9947.44,AED,AED,BANK-23638594,False,normal,2708.69,0
TXN-0002426,SUP-0015,Aircraft Components,INV-127-2026-002426,PO-2025-002426,2025-02-21,2025-04-04,60,8621.67,7813.55,7813.55,USD,USD,BANK-82742631,False,normal,7813.55,0
TXN-0002564,SUP-0114,Ground Services,INV-196-2026-002564,PO-2025-002564,2025-02-21,2025-02-22,90,72525.31,67725.92,67725.92,AED,AED,BANK-93480628,False,rapid_payment,18441.77,1
TXN-0002925,SUP-0012,Ground Services,INV-957-2026-002925,PO-2026-002925,2025-02-21,2025-05-14,90,1442.51,1309.09,2063.79,GBP,GBP,BANK-37895989,False,overpayment,2621.01,1
TXN-0003527,SUP-0111,Ground Services,INV-841-2026-003527,PO-2026-003527,2025-02-21,2025-05-15,60,19425.23,15159.48,15159.48,USD,USD,BANK-49045227,False,normal,15159.48,0
TXN-0003647,SUP-0117,Information Technology,INV-202-2026-003647,PO-2026-003647,2025-02-21,2025-03-14,30,1824.53,1610.09,1610.09,EUR,EUR,BANK-97580845,False,normal,1755.0,0
TXN-0003741,SUP-0072,Ground Services,INV-323-2026-003741,PO-2026-003741,2025-02-21,2025-05-23,90,6843.7,5845.75,5845.75,USD,USD,BANK-88710582,False,normal,5845.75,0
TXN-0004935,SUP-0129,Facilities,INV-560-2026-004935,PO-2026-004935,2025-02-21,2025-03-16,30,7513.14,6278.88,6278.88,USD,USD,BANK-54924829,False,normal,6278.88,0
TXN-0001658,SUP-0098,Information Technology,INV-184-2026-001658,PO-2025-001658,2025-02-22,2025-03-12,30,2494.68,1930.91,1930.91,USD,USD,BANK-72483618,False,normal,1930.91,0
TXN-0001898,SUP-0063,Aircraft Components,INV-953-2026-001898,PO-2025-001898,2025-02-22,2025-03-29,30,11344.39,9042.23,9042.23,AED,AED,BANK-16087857,False,normal,2462.2,0
TXN-0004072,SUP-0138,Facilities,INV-994-2026-004072,PO-2025-004072,2025-02-22,2025-03-05,30,16542.13,14638.28,14638.28,AED,AED,BANK-22630563,False,normal,3986.0,0
TXN-0005114,SUP-0124,Aircraft Components,INV-984-2026-005114,PO-2025-005114,2025-02-22,2025-04-14,45,63453.41,60265.8,60265.8,USD,USD,BANK-96006092,False,normal,60265.8,0
TXN-0005164,SUP-0157,Maintenance,INV-944-2026-005164,PO-2025-005164,2025-02-22,2025-03-02,30,7608.12,6966.82,6966.82,USD,EUR,BANK-84648574,False,currency_mismatch,7593.83,1
TXN-0005367,SUP-0041,Ground Services,INV-528-2026-005367,PO-2026-005367,2025-02-22,2025-05-25,90,13236.39,18816.59,18816.59,USD,USD,BANK-90410196,False,invoice_above_po,18816.59,1
TXN-0001078,SUP-0148,Professional Services,INV-765-2026-001078,PO-2025-001078,2025-02-23,2025-04-04,45,10489.0,9646.05,9646.05,AED,AED,BANK-48887190,False,normal,2626.62,0
TXN-0001459,SUP-0061,Ground Services,INV-388-2026-001459,PO-2026-001459,2025-02-23,2025-04-30,60,4674.41,3648.45,3648.45,AED,AED,BANK-12871994,False,normal,993.47,0
TXN-0002563,SUP-0028,Aircraft Components,INV-490-2026-002563,PO-2026-002563,2025-02-23,2025-04-25,60,4752.52,4304.27,4304.27,USD,USD,BANK-24814703,False,normal,4304.27,0
TXN-0003108,SUP-0092,Ground Services,INV-674-2026-003108,PO-2025-003108,2025-02-23,2025-03-23,30,15734.96,11626.48,11626.48,AED,AED,BANK-70989279,False,normal,3165.89,0
TXN-0003227,SUP-0130,Information Technology,INV-406-2026-003227,PO-2026-003227,2025-02-23,2025-04-02,45,5114.31,4450.2,4450.2,AED,AED,BANK-12237354,False,normal,1211.79,0
TXN-0005543,SUP-0085,Aircraft Components,INV-483-2026-005543,PO-2026-005543,2025-02-23,2025-04-08,30,11597.03,10948.17,10948.17,USD,USD,BANK-94093522,False,normal,10948.17,0
TXN-0000238,SUP-0020,Aircraft Components,INV-555-2026-000238,PO-2025-000238,2025-02-24,2025-04-13,45,1848.46,1525.49,1525.49,AED,AED,BANK-36182605,False,normal,415.39,0
TXN-0000251,SUP-0117,Information Technology,INV-481-2026-000251,PO-2026-000251,2025-02-24,2025-04-05,30,5566.8,4990.16,4990.16,EUR,EUR,BANK-97580845,False,normal,5439.27,0
TXN-0001308,SUP-0045,Aircraft Components,INV-950-2026-001308,PO-2025-001308,2025-02-24,2025-04-01,30,11871.51,9925.72,9925.72,EUR,EUR,BANK-38433614,False,normal,10819.03,0
TXN-0002002,SUP-0009,Facilities,INV-530-2026-002002,PO-2025-002002,2025-02-24,2025-03-29,30,16522.19,15392.0,15392.0,USD,USD,BANK-59936721,False,normal,15392.0,0
TXN-0004269,SUP-0034,Maintenance,INV-375-2026-004269,PO-2026-004269,2025-02-24,2025-04-20,45,3564.32,2802.82,2802.82,USD,USD,BANK-99313799,False,normal,2802.82,0
TXN-0004316,SUP-0096,Ground Services,INV-211-2026-004316,PO-2025-004316,2025-02-24,2025-03-10,30,3638.49,3219.48,3219.48,AED,AED,BANK-55569693,False,normal,876.66,0
TXN-0004344,SUP-0078,Aircraft Components,INV-271-2026-004344,PO-2025-004344,2025-02-24,2025-03-20,30,12376.4,10109.48,10109.48,AED,AED,BANK-79966434,False,normal,2752.81,0
TXN-0004581,SUP-0085,Maintenance,INV-703-2026-004581,PO-2026-004581,2025-02-24,2025-06-07,90,500.0,415.28,415.28,USD,USD,BANK-94093522,False,normal,415.28,0
TXN-0000256,SUP-0123,Aircraft Components,INV-663-2026-000256,PO-2025-000256,2025-02-25,2025-04-21,60,23036.33,21639.59,21639.59,USD,USD,BANK-38236379,False,normal,21639.59,0
TXN-0001261,SUP-0159,Aircraft Components,INV-788-2026-001261,PO-2026-001261,2025-02-25,2025-03-29,30,4911.78,4469.04,4469.04,AED,AED,BANK-81713537,False,normal,1216.92,0
TXN-0001286,SUP-0061,Facilities,INV-981-2026-001286,PO-2025-001286,2025-02-25,2025-04-19,45,20519.21,17030.53,17030.53,AED,AED,BANK-12871994,False,normal,4637.41,0
TXN-0001822,SUP-0025,Aircraft Components,INV-283-2026-001822,PO-2025-001822,2025-02-25,2025-03-28,45,89045.95,81503.64,81503.64,EUR,EUR,BANK-99224451,False,normal,88838.97,0
TXN-0002746,SUP-0035,Information Technology,INV-354-2026-002746,PO-2025-002746,2025-02-25,2025-04-26,60,22877.15,18707.28,18707.28,AED,AED,BANK-23638594,False,normal,5093.99,0
TXN-0002898,SUP-0147,Ground Services,INV-330-2026-002898,PO-2025-002898,2025-02-25,2025-03-13,30,29064.44,26032.51,26032.51,USD,USD,BANK-82392481,False,normal,26032.51,0
TXN-0004054,SUP-0140,Maintenance,INV-671-2026-004054,PO-2025-004054,2025-02-25,2025-03-12,30,30415.43,23690.19,23690.19,USD,USD,BANK-47720288,False,normal,23690.19,0
TXN-0004553,SUP-0160,Maintenance,INV-402-2026-004553,PO-2026-004553,2025-02-25,2025-06-15,90,4557.44,3809.76,3809.76,EUR,EUR,BANK-51670701,False,normal,4152.64,0
TXN-0004595,SUP-0051,Information Technology,INV-658-2026-004595,PO-2026-004595,2025-02-25,2025-04-17,45,15123.92,10905.84,10905.84,USD,USD,BANK-43629195,False,normal,10905.84,0
TXN-0004997,SUP-0049,Aircraft Components,INV-379-2026-004997,PO-2026-004997,2025-02-25,2025-04-02,30,6295.49,5436.29,5436.29,AED,AED,BANK-69549513,False,normal,1480.3,0
TXN-0005078,SUP-0038,Maintenance,INV-710-2026-001689,PO-2026-001689,2025-02-25,2025-03-27,30,26584.66,23640.87,23640.87,AED,AED,BANK-86107842,False,exact_duplicate,6437.41,1
TXN-0000103,SUP-0134,Professional Services,INV-448-2026-000103,PO-2026-000103,2025-02-26,2025-04-28,45,7646.05,6932.84,6932.84,USD,USD,BANK-67057759,False,normal,6932.84,0
TXN-0001297,SUP-0004,Aircraft Components,INV-135-2026-001297,PO-2026-001297,2025-02-26,2025-04-17,60,12207.45,10807.95,10807.95,AED,AED,BANK-92441065,False,normal,2943.0,0
TXN-0001339,SUP-0124,Maintenance,INV-165-2026-001339,PO-2026-001339,2025-02-26,2025-04-11,45,13686.59,11550.88,11550.88,USD,USD,BANK-96006092,False,normal,11550.88,0
TXN-0001767,SUP-0039,Information Technology,INV-798-2026-001767,PO-2026-001767,2025-02-26,2025-05-05,60,6283.72,5617.67,5617.67,USD,USD,BANK-90171323,False,normal,5617.67,0
TXN-0001899,SUP-0030,Ground Services,INV-981-2026-001899,PO-2026-001899,2025-02-26,2025-03-24,30,40767.76,29621.17,29621.17,AED,AED,BANK-14041955,False,normal,8065.84,0
TXN-0002672,SUP-0160,Aircraft Components,INV-817-2026-002672,PO-2025-002672,2025-02-26,2025-03-19,30,11595.58,8725.07,8725.07,EUR,EUR,BANK-51670701,False,normal,9510.33,0
TXN-0003125,SUP-0090,Maintenance,INV-655-2026-003125,PO-2026-003125,2025-02-26,2025-03-27,30,101683.62,89445.12,89445.12,AED,AED,BANK-21863999,False,normal,24355.91,0
TXN-0003173,SUP-0054,Information Technology,INV-715-2026-003173,PO-2026-003173,2025-02-26,2025-03-28,30,8846.47,6538.2,6538.2,AED,AED,BANK-77211064,False,normal,1780.35,0
TXN-0003247,SUP-0065,Ground Services,INV-315-2026-003247,PO-2026-003247,2025-02-26,2025-04-23,60,1778.21,1397.01,1397.01,AED,AED,BANK-90272029,False,normal,380.41,0
TXN-0004358,SUP-0032,Maintenance,INV-439-2026-004358,PO-2025-004358,2025-02-26,2025-05-03,45,22815.67,18357.35,18357.35,GBP,GBP,BANK-49158734,False,normal,23313.83,0
TXN-0004514,SUP-0080,Maintenance,INV-232-2026-004514,PO-2025-004514,2025-02-26,2025-04-19,45,2939.04,2141.18,2141.18,EUR,EUR,BANK-97464377,False,normal,2333.89,0
TXN-0005167,SUP-0010,Information Technology,INV-440-2026-005167,PO-2026-005167,2025-02-26,2025-03-21,30,8159.13,6739.99,6739.99,USD,USD,BANK-59212295,False,normal,6739.99,0
TXN-0005344,SUP-0073,Ground Services,INV-685-2026-005344,PO-2025-005344,2025-02-26,2025-04-02,30,29015.92,24981.02,24981.02,EUR,EUR,BANK-14030635,False,normal,27229.31,0
TXN-0001319,SUP-0021,Ground Services,INV-135-2026-001319,PO-2026-001319,2025-02-27,2025-05-10,45,13830.41,11002.18,11002.18,EUR,EUR,BANK-65967398,False,normal,11992.38,0
TXN-0002424,SUP-0056,Aircraft Components,INV-277-2026-002424,PO-2025-002424,2025-02-27,2025-04-22,60,3360.93,2533.76,2533.76,EUR,EUR,BANK-33621446,False,normal,2761.8,0
TXN-0002435,SUP-0053,Information Technology,INV-575-2026-002435,PO-2026-002435,2025-02-27,2025-05-02,60,7965.61,5767.31,6650.74,EUR,EUR,BANK-76295561,False,overpayment,7249.31,1
TXN-0002803,SUP-0028,Facilities,INV-774-2026-002803,PO-2026-002803,2025-02-27,2025-04-29,45,6189.72,5102.89,5102.89,USD,USD,BANK-24814703,False,normal,5102.89,0
TXN-0002854,SUP-0139,Professional Services,INV-671-2026-002854,PO-2025-002854,2025-02-27,2025-04-01,30,17140.66,14056.88,14056.88,EUR,EUR,BANK-77394363,False,normal,15322.0,0
TXN-0002978,SUP-0009,Facilities,INV-797-2026-002978,PO-2025-002978,2025-02-27,2025-04-12,45,4158.35,3389.77,3389.77,USD,USD,BANK-59936721,False,normal,3389.77,0
TXN-0003623,SUP-0082,Professional Services,INV-590-2026-003623,PO-2026-003623,2025-02-27,2025-05-07,60,6974.21,6657.66,6657.66,USD,USD,BANK-55066706,False,normal,6657.66,0
TXN-0004389,SUP-0031,Ground Services,INV-856-2026-004389,PO-2026-004389,2025-02-27,2025-05-28,90,3650.38,2741.03,2741.03,EUR,EUR,BANK-36891816,False,normal,2987.72,0
TXN-0004429,SUP-0125,Maintenance,INV-369-2026-004429,PO-2026-004429,2025-02-27,2025-03-29,30,28102.67,23952.96,23952.96,USD,USD,BANK-56892046,False,normal,23952.96,0
TXN-0004476,SUP-0081,Aircraft Components,INV-991-2026-004476,PO-2025-004476,2025-02-27,2025-05-03,60,52090.7,48399.19,48399.19,AED,AED,BANK-54937628,False,normal,13179.1,0
TXN-0004940,SUP-0040,Facilities,INV-293-2026-004940,PO-2025-004940,2025-02-27,2025-03-23,30,8406.22,6299.85,6299.85,AED,AED,BANK-30107614,False,normal,1715.45,0
TXN-0005384,SUP-0107,Maintenance,INV-403-2026-005384,PO-2025-005384,2025-02-27,2025-03-29,30,8189.0,6050.05,6050.05,USD,USD,BANK-17594929,False,normal,6050.05,0
TXN-0005434,SUP-0147,Information Technology,INV-167-2026-005434,PO-2025-005434,2025-02-27,2025-03-29,30,14112.6,13143.55,13143.55,USD,USD,BANK-82392481,False,normal,13143.55,0
TXN-0005558,SUP-0119,Aircraft Components,INV-304-2026-005558,PO-2025-005558,2025-02-27,2025-03-20,30,2847.94,2825.74,2825.74,USD,USD,BANK-21899503,False,normal,2825.74,0
TXN-0000247,SUP-0148,Maintenance,INV-843-2026-000247,PO-2026-000247,2025-02-28,2025-03-26,30,26139.93,24509.94,24509.94,AED,AED,BANK-48887190,False,normal,6674.06,0
TXN-0000711,SUP-0115,Information Technology,INV-292-2026-000711,PO-2026-000711,2025-02-28,2025-04-21,60,3094.67,3079.97,3079.97,USD,USD,BANK-17278259,False,normal,3079.97,0
TXN-0001030,SUP-0149,Aircraft Components,INV-119-2026-001030,PO-2025-001030,2025-02-28,2025-04-05,30,3557.66,2986.4,2986.4,USD,USD,BANK-52064343,False,normal,2986.4,0
TXN-0001142,SUP-0094,Professional Services,INV-351-2026-001142,PO-2025-001142,2025-02-28,2025-04-01,30,3826.18,3221.11,3221.11,USD,USD,NEW-90955488,True,bank_change,3221.11,1
TXN-0001710,SUP-0131,Information Technology,INV-495-2026-001710,PO-2025-001710,2025-02-28,2025-04-17,45,42573.33,39149.92,39149.92,USD,USD,BANK-63724249,False,normal,39149.92,0
TXN-0001773,SUP-0001,Maintenance,INV-400-2026-001773,PO-2026-001773,2025-02-28,2025-05-29,90,2721.39,2389.06,2389.06,EUR,EUR,BANK-38861149,False,normal,2604.08,0
TXN-0002266,SUP-0013,Maintenance,INV-675-2026-002266,PO-2025-002266,2025-02-28,2025-04-08,30,27044.85,24438.21,24438.21,AED,AED,BANK-84681076,False,normal,6654.52,0
TXN-0002536,SUP-0021,Professional Services,INV-467-2026-002536,PO-2025-002536,2025-02-28,2025-04-28,60,19032.2,14509.34,14509.34,EUR,EUR,BANK-65967398,False,normal,15815.18,0
TXN-0002552,SUP-0025,Ground Services,INV-987-2026-002552,PO-2025-002552,2025-02-28,2025-03-23,30,33561.0,33123.87,33123.87,EUR,EUR,BANK-99224451,False,normal,36105.02,0
TXN-0003044,SUP-0020,Maintenance,INV-968-2026-003044,PO-2025-003044,2025-02-28,2025-04-18,60,2953.09,2549.21,2549.21,AED,AED,BANK-36182605,False,normal,694.15,0
TXN-0003487,SUP-0020,Maintenance,INV-240-2026-003487,PO-2026-003487,2025-02-28,2025-03-18,30,30806.74,26145.52,26145.52,AED,AED,BANK-36182605,False,normal,7119.43,0
TXN-0005012,SUP-0080,Ground Services,INV-297-2026-005012,PO-2025-005012,2025-02-28,2025-04-28,60,25295.52,21108.78,21108.78,EUR,EUR,BANK-97464377,False,normal,23008.57,0
TXN-0000171,SUP-0123,Aircraft Components,INV-515-2026-000171,PO-2026-000171,2025-03-01,2025-05-15,60,18475.17,16586.59,16586.59,USD,USD,BANK-38236379,False,normal,16586.59,0
TXN-0000175,SUP-0029,Maintenance,INV-755-2026-000175,PO-2026-000175,2025-03-01,2025-03-29,30,2254.17,2053.18,2053.18,USD,USD,BANK-57984114,False,normal,2053.18,0
TXN-0000796,SUP-0119,Maintenance,INV-207-2026-000796,PO-2025-000796,2025-03-01,2025-05-06,60,35239.2,27784.39,27784.39,USD,USD,BANK-21899503,False,normal,27784.39,0
TXN-0000987,SUP-0072,Information Technology,INV-688-2026-000987,PO-2026-000987,2025-03-01,2025-03-01,30,10163.42,8057.94,8057.94,USD,USD,BANK-88710582,False,rapid_payment,8057.94,1
TXN-0001639,SUP-0120,Professional Services,INV-145-2026-001639,PO-2026-001639,2025-03-01,2025-03-26,30,4653.15,3880.27,3880.27,AED,AED,BANK-53972563,False,normal,1056.6,0
TXN-0002066,SUP-0052,Professional Services,INV-239-2026-002066,PO-2025-002066,2025-03-01,2025-05-10,60,13043.05,9889.54,9889.54,USD,USD,BANK-89766631,False,normal,9889.54,0
TXN-0002666,SUP-0037,Ground Services,INV-267-2026-002666,PO-2025-002666,2025-03-01,2025-05-04,60,8033.9,7169.24,7169.24,USD,USD,BANK-18183594,False,normal,7169.24,0
TXN-0002782,SUP-0111,Aircraft Components,INV-440-2026-002782,PO-2025-002782,2025-03-01,2025-05-22,90,26886.79,26696.01,26696.01,USD,USD,BANK-49045227,False,normal,26696.01,0
TXN-0003237,SUP-0121,Professional Services,INV-410-2026-003237,PO-2026-003237,2025-03-01,2025-04-21,60,6846.83,5900.78,5900.78,AED,AED,BANK-55753531,False,normal,1606.78,0
TXN-0003771,SUP-0053,Information Technology,INV-788-2026-003771,PO-2026-003771,2025-03-01,2025-03-21,30,24482.39,18720.75,18720.75,EUR,EUR,BANK-76295561,False,normal,20405.62,0
TXN-0003772,SUP-0015,Aircraft Components,INV-587-2026-003772,PO-2025-003772,2025-03-01,2025-03-31,45,17018.74,12877.16,12877.16,USD,USD,BANK-82742631,False,normal,12877.16,0
TXN-0004207,SUP-0159,Information Technology,INV-725-2026-004207,PO-2026-004207,2025-03-01,2025-04-24,45,4121.81,3898.97,3898.97,AED,AED,BANK-81713537,False,normal,1061.69,0
TXN-0004883,SUP-0107,Aircraft Components,INV-141-2026-004883,PO-2026-004883,2025-03-01,2025-04-29,45,5302.24,3877.11,3877.11,USD,USD,BANK-17594929,False,normal,3877.11,0
TXN-0000114,SUP-0103,Aircraft Components,INV-923-2026-000114,PO-2025-000114,2025-03-02,2025-06-09,90,5389.09,4456.04,4456.04,USD,USD,BANK-87788293,False,normal,4456.04,0
TXN-0001014,SUP-0135,Facilities,INV-359-2026-001014,PO-2025-001014,2025-03-02,2025-03-19,30,23601.29,17813.01,17813.01,AED,AED,BANK-85671420,False,normal,4850.48,0
TXN-0001067,SUP-0086,Maintenance,INV-363-2026-001067,PO-2026-001067,2025-03-02,2025-03-23,30,13932.83,12568.68,12568.68,USD,USD,BANK-11254265,False,normal,12568.68,0
TXN-0001143,SUP-0063,Aircraft Components,INV-526-2026-001143,PO-2026-001143,2025-03-02,2025-03-13,30,6531.25,5224.65,5224.65,AED,AED,BANK-16087857,False,normal,1422.67,0
TXN-0002585,SUP-0068,Aircraft Components,INV-942-2026-002585,PO-2026-002585,2025-03-02,2025-05-14,60,4327.16,4089.23,4089.23,USD,USD,BANK-26134147,False,normal,4089.23,0
TXN-0003460,SUP-0118,Professional Services,INV-947-2026-003460,PO-2025-003460,2025-03-02,2025-03-22,30,2558.13,2168.91,2168.91,AED,AED,BANK-37085381,False,normal,590.59,0
TXN-0003568,SUP-0130,Maintenance,INV-558-2026-003568,PO-2025-003568,2025-03-02,2025-04-09,30,3097.82,2411.17,2411.17,AED,AED,BANK-12237354,False,normal,656.56,0
TXN-0004106,SUP-0007,Ground Services,INV-325-2026-004106,PO-2025-004106,2025-03-02,2025-05-04,60,29994.3,29459.85,29459.85,EUR,EUR,BANK-31280989,False,normal,32111.24,0
TXN-0001238,SUP-0117,Maintenance,INV-960-2026-001238,PO-2025-001238,2025-03-03,2025-04-14,30,11222.8,8365.81,8365.81,EUR,EUR,BANK-97580845,False,normal,9118.73,0
TXN-0002641,SUP-0134,Information Technology,INV-627-2026-002641,PO-2026-002641,2025-03-03,2025-05-07,60,29295.71,26555.77,26555.77,USD,USD,BANK-67057759,False,normal,26555.77,0
TXN-0003095,SUP-0142,Aircraft Components,INV-611-2026-003095,PO-2026-003095,2025-03-03,2025-05-28,90,12601.1,12287.97,12287.97,AED,AED,BANK-96960871,False,normal,3346.01,0
TXN-0003217,SUP-0040,Facilities,INV-210-2026-003217,PO-2026-003217,2025-03-03,2025-04-21,45,13398.0,12060.29,12060.29,AED,AED,BANK-30107614,False,normal,3284.02,0
TXN-0003941,SUP-0042,Maintenance,INV-684-2026-003941,PO-2026-003941,2025-03-03,2025-04-06,30,7589.82,5918.28,5918.28,EUR,EUR,BANK-20438281,False,normal,6450.93,0
TXN-0004245,SUP-0147,Information Technology,INV-971-2026-004245,PO-2026-004245,2025-03-03,2025-04-06,30,25295.34,23111.54,23111.54,USD,USD,BANK-82392481,False,normal,23111.54,0
TXN-0004709,SUP-0060,Facilities,INV-703-2026-004709,PO-2026-004709,2025-03-03,2025-03-12,30,12689.18,11062.89,11062.89,USD,USD,BANK-31687351,False,normal,11062.89,0
TXN-0005195,SUP-0031,Ground Services,INV-549-2026-005195,PO-2026-005195,2025-03-03,2025-04-12,30,11463.78,8428.89,8428.89,EUR,EUR,BANK-36891816,False,normal,9187.49,0
TXN-0000693,SUP-0042,Maintenance,INV-456-2026-000693,PO-2026-000693,2025-03-04,2025-04-07,45,2947.49,2722.59,2722.59,EUR,EUR,BANK-20438281,False,normal,2967.62,0
TXN-0001184,SUP-0117,Aircraft Components,INV-362-2026-001184,PO-2025-001184,2025-03-04,2025-04-08,30,13523.3,11183.76,11183.76,EUR,EUR,BANK-97580845,False,normal,12190.3,0
TXN-0001818,SUP-0141,Facilities,INV-932-2026-001818,PO-2025-001818,2025-03-04,2025-03-14,30,7104.36,6233.36,6233.36,AED,AED,BANK-10585992,False,normal,1697.34,0
TXN-0002118,SUP-0091,Facilities,INV-170-2026-002118,PO-2025-002118,2025-03-04,2025-03-21,30,6276.58,5439.86,5439.86,USD,USD,BANK-11616527,False,normal,5439.86,0
TXN-0002903,SUP-0047,Aircraft Components,INV-622-2026-002903,PO-2026-002903,2025-03-04,2025-03-06,30,2697.7,2489.08,2489.08,USD,USD,BANK-79481118,False,normal,2489.08,0
TXN-0003239,SUP-0002,Maintenance,INV-131-2026-003239,PO-2026-003239,2025-03-04,2025-05-25,90,18346.51,16986.39,16986.39,USD,USD,BANK-19696685,False,normal,16986.39,0
TXN-0004051,SUP-0013,Ground Services,INV-960-2026-004051,PO-2026-004051,2025-03-04,2025-03-18,30,2762.69,2180.86,2180.86,AED,AED,BANK-84681076,False,normal,593.85,0
TXN-0004113,SUP-0153,Professional Services,INV-548-2026-004113,PO-2026-004113,2025-03-04,2025-05-09,60,9240.98,7641.32,7641.32,USD,USD,BANK-11605310,False,normal,7641.32,0
TXN-0000728,SUP-0139,Facilities,INV-160-2026-000728,PO-2025-000728,2025-03-05,2025-05-10,60,3904.59,3299.54,3299.54,EUR,EUR,BANK-77394363,False,normal,3596.5,0
TXN-0000880,SUP-0003,Facilities,INV-121-2026-000880,PO-2025-000880,2025-03-05,2025-04-20,30,2713.44,1965.88,1965.88,EUR,EUR,BANK-65317853,False,normal,2142.81,0
TXN-0000909,SUP-0035,Facilities,INV-893-2026-000909,PO-2026-000909,2025-03-05,2025-05-10,45,9781.9,7302.23,7302.23,AED,AED,BANK-23638594,False,normal,1988.4,0
TXN-0001097,SUP-0083,Maintenance,INV-532-2026-001097,PO-2026-001097,2025-03-05,2025-03-28,30,42692.81,34412.66,34412.66,EUR,EUR,BANK-49032895,False,normal,37509.8,0
TXN-0002073,SUP-0005,Ground Services,INV-418-2026-002073,PO-2026-002073,2025-03-05,2025-04-05,30,50303.49,50040.7,50040.7,USD,USD,BANK-97763977,False,normal,50040.7,0
TXN-0002268,SUP-0105,Maintenance,INV-628-2026-002268,PO-2025-002268,2025-03-05,2025-04-19,45,7965.93,6359.22,6359.22,EUR,EUR,BANK-12259119,False,normal,6931.55,0
TXN-0002283,SUP-0077,Ground Services,INV-676-2026-002283,PO-2026-002283,2025-03-05,2025-04-07,45,1797.86,1340.82,1340.82,USD,USD,BANK-99822506,False,normal,1340.82,0
TXN-0002969,SUP-0131,Aircraft Components,INV-187-2026-002969,PO-2026-002969,2025-03-05,2025-04-01,30,19278.37,16335.12,16335.12,USD,USD,BANK-63724249,False,normal,16335.12,0
TXN-0004147,SUP-0044,Information Technology,INV-330-2026-004147,PO-2026-004147,2025-03-05,2025-04-05,45,67712.9,50169.77,50169.77,USD,USD,BANK-52259076,False,normal,50169.77,0
TXN-0004688,SUP-0054,Information Technology,INV-784-2026-004688,PO-2025-004688,2025-03-05,2025-05-20,60,11906.42,9960.48,9960.48,AED,AED,BANK-77211064,False,normal,2712.24,0
TXN-0004839,SUP-0146,Maintenance,INV-692-2026-004839,PO-2026-004839,2025-03-05,2025-03-28,30,14005.15,11001.82,11001.82,USD,USD,BANK-76449297,False,normal,11001.82,0
TXN-0004858,SUP-0072,Ground Services,INV-311-2026-004858,PO-2025-004858,2025-03-05,2025-04-25,60,14148.44,14064.77,14064.77,USD,USD,BANK-88710582,False,normal,14064.77,0
TXN-0005098,SUP-0013,Maintenance,INV-247-2026-005098,PO-2025-005098,2025-03-05,2025-04-21,45,25665.4,24244.04,24244.04,AED,AED,BANK-84681076,False,normal,6601.65,0
TXN-0005124,SUP-0020,Facilities,INV-968-2026-005124,PO-2025-005124,2025-03-05,2025-04-17,45,8881.68,7546.14,7546.14,AED,AED,BANK-36182605,False,normal,2054.81,0
TXN-0000022,SUP-0040,Information Technology,INV-661-2026-000022,PO-2025-000022,2025-03-06,2025-05-02,60,7879.43,6349.27,6349.27,AED,AED,BANK-30107614,False,normal,1728.91,0
TXN-0000481,SUP-0097,Information Technology,INV-587-2026-000481,PO-2026-000481,2025-03-06,2025-04-08,30,4997.46,4530.37,4530.37,USD,USD,BANK-93475211,False,normal,4530.37,0
TXN-0000506,SUP-0088,Professional Services,INV-568-2026-000506,PO-2025-000506,2025-03-06,2025-04-30,45,3338.39,3058.42,3058.42,AED,AED,BANK-30669042,False,normal,832.81,0
TXN-0001872,SUP-0036,Professional Services,INV-388-2026-001872,PO-2025-001872,2025-03-06,2025-04-05,30,11736.85,9492.82,9492.82,USD,USD,BANK-90250953,False,normal,9492.82,0
TXN-0002633,SUP-0004,Aircraft Components,INV-841-2026-002633,PO-2026-002633,2025-03-06,2025-04-24,30,2882.79,2644.18,2644.18,AED,AED,BANK-92441065,False,normal,720.01,0
TXN-0003098,SUP-0050,Aircraft Components,INV-435-2026-003098,PO-2025-003098,2025-03-06,2025-05-26,90,6391.3,5875.01,5875.01,USD,USD,BANK-46919792,False,normal,5875.01,0
TXN-0003926,SUP-0095,Information Technology,INV-391-2026-003926,PO-2025-003926,2025-03-06,2025-04-10,30,6011.27,5977.48,5977.48,USD,USD,BANK-36688168,False,normal,5977.48,0
TXN-0004067,SUP-0016,Facilities,INV-130-2026-004067,PO-2026-004067,2025-03-06,2025-03-31,30,8882.18,6804.66,6804.66,USD,USD,BANK-96689067,False,normal,6804.66,0
TXN-0004726,SUP-0024,Ground Services,INV-277-2026-004726,PO-2025-004726,2025-03-06,2025-06-13,90,12199.18,10172.14,10172.14,EUR,EUR,BANK-33036857,False,normal,11087.63,0
TXN-0005118,SUP-0079,Information Technology,INV-726-2026-005118,PO-2025-005118,2025-03-06,2025-04-01,30,24925.97,18509.16,18509.16,AED,AED,BANK-38837550,False,normal,5040.04,0
TXN-0005387,SUP-0119,Aircraft Components,INV-169-2026-005387,PO-2026-005387,2025-03-06,2025-04-08,30,1020.39,891.17,891.17,USD,USD,BANK-21899503,False,normal,891.17,0
TXN-0005467,SUP-0032,Maintenance,INV-808-2026-005467,PO-2026-005467,2025-03-06,2025-04-19,45,9838.99,7563.35,7563.35,GBP,GBP,BANK-49158734,False,normal,9605.45,0
TXN-0000707,SUP-0028,Aircraft Components,INV-747-2026-000707,PO-2026-000707,2025-03-07,2025-04-01,30,2587.05,1984.26,1984.26,USD,USD,BANK-24814703,False,normal,1984.26,0
TXN-0000981,SUP-0102,Professional Services,INV-478-2026-000981,PO-2026-000981,2025-03-07,2025-04-03,30,6512.03,5358.31,5358.31,AED,AED,BANK-27979808,False,normal,1459.07,0
TXN-0001681,SUP-0051,Aircraft Components,INV-417-2026-001681,PO-2026-001681,2025-03-07,2025-05-27,90,54454.33,49543.35,49543.35,USD,USD,BANK-43629195,False,normal,49543.35,0
TXN-0001856,SUP-0064,Professional Services,INV-743-2026-001856,PO-2025-001856,2025-03-07,2025-04-22,45,16680.37,12038.8,12038.8,EUR,EUR,BANK-84800139,False,normal,13122.29,0
TXN-0002298,SUP-0134,Aircraft Components,INV-196-2026-002298,PO-2025-002298,2025-03-07,2025-05-02,45,1493.32,1134.15,1134.15,USD,USD,BANK-67057759,False,normal,1134.15,0
TXN-0004351,SUP-0022,Professional Services,INV-351-2026-004351,PO-2026-004351,2025-03-07,2025-04-08,30,4597.43,4262.87,4262.87,USD,USD,BANK-56355141,False,normal,4262.87,0
TXN-0004392,SUP-0070,Information Technology,INV-112-2026-004392,PO-2025-004392,2025-03-07,2025-04-22,60,49310.11,41384.08,41384.08,USD,USD,BANK-63944450,False,normal,41384.08,0
TXN-0004473,SUP-0148,Professional Services,INV-488-2026-004473,PO-2026-004473,2025-03-07,2025-04-22,60,19896.84,19020.56,19020.56,AED,AED,BANK-48887190,False,normal,5179.3,0
TXN-0004859,SUP-0046,Facilities,INV-180-2026-004859,PO-2026-004859,2025-03-07,2025-04-20,45,7439.55,7156.61,7156.61,EUR,EUR,BANK-11990275,False,normal,7800.7,0
TXN-0005562,SUP-0092,Maintenance,INV-852-2026-005562,PO-2025-005562,2025-03-07,2025-03-23,30,9906.62,7929.78,7929.78,AED,AED,BANK-70989279,False,normal,2159.28,0
TXN-0002478,SUP-0011,Maintenance,INV-843-2026-002478,PO-2025-002478,2025-03-08,2025-04-28,45,6124.78,4960.31,4960.31,USD,USD,BANK-43383005,False,normal,4960.31,0
TXN-0002972,SUP-0005,Aircraft Components,INV-568-2026-002972,PO-2025-002972,2025-03-08,2025-04-24,45,14467.52,11574.85,11574.85,USD,USD,BANK-97763977,False,normal,11574.85,0
TXN-0003330,SUP-0012,Ground Services,INV-370-2026-003330,PO-2025-003330,2025-03-08,2025-04-10,30,46267.24,40627.91,40627.91,GBP,GBP,BANK-37895989,False,normal,51597.45,0
TXN-0004586,SUP-0094,Professional Services,INV-736-2026-004586,PO-2025-004586,2025-03-08,2025-04-24,45,8702.82,6565.46,6565.46,USD,USD,BANK-20964925,False,normal,6565.46,0
TXN-0004773,SUP-0108,Information Technology,INV-333-2026-004773,PO-2026-004773,2025-03-08,2025-04-17,45,17272.67,16877.68,16877.68,USD,USD,BANK-76508559,False,normal,16877.68,0
TXN-0005008,SUP-0034,Professional Services,INV-409-2026-005008,PO-2025-005008,2025-03-08,2025-05-07,60,2910.08,2562.88,2562.88,USD,USD,BANK-99313799,False,normal,2562.88,0
TXN-0000172,SUP-0102,Professional Services,INV-644-2026-000172,PO-2025-000172,2025-03-09,2025-04-06,30,6674.09,5182.81,5182.81,AED,AED,BANK-27979808,False,normal,1411.28,0
TXN-0001015,SUP-0085,Maintenance,INV-427-2026-001015,PO-2026-001015,2025-03-09,2025-05-06,60,10440.87,9940.58,9940.58,USD,USD,BANK-94093522,False,normal,9940.58,0
TXN-0001050,SUP-0006,Aircraft Components,INV-353-2026-001050,PO-2025-001050,2025-03-09,2025-05-15,60,12062.86,10912.07,10912.07,GBP,GBP,BANK-30719258,False,normal,13858.33,0
TXN-0001501,SUP-0133,Maintenance,INV-410-2026-001501,PO-2026-001501,2025-03-09,2025-04-15,45,13980.69,13584.99,13584.99,AED,AED,BANK-23338758,False,normal,3699.19,0
TXN-0002674,SUP-0140,Facilities,INV-932-2026-002674,PO-2025-002674,2025-03-09,2025-04-09,30,5815.16,4981.29,4981.29,USD,USD,BANK-47720288,False,normal,4981.29,0
TXN-0003294,SUP-0072,Maintenance,INV-932-2026-003294,PO-2025-003294,2025-03-09,2025-04-30,45,9679.96,7577.44,7577.44,USD,USD,BANK-88710582,False,normal,7577.44,0
TXN-0003431,SUP-0011,Aircraft Components,INV-755-2026-003431,PO-2026-003431,2025-03-09,2025-04-12,30,9213.69,8984.5,8984.5,USD,USD,BANK-43383005,False,normal,8984.5,0
TXN-0004173,SUP-0068,Ground Services,INV-522-2026-004173,PO-2026-004173,2025-03-09,2025-05-22,90,3978.51,3520.99,3520.99,USD,USD,BANK-26134147,False,normal,3520.99,0
TXN-0000064,SUP-0109,Ground Services,INV-311-2026-000064,PO-2025-000064,2025-03-10,2025-04-09,30,10681.0,7792.5,7792.5,USD,USD,BANK-84335845,False,normal,7792.5,0
TXN-0000086,SUP-0067,Facilities,INV-303-2026-000086,PO-2025-000086,2025-03-10,2025-04-28,45,27452.56,23670.18,23670.18,AED,AED,BANK-77206550,False,normal,6445.39,0
TXN-0000866,SUP-0063,Professional Services,INV-331-2026-000866,PO-2025-000866,2025-03-10,2025-04-24,30,4534.38,4488.25,4488.25,AED,AED,BANK-16087857,False,normal,1222.15,0
TXN-0001085,SUP-0013,Professional Services,INV-410-2026-001085,PO-2026-001085,2025-03-10,2025-04-14,45,66132.52,62218.2,62218.2,AED,AED,BANK-84681076,False,normal,16942.02,0
TXN-0001353,SUP-0036,Aircraft Components,INV-632-2026-001353,PO-2026-001353,2025-03-10,2025-05-02,60,4418.01,3535.91,3535.91,USD,USD,BANK-90250953,False,normal,3535.91,0
TXN-0001355,SUP-0069,Aircraft Components,INV-651-2026-001355,PO-2026-001355,2025-03-10,2025-05-03,45,4706.28,4239.36,4239.36,USD,USD,BANK-43048809,False,normal,4239.36,0
TXN-0001530,SUP-0052,Maintenance,INV-670-2026-001530,PO-2025-001530,2025-03-10,2025-05-16,60,40068.81,39957.07,39957.07,USD,USD,BANK-89766631,False,normal,39957.07,0
TXN-0002126,SUP-0149,Maintenance,INV-464-2026-002126,PO-2025-002126,2025-03-10,2025-05-03,60,34486.12,34475.62,34475.62,USD,USD,BANK-52064343,False,normal,34475.62,0
TXN-0002199,SUP-0081,Maintenance,INV-582-2026-002199,PO-2026-002199,2025-03-10,2025-04-09,30,17337.58,13124.68,13124.68,AED,AED,BANK-54937628,False,normal,3573.85,0
TXN-0002962,SUP-0091,Information Technology,INV-639-2026-002962,PO-2025-002962,2025-03-10,2025-05-07,60,6042.04,4778.71,4778.71,USD,USD,BANK-11616527,False,normal,4778.71,0
TXN-0004399,SUP-0002,Ground Services,INV-224-2026-004399,PO-2026-004399,2025-03-10,2025-04-30,45,24525.54,23636.53,23636.53,USD,USD,BANK-19696685,False,normal,23636.53,0
TXN-0005270,SUP-0065,Maintenance,INV-535-2026-005270,PO-2025-005270,2025-03-10,2025-04-28,45,7097.93,6827.01,6827.01,AED,AED,BANK-90272029,False,normal,1858.99,0
TXN-0005469,SUP-0109,Information Technology,INV-547-2026-005469,PO-2026-005469,2025-03-10,2025-05-10,45,13125.41,11423.18,11423.18,USD,USD,BANK-84335845,False,normal,11423.18,0
TXN-0000128,SUP-0062,Ground Services,INV-264-2026-000128,PO-2025-000128,2025-03-11,2025-06-16,90,20580.9,19037.07,19037.07,AED,AED,BANK-21048213,False,normal,5183.79,0
TXN-0000320,SUP-0126,Ground Services,INV-313-2026-000320,PO-2025-000320,2025-03-11,2025-04-02,30,6013.77,4341.62,4341.62,AED,AED,BANK-35780160,False,normal,1182.22,0
TXN-0002766,SUP-0120,Professional Services,INV-893-2026-002766,PO-2025-002766,2025-03-11,2025-04-12,30,4437.42,3506.75,3506.75,AED,AED,BANK-53972563,False,normal,954.89,0
TXN-0003269,SUP-0007,Facilities,INV-110-2026-003269,PO-2026-003269,2025-03-11,2025-05-12,60,38038.91,35687.79,35687.79,EUR,EUR,BANK-31280989,False,normal,38899.69,0
TXN-0003525,SUP-0057,Ground Services,INV-950-2026-003525,PO-2026-003525,2025-03-11,2025-05-09,60,12907.96,11990.12,11990.12,USD,USD,BANK-10477636,False,normal,11990.12,0
TXN-0005134,SUP-0027,Information Technology,INV-586-2026-005134,PO-2025-005134,2025-03-11,2025-04-01,30,5421.19,3975.85,3975.85,AED,AED,BANK-26263179,False,normal,1082.62,0
TXN-0005293,SUP-0114,Professional Services,INV-943-2026-005293,PO-2026-005293,2025-03-11,2025-05-09,60,2686.54,2018.72,2018.72,AED,AED,BANK-93480628,False,normal,549.7,0
TXN-0005460,SUP-0021,Ground Services,INV-806-2026-005460,PO-2025-005460,2025-03-11,2025-05-26,60,5262.33,4951.41,4951.41,EUR,EUR,BANK-65967398,False,normal,5397.04,0
TXN-0000009,SUP-0047,Ground Services,INV-302-2026-000009,PO-2026-000009,2025-03-12,2025-04-17,30,1160.51,1088.29,1088.29,USD,USD,BANK-79481118,False,normal,1088.29,0
TXN-0000138,SUP-0067,Maintenance,INV-760-2026-000138,PO-2025-000138,2025-03-12,2025-05-13,60,12995.01,10870.68,10870.68,AED,AED,BANK-77206550,False,normal,2960.09,0
TXN-0000663,SUP-0111,Maintenance,INV-911-2026-000663,PO-2026-000663,2025-03-12,2025-05-16,60,18083.19,17780.22,17780.22,USD,USD,BANK-49045227,False,normal,17780.22,0
TXN-0000861,SUP-0137,Maintenance,INV-272-2026-000861,PO-2026-000861,2025-03-12,2025-04-30,45,11772.01,9182.03,9182.03,GBP,GBP,BANK-75099036,False,normal,11661.18,0
TXN-0001311,SUP-0157,Facilities,INV-688-2026-001311,PO-2026-001311,2025-03-12,2025-06-09,90,164904.34,132640.18,132640.18,USD,USD,BANK-84648574,False,normal,132640.18,0
TXN-0001473,SUP-0106,Information Technology,INV-117-2026-001473,PO-2026-001473,2025-03-12,2025-04-25,45,20608.3,14849.68,14849.68,AED,AED,BANK-74386640,False,normal,4043.57,0
TXN-0002883,SUP-0068,Professional Services,INV-381-2026-002883,PO-2026-002883,2025-03-12,2025-03-30,30,1602.77,1406.39,1406.39,USD,USD,BANK-26134147,False,normal,1406.39,0
TXN-0002949,SUP-0038,Facilities,INV-304-2026-002949,PO-2026-002949,2025-03-12,2025-05-04,45,9108.57,6826.6,6826.6,AED,AED,BANK-86107842,False,normal,1858.88,0
TXN-0003540,SUP-0023,Aircraft Components,INV-686-2026-003540,PO-2025-003540,2025-03-12,2025-04-16,45,24485.43,19628.66,19628.66,GBP,GBP,BANK-91497896,False,normal,24928.4,0
TXN-0003889,SUP-0049,Information Technology,INV-403-2026-003889,PO-2026-003889,2025-03-12,2025-04-14,30,38140.16,33552.54,33552.54,AED,AED,BANK-69549513,False,normal,9136.36,0
TXN-0004783,SUP-0112,Professional Services,INV-105-2026-004783,PO-2026-004783,2025-03-12,2025-03-12,90,94584.15,82001.83,82001.83,USD,USD,BANK-21137842,False,rapid_payment,82001.83,1
TXN-0004811,SUP-0001,Maintenance,INV-158-2026-004811,PO-2026-004811,2025-03-12,2025-03-31,30,6451.74,5371.38,5371.38,EUR,EUR,BANK-38861149,False,normal,5854.8,0
TXN-0000900,SUP-0038,Ground Services,INV-525-2026-000900,PO-2025-000900,2025-03-13,2025-04-30,60,3028.98,2799.8,2799.8,AED,AED,BANK-86107842,False,normal,762.39,0
TXN-0002214,SUP-0019,Information Technology,INV-756-2026-002214,PO-2025-002214,2025-03-13,2025-05-02,45,13756.86,12832.59,12832.59,EUR,EUR,BANK-67134797,False,normal,13987.52,0
TXN-0002587,SUP-0039,Information Technology,INV-430-2026-002587,PO-2026-002587,2025-03-13,2025-04-14,30,7611.43,5804.14,5804.14,USD,USD,BANK-90171323,False,normal,5804.14,0
TXN-0002880,SUP-0120,Maintenance,INV-775-2026-002880,PO-2025-002880,2025-03-13,2025-04-18,30,2953.04,2666.71,2666.71,AED,AED,BANK-53972563,False,normal,726.15,0
TXN-0003334,SUP-0143,Professional Services,INV-298-2026-003334,PO-2025-003334,2025-03-13,2025-03-30,30,9122.77,7150.39,7150.39,GBP,GBP,BANK-24937333,False,normal,9081.0,0
TXN-0003775,SUP-0037,Aircraft Components,INV-553-2026-003775,PO-2026-003775,2025-03-13,2025-04-05,30,6388.1,4690.59,4690.59,USD,USD,BANK-18183594,False,normal,4690.59,0
TXN-0004036,SUP-0112,Facilities,INV-744-2026-004036,PO-2025-004036,2025-03-13,2025-04-19,30,17711.16,15055.4,15055.4,USD,USD,BANK-21137842,False,normal,15055.4,0
TXN-0004646,SUP-0064,Maintenance,INV-422-2026-004646,PO-2025-004646,2025-03-13,2025-04-15,30,8234.6,6303.0,6303.0,EUR,EUR,BANK-84800139,False,normal,6870.27,0
TXN-0005441,SUP-0119,Professional Services,INV-233-2026-005441,PO-2026-005441,2025-03-13,2025-04-28,45,2501.46,2464.27,2464.27,USD,USD,BANK-21899503,False,normal,2464.27,0
TXN-0005576,SUP-0127,Ground Services,INV-116-2026-005576,PO-2025-005576,2025-03-13,2025-04-01,30,27180.63,22349.47,22349.47,USD,USD,BANK-96425599,False,normal,22349.47,0
TXN-0000281,SUP-0099,Ground Services,INV-156-2026-000281,PO-2026-000281,2025-03-14,2025-03-30,30,4704.28,3547.13,3547.13,USD,USD,BANK-78956930,False,normal,3547.13,0
TXN-0001140,SUP-0159,Information Technology,INV-741-2026-001140,PO-2025-001140,2025-03-14,2025-04-26,60,15693.17,12015.61,12015.61,AED,AED,BANK-81713537,False,normal,3271.85,0
TXN-0001691,SUP-0017,Facilities,INV-156-2026-001691,PO-2026-001691,2025-03-14,2025-04-18,30,3179.5,2780.36,2780.36,AED,AED,BANK-38542500,False,normal,757.09,0
TXN-0001739,SUP-0065,Facilities,INV-704-2026-001739,PO-2026-001739,2025-03-14,2025-04-07,30,5642.13,5299.03,5299.03,AED,AED,BANK-90272029,False,normal,1442.93,0
TXN-0002630,SUP-0080,Information Technology,INV-705-2026-002630,PO-2025-002630,2025-03-14,2025-05-03,45,1592.5,1395.02,1395.02,EUR,EUR,BANK-97464377,False,normal,1520.57,0
TXN-0003266,SUP-0128,Ground Services,INV-609-2026-003266,PO-2025-003266,2025-03-14,2025-05-21,60,42081.38,36538.17,36538.17,USD,USD,BANK-93232757,False,normal,36538.17,0
TXN-0003349,SUP-0023,Maintenance,INV-941-2026-003349,PO-2026-003349,2025-03-14,2025-05-21,60,88855.54,83920.53,83920.53,GBP,GBP,BANK-91497896,False,normal,106579.07,0
TXN-0003687,SUP-0082,Professional Services,INV-566-2026-003687,PO-2026-003687,2025-03-14,2025-05-14,60,941.14,747.1,747.1,USD,USD,BANK-55066706,False,normal,747.1,0
TXN-0004419,SUP-0031,Aircraft Components,INV-485-2026-004419,PO-2026-004419,2025-03-14,2025-04-11,30,4240.14,3958.55,3958.55,EUR,EUR,BANK-36891816,False,normal,4314.82,0
TXN-0004433,SUP-0136,Information Technology,INV-385-2026-004433,PO-2026-004433,2025-03-14,2025-05-29,60,16065.53,15703.48,15703.48,USD,USD,BANK-19530766,False,normal,15703.48,0
TXN-0004816,SUP-0159,Professional Services,INV-306-2026-004816,PO-2025-004816,2025-03-14,2025-05-09,60,4615.55,4004.53,4004.53,AED,AED,BANK-81713537,False,normal,1090.43,0
TXN-0004945,SUP-0154,Ground Services,INV-579-2026-004945,PO-2026-004945,2025-03-14,2025-04-06,45,1087.72,1015.42,1015.42,AED,AED,BANK-69720522,False,normal,276.5,0
TXN-0005268,SUP-0044,Maintenance,INV-958-2026-005268,PO-2025-005268,2025-03-14,2025-05-03,45,14015.7,13428.51,13428.51,USD,USD,BANK-52259076,False,normal,13428.51,0
TXN-0000076,SUP-0007,Maintenance,INV-155-2026-000076,PO-2025-000076,2025-03-15,2025-05-05,45,1840.24,1764.59,1764.59,EUR,EUR,BANK-31280989,False,normal,1923.4,0
TXN-0000285,SUP-0105,Information Technology,INV-686-2026-000285,PO-2026-000285,2025-03-15,2025-05-14,60,45999.54,35962.55,35962.55,EUR,EUR,BANK-12259119,False,normal,39199.18,0
TXN-0000312,SUP-0074,Maintenance,INV-525-2026-000312,PO-2025-000312,2025-03-15,2025-05-18,60,6193.81,5065.65,5065.65,USD,USD,BANK-27679119,False,normal,5065.65,0
TXN-0001155,SUP-0116,Aircraft Components,INV-165-2026-001155,PO-2026-001155,2025-03-15,2025-05-02,45,36811.89,31507.14,31507.14,EUR,EUR,BANK-45782037,False,normal,34342.78,0
TXN-0001360,SUP-0099,Maintenance,INV-682-2026-001360,PO-2025-001360,2025-03-15,2025-04-13,30,1150.47,903.54,903.54,USD,USD,BANK-78956930,False,normal,903.54,0
TXN-0001894,SUP-0105,Ground Services,INV-471-2026-001894,PO-2025-001894,2025-03-15,2025-05-16,60,2990.02,2700.36,2700.36,EUR,EUR,BANK-12259119,False,normal,2943.39,0
TXN-0003035,SUP-0133,Aircraft Components,INV-893-2026-003035,PO-2026-003035,2025-03-15,2025-04-16,30,8596.04,6983.43,6983.43,AED,AED,BANK-23338758,False,normal,1901.59,0
TXN-0003327,SUP-0108,Facilities,INV-418-2026-003327,PO-2026-003327,2025-03-15,2025-04-06,30,85625.69,71727.02,71727.02,USD,USD,BANK-76508559,False,normal,71727.02,0
TXN-0004029,SUP-0146,Maintenance,INV-669-2026-004029,PO-2026-004029,2025-03-15,2025-05-02,45,24331.91,24123.7,24123.7,USD,USD,BANK-76449297,False,normal,24123.7,0
TXN-0004559,SUP-0130,Information Technology,INV-276-2026-004559,PO-2026-004559,2025-03-15,2025-04-06,30,86598.1,78736.46,78736.46,AED,AED,BANK-12237354,False,normal,21439.94,0
TXN-0004752,SUP-0132,Professional Services,INV-645-2026-004752,PO-2025-004752,2025-03-15,2025-05-15,45,8178.65,6003.37,6003.37,GBP,GBP,BANK-59967823,False,normal,7624.28,0
TXN-0005246,SUP-0020,Maintenance,INV-887-2026-005246,PO-2025-005246,2025-03-15,2025-05-04,60,8041.7,7285.93,7285.93,AED,AED,BANK-36182605,False,normal,1983.96,0
TXN-0005471,SUP-0035,Maintenance,INV-495-2026-005471,PO-2026-005471,2025-03-15,2025-05-15,60,9038.78,6885.28,6885.28,AED,AED,BANK-23638594,False,normal,1874.86,0
TXN-0000224,SUP-0075,Professional Services,INV-633-2026-000224,PO-2025-000224,2025-03-16,2025-05-16,60,83741.72,62124.96,62124.96,USD,USD,BANK-35245775,False,normal,62124.96,0
TXN-0000398,SUP-0025,Aircraft Components,INV-237-2026-000398,PO-2025-000398,2025-03-16,2025-05-08,60,14157.28,11811.76,11811.76,EUR,EUR,BANK-99224451,False,normal,12874.82,0
TXN-0000596,SUP-0159,Information Technology,INV-393-2026-000596,PO-2025-000596,2025-03-16,2025-04-18,45,2126.39,2027.94,2027.94,AED,AED,BANK-81713537,False,normal,552.21,0
TXN-0001568,SUP-0152,Maintenance,INV-839-2026-001568,PO-2025-001568,2025-03-16,2025-04-16,45,3566.37,3286.74,3286.74,EUR,EUR,BANK-86228158,False,normal,3582.55,0
TXN-0001626,SUP-0108,Maintenance,INV-902-2026-001626,PO-2025-001626,2025-03-16,2025-04-30,45,41765.59,33631.1,33631.1,USD,USD,BANK-76508559,False,normal,33631.1,0
TXN-0001754,SUP-0142,Information Technology,INV-371-2026-001754,PO-2025-001754,2025-03-16,2025-05-23,60,627.89,560.86,560.86,AED,AED,BANK-96960871,False,normal,152.72,0
TXN-0003002,SUP-0154,Maintenance,INV-553-2026-003002,PO-2025-003002,2025-03-16,2025-04-07,30,4663.43,3855.83,3855.83,AED,AED,BANK-69720522,False,normal,1049.94,0
TXN-0003639,SUP-0127,Ground Services,INV-265-2026-003639,PO-2026-003639,2025-03-16,2025-04-07,30,19445.98,14792.17,14792.17,USD,USD,BANK-96425599,False,normal,14792.17,0
TXN-0004290,SUP-0008,Ground Services,INV-644-2026-004290,PO-2025-004290,2025-03-16,2025-04-30,60,118395.21,113219.49,113219.49,EUR,EUR,BANK-22713593,False,normal,123409.24,0
TXN-0004379,SUP-0141,Maintenance,INV-463-2026-004379,PO-2026-004379,2025-03-16,2025-05-08,45,8414.29,7138.28,7138.28,AED,AED,BANK-10585992,False,normal,1943.75,0
TXN-0005194,SUP-0008,Information Technology,INV-792-2026-005194,PO-2025-005194,2025-03-16,2025-05-29,60,4716.55,3443.74,3443.74,EUR,EUR,BANK-22713593,False,normal,3753.68,0
TXN-0005347,SUP-0132,Ground Services,INV-520-2026-005347,PO-2026-005347,2025-03-16,2025-05-07,45,6237.3,4874.02,4874.02,GBP,GBP,BANK-59967823,False,normal,6190.01,0
TXN-0000125,SUP-0134,Aircraft Components,INV-828-2026-000125,PO-2026-000125,2025-03-17,2025-04-27,45,1634.24,1368.72,1368.72,USD,USD,BANK-67057759,False,normal,1368.72,0
TXN-0000597,SUP-0154,Maintenance,INV-894-2026-000597,PO-2026-000597,2025-03-17,2025-03-29,30,6898.47,5747.28,5747.28,AED,AED,BANK-69720522,False,normal,1564.98,0
TXN-0000798,SUP-0129,Ground Services,INV-445-2026-000798,PO-2025-000798,2025-03-17,2025-05-02,30,3850.84,2936.25,2936.25,USD,USD,BANK-54924829,False,normal,2936.25,0
TXN-0001838,SUP-0105,Ground Services,INV-526-2026-001838,PO-2025-001838,2025-03-17,2025-04-07,30,15183.59,13117.67,13117.67,EUR,EUR,BANK-12259119,False,normal,14298.26,0
TXN-0001947,SUP-0026,Aircraft Components,INV-786-2026-001947,PO-2026-001947,2025-03-17,2025-05-12,60,14221.84,10780.41,10780.41,USD,USD,BANK-94243920,False,normal,10780.41,0
TXN-0002702,SUP-0065,Aircraft Components,INV-597-2026-002702,PO-2025-002702,2025-03-17,2025-06-11,60,2482.59,2134.13,2134.13,AED,AED,BANK-90272029,False,normal,581.12,0
TXN-0002912,SUP-0154,Ground Services,INV-943-2026-002912,PO-2025-002912,2025-03-17,2025-06-05,60,6557.27,5407.01,5407.01,AED,AED,BANK-69720522,False,normal,1472.33,0
TXN-0003892,SUP-0043,Ground Services,INV-180-2026-003892,PO-2025-003892,2025-03-17,2025-04-12,30,12304.44,11743.5,11743.5,AED,AED,BANK-56697251,False,normal,3197.76,0
TXN-0004575,SUP-0087,Ground Services,INV-652-2026-004575,PO-2026-004575,2025-03-17,2025-05-21,60,3066.21,2914.39,2914.39,AED,AED,BANK-25685067,False,normal,793.59,0
TXN-0004682,SUP-0032,Maintenance,INV-409-2026-004682,PO-2025-004682,2025-03-17,2025-05-06,60,105352.29,93099.37,93099.37,GBP,GBP,BANK-49158734,False,normal,118236.2,0
TXN-0005016,SUP-0037,Facilities,INV-500-2026-005016,PO-2025-005016,2025-03-17,2025-04-11,30,8247.86,6288.39,6288.39,USD,USD,BANK-18183594,False,normal,6288.39,0
TXN-0005051,SUP-0009,Aircraft Components,INV-210-2026-005051,PO-2026-005051,2025-03-17,2025-04-19,30,3973.3,3629.29,3629.29,USD,USD,BANK-59936721,False,normal,3629.29,0
TXN-0005488,SUP-0010,Aircraft Components,INV-137-2026-005488,PO-2025-005488,2025-03-17,2025-04-16,30,7311.26,6688.26,6688.26,USD,USD,BANK-59212295,False,normal,6688.26,0
TXN-0000580,SUP-0063,Professional Services,INV-807-2026-000580,PO-2025-000580,2025-03-18,2025-04-10,30,16084.59,12134.42,12134.42,AED,AED,BANK-16087857,False,normal,3304.2,0
TXN-0000700,SUP-0050,Information Technology,INV-640-2026-000700,PO-2025-000700,2025-03-18,2025-04-14,30,16822.1,16370.11,16370.11,USD,USD,BANK-46919792,False,normal,16370.11,0
TXN-0000853,SUP-0125,Maintenance,INV-195-2026-000853,PO-2026-000853,2025-03-18,2025-06-05,90,62436.87,45455.98,45455.98,USD,USD,BANK-56892046,False,normal,45455.98,0
TXN-0000949,SUP-0052,Aircraft Components,INV-477-2026-000949,PO-2026-000949,2025-03-18,2025-05-22,60,68118.84,58942.36,58942.36,USD,USD,BANK-89766631,False,normal,58942.36,0
TXN-0001951,SUP-0103,Ground Services,INV-953-2026-001951,PO-2026-001951,2025-03-18,2025-04-07,30,22646.71,17415.2,17415.2,USD,USD,BANK-87788293,False,normal,17415.2,0
TXN-0002084,SUP-0149,Aircraft Components,INV-688-2026-002084,PO-2025-002084,2025-03-18,2025-03-28,30,16146.44,15209.85,15209.85,USD,USD,BANK-52064343,False,normal,15209.85,0
TXN-0003942,SUP-0078,Ground Services,INV-451-2026-003942,PO-2025-003942,2025-03-18,2025-04-29,45,15684.19,12723.69,12723.69,AED,AED,BANK-79966434,False,normal,3464.66,0
TXN-0004120,SUP-0076,Professional Services,INV-109-2026-004120,PO-2025-004120,2025-03-18,2025-06-06,60,12191.12,9288.03,9288.03,USD,USD,BANK-37929130,False,normal,9288.03,0
TXN-0004491,SUP-0092,Maintenance,INV-461-2026-004491,PO-2026-004491,2025-03-18,2025-04-19,30,3456.9,3367.31,3367.31,AED,AED,BANK-70989279,False,normal,916.92,0
TXN-0005004,SUP-0058,Facilities,INV-869-2026-005004,PO-2025-005004,2025-03-18,2025-05-06,30,7638.17,5640.22,5640.22,AED,AED,BANK-94313182,False,normal,1535.83,0
TXN-0000717,SUP-0158,Facilities,INV-270-2026-000717,PO-2026-000717,2025-03-19,2025-04-29,30,9029.32,7205.05,7205.05,AED,AED,BANK-32546185,False,normal,1961.94,0
TXN-0000963,SUP-0119,Information Technology,INV-499-2026-000963,PO-2026-000963,2025-03-19,2025-05-05,45,1061.09,881.11,881.11,USD,USD,BANK-21899503,False,normal,881.11,0
TXN-0001357,SUP-0131,Professional Services,INV-878-2026-001357,PO-2026-001357,2025-03-19,2025-06-24,90,3644.99,3470.81,3470.81,USD,USD,BANK-63724249,False,normal,3470.81,0
TXN-0001461,SUP-0026,Aircraft Components,INV-927-2026-001461,PO-2026-001461,2025-03-19,2025-04-26,30,1454.51,1218.8,1218.8,USD,USD,BANK-94243920,False,normal,1218.8,0
TXN-0001607,SUP-0129,Professional Services,INV-432-2026-001607,PO-2026-001607,2025-03-19,2025-04-15,30,29191.68,21031.55,21031.55,USD,USD,BANK-54924829,False,normal,21031.55,0
TXN-0002640,SUP-0143,Ground Services,INV-465-2026-002640,PO-2025-002640,2025-03-19,2025-04-18,30,20590.01,16738.99,16738.99,GBP,GBP,BANK-24937333,False,normal,21258.52,0
TXN-0003492,SUP-0158,Aircraft Components,INV-174-2026-003492,PO-2025-003492,2025-03-19,2025-05-08,30,3321.48,2552.07,2552.07,AED,AED,BANK-32546185,False,normal,694.93,0
TXN-0003688,SUP-0064,Professional Services,INV-743-2026-001856,PO-2025-001856,2025-03-19,2025-05-03,45,16680.37,12038.8,12038.8,EUR,EUR,BANK-84800139,False,exact_duplicate,13122.29,1
TXN-0003833,SUP-0137,Aircraft Components,INV-712-2026-003833,PO-2026-003833,2025-03-19,2025-04-15,30,26183.3,19226.8,19226.8,GBP,GBP,BANK-75099036,False,normal,24418.04,0
TXN-0003887,SUP-0037,Maintenance,INV-296-2026-003887,PO-2026-003887,2025-03-19,2025-05-21,60,27233.52,21949.23,21949.23,USD,USD,BANK-18183594,False,normal,21949.23,0
TXN-0004022,SUP-0095,Professional Services,INV-989-2026-004022,PO-2025-004022,2025-03-19,2025-04-25,30,31019.71,22645.41,22645.41,USD,USD,BANK-36688168,False,normal,22645.41,0
TXN-0004303,SUP-0049,Maintenance,INV-881-2026-004303,PO-2026-004303,2025-03-19,2025-05-05,45,6583.98,5463.94,5463.94,AED,AED,BANK-69549513,False,normal,1487.83,0
TXN-0000475,SUP-0025,Information Technology,INV-484-2026-000475,PO-2026-000475,2025-03-20,2025-06-17,90,70957.71,64146.49,64146.49,EUR,EUR,BANK-99224451,False,normal,69919.67,0
TXN-0000483,SUP-0148,Aircraft Components,INV-946-2026-000483,PO-2026-000483,2025-03-20,2025-04-14,30,7345.67,5346.94,5346.94,AED,AED,BANK-48887190,False,normal,1455.97,0
TXN-0000994,SUP-0067,Professional Services,INV-509-2026-000994,PO-2025-000994,2025-03-20,2025-04-13,30,6895.73,6206.02,6206.02,AED,AED,BANK-77206550,False,normal,1689.9,0
TXN-0001106,SUP-0056,Maintenance,INV-809-2026-001106,PO-2025-001106,2025-03-20,2025-04-22,30,20900.45,15586.34,15586.34,EUR,EUR,BANK-33621446,False,normal,16989.11,0
TXN-0001471,SUP-0085,Aircraft Components,INV-877-2026-001471,PO-2026-001471,2025-03-20,2025-05-01,30,24679.02,23539.07,23539.07,USD,USD,BANK-94093522,False,normal,23539.07,0
TXN-0001824,SUP-0086,Maintenance,INV-276-2026-001824,PO-2025-001824,2025-03-20,2025-05-05,45,3468.98,3350.55,3350.55,USD,USD,BANK-11254265,False,normal,3350.55,0
TXN-0001868,SUP-0075,Information Technology,INV-631-2026-001868,PO-2025-001868,2025-03-20,2025-05-21,60,41413.01,38039.02,38039.02,USD,USD,BANK-35245775,False,normal,38039.02,0
TXN-0001998,SUP-0052,Aircraft Components,INV-777-2026-001998,PO-2025-001998,2025-03-20,2025-04-12,30,31380.51,30308.87,30308.87,USD,USD,BANK-89766631,False,normal,30308.87,0
TXN-0005163,SUP-0156,Maintenance,INV-502-2026-005163,PO-2026-005163,2025-03-20,2025-06-14,90,8446.34,7803.86,7803.86,AED,AED,BANK-35913857,False,normal,2124.99,0
TXN-0000400,SUP-0118,Maintenance,INV-160-2026-000400,PO-2025-000400,2025-03-21,2025-04-26,45,23499.79,21454.21,21454.21,AED,AED,BANK-37085381,False,normal,5841.98,0
TXN-0000947,SUP-0028,Facilities,INV-102-2026-000947,PO-2026-000947,2025-03-21,2025-04-26,30,2540.5,2435.47,2435.47,USD,USD,BANK-24814703,False,normal,2435.47,0
TXN-0001814,SUP-0143,Ground Services,INV-777-2026-001814,PO-2025-001814,2025-03-21,2025-05-18,60,1528.9,1228.43,1228.43,GBP,GBP,BANK-24937333,False,normal,1560.11,0
TXN-0003036,SUP-0054,Professional Services,INV-168-2026-003036,PO-2025-003036,2025-03-21,2025-05-27,45,3783.98,3295.01,3295.01,AED,AED,BANK-77211064,False,normal,897.23,0
TXN-0003054,SUP-0133,Information Technology,INV-389-2026-003054,PO-2025-003054,2025-03-21,2025-04-12,30,35230.7,30952.68,30952.68,AED,AED,BANK-23338758,False,normal,8428.41,0
TXN-0004304,SUP-0096,Information Technology,INV-831-2026-004304,PO-2025-004304,2025-03-21,2025-05-20,60,16508.3,13643.85,13643.85,AED,AED,BANK-55569693,False,normal,3715.22,0
TXN-0004321,SUP-0075,Aircraft Components,INV-495-2026-004321,PO-2026-004321,2025-03-21,2025-03-28,30,98206.48,96334.74,96334.74,USD,USD,BANK-35245775,False,normal,96334.74,0
TXN-0004458,SUP-0139,Professional Services,INV-522-2026-004458,PO-2025-004458,2025-03-21,2025-04-28,30,45785.64,44036.03,44036.03,EUR,EUR,BANK-77394363,False,normal,47999.27,0
TXN-0005018,SUP-0116,Maintenance,INV-574-2026-005018,PO-2025-005018,2025-03-21,2025-05-23,60,46688.61,36908.63,36908.63,EUR,EUR,BANK-45782037,False,normal,40230.41,0
TXN-0005422,SUP-0147,Information Technology,INV-435-2026-005422,PO-2025-005422,2025-03-21,2025-04-24,45,27298.68,23646.19,23646.19,USD,USD,BANK-82392481,False,normal,23646.19,0
TXN-0000108,SUP-0157,Ground Services,INV-631-2026-000108,PO-2025-000108,2025-03-22,2025-05-21,60,33153.0,32200.28,32200.28,USD,USD,BANK-84648574,False,normal,32200.28,0
TXN-0000418,SUP-0142,Professional Services,INV-594-2026-000418,PO-2025-000418,2025-03-22,2025-07-13,90,14407.57,12771.92,12771.92,AED,AED,BANK-96960871,False,normal,3477.79,0
TXN-0001705,SUP-0059,Professional Services,INV-709-2026-001705,PO-2026-001705,2025-03-22,2025-04-27,45,8916.53,7582.68,7582.68,USD,USD,BANK-95295830,False,normal,7582.68,0
TXN-0001965,SUP-0135,Ground Services,INV-378-2026-001965,PO-2026-001965,2025-03-22,2025-05-03,30,7235.65,5533.96,5533.96,AED,AED,BANK-85671420,False,normal,1506.9,0
TXN-0002900,SUP-0040,Professional Services,INV-458-2026-002900,PO-2025-002900,2025-03-22,2025-05-02,30,6524.72,5072.37,5072.37,AED,AED,BANK-30107614,False,normal,1381.21,0
TXN-0003053,SUP-0085,Aircraft Components,INV-283-2026-003053,PO-2026-003053,2025-03-22,2025-06-18,90,2632.9,2091.35,2091.35,USD,USD,BANK-94093522,False,normal,2091.35,0
TXN-0004264,SUP-0059,Professional Services,INV-654-2026-004264,PO-2025-004264,2025-03-22,2025-06-25,90,5241.26,4757.33,4757.33,USD,USD,BANK-95295830,False,normal,4757.33,0
TXN-0005364,SUP-0010,Ground Services,INV-988-2026-005364,PO-2025-005364,2025-03-22,2025-04-19,30,20283.81,19676.47,19676.47,USD,USD,BANK-59212295,False,normal,19676.47,0
TXN-0005512,SUP-0157,Aircraft Components,INV-225-2026-005512,PO-2025-005512,2025-03-22,2025-05-03,30,5005.56,4308.16,4308.16,USD,USD,BANK-84648574,False,normal,4308.16,0
TXN-0000027,SUP-0135,Aircraft Components,INV-878-2026-000027,PO-2026-000027,2025-03-23,2025-04-11,30,2163.77,1756.84,1756.84,AED,AED,BANK-85671420,False,normal,478.39,0
TXN-0001244,SUP-0017,Aircraft Components,INV-642-2026-001244,PO-2025-001244,2025-03-23,2025-04-25,30,80825.29,66133.17,66133.17,AED,AED,BANK-38542500,False,normal,18008.06,0
TXN-0001699,SUP-0102,Professional Services,INV-194-2026-001699,PO-2026-001699,2025-03-23,2025-04-14,30,184804.46,136502.69,136502.69,AED,AED,BANK-27979808,False,normal,37169.68,0
TXN-0002460,SUP-0049,Information Technology,INV40320260038A89,PO-2026-003889,2025-03-23,2025-04-22,30,38140.16,33552.54,33552.54,AED,AED,BANK-69549513,False,near_duplicate,9136.36,1
TXN-0002467,SUP-0150,Aircraft Components,INV-493-2026-002467,PO-2026-002467,2025-03-23,2025-05-17,60,4083.37,3253.98,3253.98,USD,USD,BANK-67087104,False,normal,3253.98,0
TXN-0003811,SUP-0072,Aircraft Components,INV-956-2026-003811,PO-2026-003811,2025-03-23,2025-04-21,30,2697.15,1979.57,1979.57,USD,USD,BANK-88710582,False,normal,1979.57,0
TXN-0004680,SUP-0013,Maintenance,INV-150-2026-004680,PO-2025-004680,2025-03-23,2025-04-29,30,4674.07,4048.23,4048.23,AED,AED,BANK-84681076,False,normal,1102.33,0
TXN-0005259,SUP-0003,Aircraft Components,INV-481-2026-005259,PO-2026-005259,2025-03-23,2025-04-17,30,11177.63,10846.77,10846.77,EUR,EUR,BANK-65317853,False,normal,11822.98,0
TXN-0005352,SUP-0086,Maintenance,INV27620260018A24,PO-2025-001824,2025-03-23,2025-05-07,45,3468.98,3350.55,3350.55,USD,USD,BANK-11254265,False,near_duplicate,3350.55,1
TXN-0005581,SUP-0062,Maintenance,INV-915-2026-005581,PO-2026-005581,2025-03-23,2025-04-16,30,5981.05,5262.77,5262.77,AED,AED,BANK-21048213,False,normal,1433.05,0
TXN-0000241,SUP-0116,Aircraft Components,INV-834-2026-000241,PO-2026-000241,2025-03-24,2025-05-27,60,6887.29,5203.62,5203.62,EUR,EUR,BANK-45782037,False,normal,5671.95,0
TXN-0000269,SUP-0089,Information Technology,INV-413-2026-000269,PO-2026-000269,2025-03-24,2025-04-10,30,30013.91,24344.42,24344.42,USD,USD,BANK-35136775,False,normal,24344.42,0
TXN-0000486,SUP-0067,Information Technology,INV-193-2026-000486,PO-2025-000486,2025-03-24,2025-05-15,60,5180.98,4592.79,4592.79,AED,AED,BANK-77206550,False,normal,1250.62,0
TXN-0000645,SUP-0066,Ground Services,INV-687-2026-000645,PO-2026-000645,2025-03-24,2025-05-14,30,1123.7,991.92,991.92,AED,AED,BANK-23795588,False,normal,270.1,0
TXN-0000745,SUP-0132,Maintenance,INV-967-2026-000745,PO-2026-000745,2025-03-24,2025-04-11,30,17014.24,13718.07,13718.07,GBP,GBP,BANK-59967823,False,normal,17421.95,0
TXN-0001945,SUP-0022,Facilities,INV-731-2026-001945,PO-2026-001945,2025-03-24,2025-04-27,45,2039.62,1876.27,1876.27,USD,USD,BANK-56355141,False,normal,1876.27,0
TXN-0002094,SUP-0091,Aircraft Components,INV-213-2026-002094,PO-2025-002094,2025-03-24,2025-06-04,60,3278.83,3191.39,3191.39,USD,USD,BANK-11616527,False,normal,3191.39,0
TXN-0002112,SUP-0116,Aircraft Components,INV-631-2026-002112,PO-2025-002112,2025-03-24,2025-04-10,30,4538.69,4429.23,4429.23,EUR,EUR,BANK-45782037,False,normal,4827.86,0
TXN-0002436,SUP-0124,Facilities,INV-438-2026-002436,PO-2025-002436,2025-03-24,2025-04-17,30,27932.27,26269.56,26269.56,USD,USD,BANK-96006092,False,normal,26269.56,0
TXN-0003021,SUP-0134,Maintenance,INV-944-2026-003021,PO-2026-003021,2025-03-24,2025-05-14,60,4235.17,3839.69,3839.69,USD,USD,BANK-67057759,False,normal,3839.69,0
TXN-0003518,SUP-0072,Maintenance,INV-494-2026-003518,PO-2025-003518,2025-03-24,2025-05-05,30,15477.22,13950.52,13950.52,USD,USD,BANK-88710582,False,normal,13950.52,0
TXN-0004607,SUP-0062,Ground Services,INV-264-2026-000128,PO-2025-000128,2025-03-24,2025-06-22,90,20580.9,19037.07,19037.07,AED,AED,BANK-21048213,False,exact_duplicate,5183.79,1
TXN-0004967,SUP-0135,Facilities,INV-174-2026-004967,PO-2026-004967,2025-03-24,2025-04-25,30,9039.88,11671.45,11671.45,AED,AED,BANK-85671420,False,invoice_above_po,3178.14,1
TXN-0005205,SUP-0060,Maintenance,INV-485-2026-005205,PO-2026-005205,2025-03-24,2025-06-03,60,26147.55,20388.91,20388.91,USD,USD,BANK-31687351,False,normal,20388.91,0
TXN-0005409,SUP-0087,Aircraft Components,INV-740-2026-005409,PO-2026-005409,2025-03-24,2025-05-08,30,25370.45,23498.26,23498.26,AED,AED,BANK-25685067,False,normal,6398.58,0
TXN-0000948,SUP-0090,Information Technology,INV-375-2026-000948,PO-2025-000948,2025-03-25,2025-05-21,45,41181.78,39233.18,39233.18,AED,AED,BANK-21863999,False,normal,10683.19,0
TXN-0001437,SUP-0133,Information Technology,INV-680-2026-001437,PO-2026-001437,2025-03-25,2025-05-01,30,2684.06,2159.53,2159.53,AED,AED,BANK-23338758,False,normal,588.04,0
TXN-0001929,SUP-0060,Maintenance,INV-966-2026-001929,PO-2026-001929,2025-03-25,2025-04-14,30,20515.64,17718.87,17718.87,USD,USD,BANK-31687351,False,normal,17718.87,0
TXN-0002495,SUP-0115,Maintenance,INV-210-2026-002495,PO-2026-002495,2025-03-25,2025-04-24,60,11680.49,11257.38,11257.38,USD,USD,BANK-17278259,False,normal,11257.38,0
TXN-0002565,SUP-0134,Information Technology,INV-119-2026-002565,PO-2026-002565,2025-03-25,2025-06-25,90,5040.09,4560.95,4560.95,USD,USD,BANK-67057759,False,normal,4560.95,0
TXN-0003267,SUP-0154,Aircraft Components,INV-405-2026-003267,PO-2026-003267,2025-03-25,2025-04-27,30,15308.71,13327.58,13327.58,AED,AED,BANK-69720522,False,normal,3629.1,0
TXN-0004253,SUP-0056,Ground Services,INV-326-2026-004253,PO-2026-004253,2025-03-25,2025-06-07,90,1794.13,1665.93,1665.93,EUR,EUR,BANK-33621446,False,normal,1815.86,0
TXN-0005105,SUP-0014,Professional Services,INV-874-2026-005105,PO-2026-005105,2025-03-25,2025-05-12,30,3900.81,3364.3,3364.3,EUR,EUR,BANK-51403053,False,normal,3667.09,0
TXN-0005536,SUP-0047,Aircraft Components,INV-915-2026-005536,PO-2025-005536,2025-03-25,2025-06-18,90,2261.24,1742.2,1742.2,USD,USD,BANK-79481118,False,normal,1742.2,0
TXN-0000278,SUP-0150,Information Technology,INV-284-2026-000278,PO-2025-000278,2025-03-26,2025-05-10,45,13598.83,11517.52,11517.52,USD,USD,BANK-67087104,False,normal,11517.52,0
TXN-0001642,SUP-0101,Maintenance,INV-469-2026-001642,PO-2025-001642,2025-03-26,2025-05-16,60,17486.99,15625.34,15625.34,EUR,EUR,BANK-47533220,False,normal,17031.62,0
TXN-0001659,SUP-0059,Maintenance,INV-786-2026-001659,PO-2026-001659,2025-03-26,2025-05-08,30,38119.61,29084.2,29084.2,USD,USD,BANK-95295830,False,normal,29084.2,0
TXN-0002726,SUP-0045,Professional Services,INV-715-2026-002726,PO-2025-002726,2025-03-26,2025-06-07,60,8352.33,7717.01,7717.01,EUR,EUR,BANK-38433614,False,normal,8411.54,0
TXN-0003784,SUP-0081,Professional Services,INV-597-2026-003784,PO-2025-003784,2025-03-26,2025-05-14,60,2079.5,1803.14,1803.14,AED,AED,BANK-54937628,False,normal,491.0,0
TXN-0005144,SUP-0005,Maintenance,INV-946-2026-005144,PO-2025-005144,2025-03-26,2025-06-19,90,10269.28,8926.37,8926.37,USD,USD,BANK-97763977,False,normal,8926.37,0
TXN-0000614,SUP-0070,Maintenance,INV-533-2026-000614,PO-2025-000614,2025-03-27,2025-05-24,60,5077.75,4915.7,4915.7,USD,USD,BANK-63944450,False,normal,4915.7,0
TXN-0001869,SUP-0050,Maintenance,INV-707-2026-001869,PO-2026-001869,2025-03-27,2025-04-19,30,2520.5,2190.51,2190.51,USD,USD,BANK-46919792,False,normal,2190.51,0
TXN-0002422,SUP-0152,Professional Services,INV-663-2026-002422,PO-2025-002422,2025-03-27,2025-05-07,30,67857.44,57158.23,57158.23,EUR,EUR,BANK-86228158,False,normal,62302.47,0
TXN-0003625,SUP-0037,Maintenance,INV29620260038A87,PO-2026-003887,2025-03-27,2025-05-26,60,27233.52,21949.23,21949.23,USD,USD,BANK-18183594,False,near_duplicate,21949.23,1
TXN-0004827,SUP-0034,Aircraft Components,INV-601-2026-004827,PO-2026-004827,2025-03-27,2025-07-04,90,16224.33,13609.81,13609.81,USD,USD,BANK-99313799,False,normal,13609.81,0
TXN-0004963,SUP-0069,Information Technology,INV-838-2026-004963,PO-2026-004963,2025-03-27,2025-05-01,30,19387.91,16037.76,16037.76,USD,USD,BANK-43048809,False,normal,16037.76,0
TXN-0005426,SUP-0054,Maintenance,INV-518-2026-005426,PO-2025-005426,2025-03-27,2025-05-08,45,19843.47,16927.15,16927.15,AED,AED,BANK-77211064,False,normal,4609.26,0
TXN-0005570,SUP-0138,Aircraft Components,INV-169-2026-005570,PO-2025-005570,2025-03-27,2025-05-08,45,2599.24,2542.09,2542.09,AED,AED,BANK-22630563,False,normal,692.21,0
TXN-0000231,SUP-0083,Ground Services,INV-513-2026-000231,PO-2026-000231,2025-03-28,2025-05-06,30,28096.65,25706.64,25706.64,EUR,EUR,BANK-49032895,False,normal,28020.24,0
TXN-0000315,SUP-0002,Ground Services,INV-343-2026-000315,PO-2026-000315,2025-03-28,2025-04-25,30,6028.53,5250.18,5250.18,USD,USD,BANK-19696685,False,normal,5250.18,0
TXN-0000695,SUP-0098,Professional Services,INV-309-2026-000695,PO-2026-000695,2025-03-28,2025-05-21,60,10548.69,8485.35,8485.35,USD,USD,BANK-72483618,False,normal,8485.35,0
TXN-0001062,SUP-0136,Aircraft Components,INV-441-2026-001062,PO-2025-001062,2025-03-28,2025-04-21,30,14612.01,12717.74,12717.74,USD,USD,BANK-19530766,False,normal,12717.74,0
TXN-0001304,SUP-0121,Professional Services,INV-890-2026-001304,PO-2025-001304,2025-03-28,2025-05-15,30,5853.26,5179.02,5179.02,AED,AED,BANK-55753531,False,normal,1410.25,0
TXN-0001706,SUP-0066,Aircraft Components,INV-369-2026-001706,PO-2025-001706,2025-03-28,2025-04-16,30,7471.13,5686.23,5686.23,AED,AED,BANK-23795588,False,normal,1548.36,0
TXN-0001735,SUP-0152,Maintenance,INV-984-2026-001735,PO-2026-001735,2025-03-28,2025-04-24,30,21568.09,20593.86,20593.86,EUR,EUR,BANK-86228158,False,normal,22447.31,0
TXN-0003800,SUP-0123,Maintenance,INV-828-2026-003800,PO-2025-003800,2025-03-28,2025-06-22,90,3157.5,2788.18,2788.18,USD,USD,BANK-38236379,False,normal,2788.18,0
TXN-0003823,SUP-0129,Information Technology,INV-719-2026-003823,PO-2026-003823,2025-03-28,2025-04-26,30,12728.27,11921.08,11921.08,USD,USD,BANK-54924829,False,normal,11921.08,0
TXN-0004033,SUP-0114,Maintenance,INV-510-2026-004033,PO-2026-004033,2025-03-28,2025-04-25,30,20063.68,14991.98,14991.98,AED,AED,BANK-93480628,False,normal,4082.32,0
TXN-0004214,SUP-0004,Facilities,INV-964-2026-004214,PO-2025-004214,2025-03-28,2025-05-17,60,3090.67,2311.07,2311.07,AED,AED,BANK-92441065,False,normal,629.3,0
TXN-0004927,SUP-0082,Ground Services,INV-225-2026-004927,PO-2026-004927,2025-03-28,2025-04-17,30,46310.59,40857.07,40857.07,USD,USD,BANK-55066706,False,normal,40857.07,0
TXN-0001029,SUP-0040,Maintenance,INV-752-2026-001029,PO-2026-001029,2025-03-29,2025-04-18,30,33999.17,33209.15,33209.15,AED,AED,BANK-30107614,False,normal,9042.85,0
TXN-0001052,SUP-0018,Maintenance,INV-811-2026-001052,PO-2025-001052,2025-03-29,2025-06-09,60,20693.21,15874.43,15874.43,USD,USD,BANK-95760944,False,normal,15874.43,0
TXN-0001116,SUP-0119,Aircraft Components,INV-983-2026-001116,PO-2025-001116,2025-03-29,2025-05-09,30,16414.06,15594.75,15594.75,USD,USD,BANK-21899503,False,normal,15594.75,0
TXN-0001154,SUP-0044,Facilities,INV-327-2026-001154,PO-2025-001154,2025-03-29,2025-05-03,45,11961.21,9758.28,9758.28,USD,USD,BANK-52259076,False,normal,9758.28,0
TXN-0001385,SUP-0007,Maintenance,INV-654-2026-001385,PO-2026-001385,2025-03-29,2025-06-09,60,5695.65,5573.01,5573.01,EUR,EUR,BANK-31280989,False,normal,6074.58,0
TXN-0002067,SUP-0035,Aircraft Components,INV-145-2026-002067,PO-2026-002067,2025-03-29,2025-05-02,30,67394.14,58150.45,58150.45,AED,AED,BANK-23638594,False,normal,15834.37,0
TXN-0002742,SUP-0061,Professional Services,INV-181-2026-002742,PO-2025-002742,2025-03-29,2025-05-20,30,41812.6,39468.67,39468.67,AED,AED,BANK-12871994,False,normal,10747.32,0
TXN-0002770,SUP-0031,Ground Services,INV-937-2026-002770,PO-2025-002770,2025-03-29,2025-04-25,30,9443.46,7078.38,7078.38,EUR,EUR,BANK-36891816,False,normal,7715.43,0
TXN-0002892,SUP-0094,Information Technology,INV-830-2026-002892,PO-2025-002892,2025-03-29,2025-05-16,30,25995.91,24642.23,24642.23,USD,USD,BANK-20964925,False,normal,24642.23,0
TXN-0003740,SUP-0029,Aircraft Components,INV-713-2026-003740,PO-2025-003740,2025-03-29,2025-04-29,45,25715.67,21585.55,21585.55,USD,USD,BANK-57984114,False,normal,21585.55,0
TXN-0004516,SUP-0006,Facilities,INV-790-2026-004516,PO-2025-004516,2025-03-29,2025-04-20,30,7037.57,5489.1,5489.1,GBP,GBP,BANK-30719258,False,normal,6971.16,0
TXN-0004713,SUP-0091,Aircraft Components,INV-216-2026-004713,PO-2026-004713,2025-03-29,2025-04-08,30,52071.55,37595.06,37595.06,USD,USD,BANK-11616527,False,normal,37595.06,0
TXN-0005126,SUP-0040,Maintenance,INV-988-2026-005126,PO-2025-005126,2025-03-29,2025-04-26,30,20510.18,17006.96,17006.96,AED,AED,BANK-30107614,False,normal,4631.0,0
TXN-0002020,SUP-0019,Aircraft Components,INV-482-2026-002020,PO-2025-002020,2025-03-30,2025-04-26,30,9383.82,8813.1,8813.1,EUR,EUR,BANK-67134797,False,normal,9606.28,0
TXN-0002711,SUP-0037,Aircraft Components,INV-525-2026-002711,PO-2026-002711,2025-03-30,2025-05-05,30,44339.47,38538.28,38538.28,USD,USD,BANK-18183594,False,normal,38538.28,0
TXN-0002964,SUP-0080,Professional Services,INV-684-2026-002964,PO-2025-002964,2025-03-30,2025-05-19,45,44401.44,41395.07,41395.07,EUR,EUR,BANK-97464377,False,normal,45120.63,0
TXN-0003539,SUP-0073,Professional Services,INV-440-2026-003539,PO-2026-003539,2025-03-30,2025-07-06,90,35366.29,34813.5,34813.5,EUR,EUR,BANK-14030635,False,normal,37946.72,0
TXN-0005300,SUP-0099,Maintenance,INV-311-2026-005300,PO-2025-005300,2025-03-30,2025-05-20,45,32855.82,25935.95,25935.95,USD,USD,BANK-78956930,False,normal,25935.95,0
TXN-0000091,SUP-0149,Ground Services,INV-596-2026-000091,PO-2026-000091,2025-03-31,2025-05-04,30,4543.67,4501.65,4501.65,USD,USD,BANK-52064343,False,normal,4501.65,0
TXN-0000112,SUP-0125,Maintenance,INV-674-2026-000112,PO-2025-000112,2025-03-31,2025-05-26,45,20974.93,18694.35,18694.35,USD,USD,BANK-56892046,False,normal,18694.35,0
TXN-0000230,SUP-0128,Ground Services,INV-103-2026-000230,PO-2025-000230,2025-03-31,2025-05-23,60,5707.35,4155.96,4155.96,USD,USD,BANK-93232757,False,normal,4155.96,0
TXN-0000457,SUP-0147,Maintenance,INV-589-2026-000457,PO-2026-000457,2025-03-31,2025-05-16,30,21365.89,16266.37,16266.37,USD,USD,BANK-82392481,False,normal,16266.37,0
TXN-0001795,SUP-0123,Aircraft Components,INV-505-2026-001795,PO-2026-001795,2025-03-31,2025-05-03,30,1757.84,1593.18,1593.18,USD,USD,BANK-38236379,False,normal,1593.18,0
TXN-0001819,SUP-0147,Maintenance,INV-978-2026-001819,PO-2026-001819,2025-03-31,2025-04-22,30,16114.96,13139.03,13139.03,USD,USD,BANK-82392481,False,normal,13139.03,0
TXN-0002452,SUP-0116,Maintenance,INV-755-2026-002452,PO-2025-002452,2025-03-31,2025-06-10,60,3202.48,2767.05,2767.05,EUR,EUR,BANK-45782037,False,normal,3016.08,0
TXN-0002710,SUP-0029,Professional Services,INV-703-2026-002710,PO-2025-002710,2025-03-31,2025-04-17,30,21866.34,21097.87,21097.87,USD,USD,BANK-57984114,False,normal,21097.87,0
TXN-0002851,SUP-0084,Aircraft Components,INV-150-2026-002851,PO-2026-002851,2025-03-31,2025-06-02,45,13822.11,13429.95,13429.95,USD,USD,BANK-22950775,False,normal,13429.95,0
TXN-0003976,SUP-0055,Information Technology,INV-968-2026-003976,PO-2025-003976,2025-03-31,2025-04-28,30,12106.95,11273.16,11273.16,AED,AED,BANK-44199230,False,normal,3069.68,0
TXN-0004593,SUP-0130,Information Technology,INV-878-2026-004593,PO-2026-004593,2025-03-31,2025-04-26,30,4174.22,3633.09,3633.09,AED,AED,BANK-12237354,False,normal,989.29,0
TXN-0004791,SUP-0040,Ground Services,INV-791-2026-004791,PO-2026-004791,2025-03-31,2025-07-08,90,23861.06,23578.43,23578.43,AED,AED,BANK-30107614,False,normal,6420.41,0
TXN-0004948,SUP-0081,Facilities,INV-656-2026-004948,PO-2025-004948,2025-03-31,2025-05-24,60,10279.99,9952.98,9952.98,AED,AED,BANK-54937628,False,normal,2710.2,0
TXN-0005112,SUP-0109,Facilities,INV-475-2026-005112,PO-2025-005112,2025-03-31,2025-04-19,30,50443.57,48626.51,48626.51,USD,USD,BANK-84335845,False,normal,48626.51,0
TXN-0005383,SUP-0148,Professional Services,INV-369-2026-005383,PO-2026-005383,2025-03-31,2025-05-24,60,1323.19,1153.3,1153.3,AED,AED,BANK-48887190,False,normal,314.04,0
TXN-0005520,SUP-0040,Maintenance,INV-891-2026-005520,PO-2025-005520,2025-03-31,2025-06-11,60,1048.76,981.82,981.82,AED,AED,BANK-30107614,False,normal,267.35,0
TXN-0000646,SUP-0108,Maintenance,INV-158-2026-000646,PO-2025-000646,2025-04-01,2025-05-08,45,14858.5,14459.82,14459.82,USD,USD,BANK-76508559,False,normal,14459.82,0
TXN-0001956,SUP-0001,Ground Services,INV-303-2026-001956,PO-2025-001956,2025-04-01,2025-04-28,30,6235.68,5809.32,5809.32,EUR,EUR,BANK-38861149,False,normal,6332.16,0
TXN-0002433,SUP-0136,Aircraft Components,INV-211-2026-002433,PO-2026-002433,2025-04-01,2025-04-20,30,18139.97,14984.1,14984.1,USD,USD,BANK-19530766,False,normal,14984.1,0
TXN-0004508,SUP-0131,Professional Services,INV87820260013A57,PO-2026-001357,2025-04-01,2025-06-30,90,3644.99,3470.81,3470.81,USD,USD,BANK-63724249,False,near_duplicate,3470.81,1
TXN-0005492,SUP-0026,Maintenance,INV-552-2026-005492,PO-2025-005492,2025-04-01,2025-05-26,45,2493.41,1828.75,1828.75,USD,USD,BANK-94243920,False,normal,1828.75,0
TXN-0000200,SUP-0129,Maintenance,INV-626-2026-000200,PO-2025-000200,2025-04-02,2025-05-21,45,16841.76,16512.07,16512.07,USD,AED,BANK-54924829,False,currency_mismatch,4496.24,1
TXN-0001425,SUP-0012,Facilities,INV-993-2026-001425,PO-2026-001425,2025-04-02,2025-05-03,30,24773.99,18919.26,18919.26,GBP,GBP,BANK-37895989,False,normal,24027.46,0
TXN-0002756,SUP-0034,Maintenance,INV-663-2026-002756,PO-2025-002756,2025-04-02,2025-05-06,45,13837.75,12363.42,12363.42,USD,USD,BANK-99313799,False,normal,12363.42,0
TXN-0002767,SUP-0025,Information Technology,INV-831-2026-002767,PO-2026-002767,2025-04-02,2025-05-31,60,9971.45,8440.78,8440.78,EUR,EUR,BANK-99224451,False,normal,9200.45,0
TXN-0002864,SUP-0125,Ground Services,INV-617-2026-002864,PO-2025-002864,2025-04-02,2025-07-08,90,10815.4,9029.87,9029.87,USD,USD,BANK-56892046,False,normal,9029.87,0
TXN-0002893,SUP-0138,Maintenance,INV-858-2026-002893,PO-2026-002893,2025-04-02,2025-05-19,45,44044.53,39079.72,39079.72,AED,AED,BANK-22630563,False,normal,10641.41,0
TXN-0003759,SUP-0057,Information Technology,INV-343-2026-003759,PO-2026-003759,2025-04-02,2025-05-30,45,6818.29,5852.19,5852.19,USD,USD,BANK-10477636,False,normal,5852.19,0
TXN-0003787,SUP-0150,Information Technology,INV-451-2026-003787,PO-2026-003787,2025-04-02,2025-05-17,45,6160.08,6085.71,6085.71,USD,USD,BANK-67087104,False,normal,6085.71,0
TXN-0004162,SUP-0013,Maintenance,INV-860-2026-004162,PO-2025-004162,2025-04-02,2025-05-24,45,95426.19,80174.64,80174.64,AED,AED,BANK-84681076,False,normal,21831.55,0
TXN-0005323,SUP-0078,Aircraft Components,INV-684-2026-005323,PO-2026-005323,2025-04-02,2025-04-30,30,15975.35,13095.89,13095.89,AED,AED,BANK-79966434,False,normal,3566.01,0
TXN-0000472,SUP-0102,Professional Services,INV-123-2026-000472,PO-2025-000472,2025-04-03,2025-05-25,60,41308.45,30380.88,30380.88,AED,AED,BANK-27979808,False,normal,8272.71,0
TXN-0000919,SUP-0029,Ground Services,INV-263-2026-000919,PO-2026-000919,2025-04-03,2025-05-12,30,17866.41,15696.84,15696.84,USD,USD,BANK-57984114,False,normal,15696.84,0
TXN-0001056,SUP-0039,Facilities,INV-670-2026-001056,PO-2025-001056,2025-04-03,2025-04-28,30,17724.51,12995.23,12995.23,USD,USD,BANK-90171323,False,normal,12995.23,0
TXN-0001213,SUP-0058,Aircraft Components,INV-254-2026-001213,PO-2026-001213,2025-04-03,2025-04-25,30,6861.89,6196.88,6196.88,AED,AED,BANK-94313182,False,normal,1687.41,0
TXN-0001344,SUP-0158,Aircraft Components,INV-294-2026-001344,PO-2025-001344,2025-04-03,2025-06-11,60,9974.08,8636.48,8636.48,AED,AED,BANK-32546185,False,normal,2351.71,0
TXN-0001474,SUP-0030,Maintenance,INV-333-2026-001474,PO-2025-001474,2025-04-03,2025-06-13,60,3392.81,3216.98,3216.98,AED,AED,BANK-14041955,False,normal,875.98,0
TXN-0001831,SUP-0014,Information Technology,INV-446-2026-001831,PO-2026-001831,2025-04-03,2025-05-24,45,32103.95,23259.11,23259.11,EUR,EUR,BANK-51403053,False,normal,25352.43,0
TXN-0002388,SUP-0035,Information Technology,INV-573-2026-002388,PO-2025-002388,2025-04-03,2025-05-10,30,36366.7,27123.46,27123.46,AED,AED,BANK-23638594,False,normal,7385.72,0
TXN-0003556,SUP-0105,Maintenance,INV-435-2026-003556,PO-2025-003556,2025-04-03,2025-06-11,60,52570.47,40312.73,40312.73,EUR,EUR,BANK-12259119,False,normal,43940.88,0
TXN-0003720,SUP-0130,Ground Services,INV-799-2026-003720,PO-2025-003720,2025-04-03,2025-05-04,30,10313.13,7991.62,7991.62,AED,AED,BANK-12237354,False,normal,2176.12,0
TXN-0003746,SUP-0149,Professional Services,INV-721-2026-003746,PO-2025-003746,2025-04-03,2025-04-29,30,2020.9,1811.53,1811.53,USD,USD,BANK-52064343,False,normal,1811.53,0
TXN-0004994,SUP-0093,Information Technology,INV-469-2026-004994,PO-2025-004994,2025-04-03,2025-06-05,60,38834.11,32456.69,32456.69,USD,USD,BANK-97237891,False,normal,32456.69,0
TXN-0005448,SUP-0052,Facilities,INV-837-2026-005448,PO-2025-005448,2025-04-03,2025-05-14,30,13078.5,12120.0,12120.0,USD,USD,BANK-89766631,False,normal,12120.0,0
TXN-0005456,SUP-0076,Aircraft Components,INV-331-2026-005456,PO-2025-005456,2025-04-03,2025-05-17,45,18249.22,15279.73,15279.73,USD,USD,BANK-37929130,False,normal,15279.73,0
TXN-0001245,SUP-0125,Facilities,INV-400-2026-001245,PO-2026-001245,2025-04-04,2025-05-17,30,29889.46,26273.62,26273.62,USD,USD,BANK-56892046,False,normal,26273.62,0
TXN-0001503,SUP-0034,Facilities,INV-142-2026-001503,PO-2026-001503,2025-04-04,2025-04-13,30,17390.13,13450.47,13450.47,USD,USD,BANK-99313799,False,normal,13450.47,0
TXN-0002826,SUP-0065,Aircraft Components,INV-611-2026-002826,PO-2025-002826,2025-04-04,2025-05-26,45,7800.32,7597.32,7597.32,AED,AED,BANK-90272029,False,normal,2068.75,0
TXN-0002899,SUP-0128,Aircraft Components,INV-356-2026-002899,PO-2026-002899,2025-04-04,2025-05-31,45,1292.56,1025.04,1025.04,USD,USD,BANK-93232757,False,normal,1025.04,0
TXN-0002929,SUP-0096,Information Technology,INV-457-2026-002929,PO-2026-002929,2025-04-04,2025-06-21,90,34959.31,32424.51,32424.51,AED,AED,BANK-55569693,False,normal,8829.19,0
TXN-0003883,SUP-0149,Maintenance,INV-238-2026-003883,PO-2026-003883,2025-04-04,2025-04-24,30,2355.44,1780.82,1780.82,USD,USD,BANK-52064343,False,normal,1780.82,0
TXN-0003965,SUP-0138,Aircraft Components,INV-845-2026-003965,PO-2026-003965,2025-04-04,2025-04-30,30,21006.3,18642.95,18642.95,AED,AED,BANK-22630563,False,normal,5076.48,0
TXN-0004156,SUP-0006,Ground Services,INV-431-2026-004156,PO-2025-004156,2025-04-04,2025-06-06,45,7777.12,6272.35,6272.35,GBP,GBP,NEW-11402094,True,bank_change,7965.88,1
TXN-0004887,SUP-0058,Maintenance,INV-583-2026-004887,PO-2026-004887,2025-04-04,2025-05-02,30,28587.68,35323.66,35323.66,AED,AED,BANK-94313182,False,invoice_above_po,9618.63,1
TXN-0004926,SUP-0075,Aircraft Components,INV-971-2026-004926,PO-2025-004926,2025-04-04,2025-04-26,30,2221.84,1966.47,1966.47,USD,USD,BANK-35245775,False,normal,1966.47,0
TXN-0005522,SUP-0120,Maintenance,INV-645-2026-005522,PO-2025-005522,2025-04-04,2025-06-11,60,2829.9,2043.03,2043.03,AED,AED,BANK-53972563,False,normal,556.32,0
TXN-0005577,SUP-0061,Facilities,INV-807-2026-005577,PO-2026-005577,2025-04-04,2025-05-03,45,7534.4,7466.44,7466.44,AED,AED,BANK-12871994,False,normal,2033.11,0
TXN-0000133,SUP-0010,Professional Services,INV-806-2026-000133,PO-2026-000133,2025-04-05,2025-05-08,30,16251.76,14599.11,14599.11,USD,USD,BANK-59212295,False,normal,14599.11,0
TXN-0000392,SUP-0120,Information Technology,INV-334-2026-000392,PO-2025-000392,2025-04-05,2025-06-10,60,12459.96,9057.9,9057.9,AED,AED,BANK-53972563,False,normal,2466.47,0
TXN-0000413,SUP-0012,Facilities,INV-733-2026-000413,PO-2026-000413,2025-04-05,2025-05-07,30,3319.26,2746.28,2746.28,GBP,GBP,BANK-37895989,False,normal,3487.78,0
TXN-0000514,SUP-0083,Facilities,INV-293-2026-000514,PO-2025-000514,2025-04-05,2025-05-25,30,10072.9,9068.49,9068.49,EUR,EUR,BANK-49032895,False,normal,9884.65,0
TXN-0001470,SUP-0065,Aircraft Components,INV-949-2026-001470,PO-2025-001470,2025-04-05,2025-06-28,90,25410.06,22201.59,22201.59,AED,AED,BANK-90272029,False,normal,6045.49,0
TXN-0001744,SUP-0157,Professional Services,INV-521-2026-001744,PO-2025-001744,2025-04-05,2025-04-25,30,31325.24,31039.57,31039.57,USD,USD,BANK-84648574,False,normal,31039.57,0
TXN-0002346,SUP-0128,Facilities,INV-459-2026-002346,PO-2025-002346,2025-04-05,2025-05-28,45,7232.35,6192.0,6192.0,USD,USD,BANK-93232757,False,normal,6192.0,0
TXN-0002472,SUP-0078,Facilities,INV-455-2026-002472,PO-2025-002472,2025-04-05,2025-05-26,45,15549.96,12815.22,12815.22,AED,AED,BANK-79966434,False,normal,3489.58,0
TXN-0002870,SUP-0071,Maintenance,INV-581-2026-002870,PO-2025-002870,2025-04-05,2025-05-22,45,17876.06,16577.93,16577.93,USD,USD,BANK-74793410,False,normal,16577.93,0
TXN-0003225,SUP-0058,Aircraft Components,INV-455-2026-003225,PO-2026-003225,2025-04-05,2025-05-08,30,16340.92,12725.46,12725.46,AED,AED,BANK-94313182,False,normal,3465.14,0
TXN-0003630,SUP-0076,Information Technology,INV-247-2026-003630,PO-2025-003630,2025-04-05,2025-05-17,45,6956.42,6314.48,6314.48,USD,USD,BANK-37929130,False,normal,6314.48,0
TXN-0003848,SUP-0143,Maintenance,INV-463-2026-003848,PO-2025-003848,2025-04-05,2025-05-17,30,4997.51,4822.58,4822.58,GBP,GBP,BANK-24937333,False,normal,6124.68,0
TXN-0004294,SUP-0012,Information Technology,INV-819-2026-004294,PO-2025-004294,2025-04-05,2025-06-28,90,27715.14,23617.38,23617.38,GBP,GBP,BANK-37895989,False,normal,29994.07,0
TXN-0005110,SUP-0057,Facilities,INV-290-2026-005110,PO-2025-005110,2025-04-05,2025-06-30,90,2687.7,2082.89,2082.89,USD,USD,BANK-10477636,False,normal,2082.89,0
TXN-0005342,SUP-0108,Maintenance,INV-191-2026-005342,PO-2025-005342,2025-04-05,2025-05-02,45,9001.72,7712.61,7712.61,USD,USD,BANK-76508559,False,normal,7712.61,0
TXN-0000299,SUP-0077,Aircraft Components,INV-322-2026-000299,PO-2026-000299,2025-04-06,2025-07-08,90,16508.85,12286.15,12286.15,USD,USD,BANK-99822506,False,normal,12286.15,0
TXN-0000316,SUP-0049,Ground Services,INV-290-2026-000316,PO-2025-000316,2025-04-06,2025-06-04,45,11198.7,9500.75,9500.75,AED,AED,BANK-69549513,False,normal,2587.05,0
TXN-0000519,SUP-0021,Facilities,INV-341-2026-000519,PO-2026-000519,2025-04-06,2025-06-07,60,9674.61,7030.07,7030.07,EUR,EUR,BANK-65967398,False,normal,7662.78,0
TXN-0000621,SUP-0040,Maintenance,INV-861-2026-000621,PO-2026-000621,2025-04-06,2025-05-05,30,43068.64,40621.53,40621.53,AED,AED,BANK-30107614,False,normal,11061.24,0
TXN-0001282,SUP-0075,Information Technology,INV-876-2026-001282,PO-2025-001282,2025-04-06,2025-05-09,30,919.89,830.42,830.42,USD,USD,BANK-35245775,False,normal,830.42,0
TXN-0001594,SUP-0021,Ground Services,INV-877-2026-001594,PO-2025-001594,2025-04-06,2025-05-24,45,55070.1,49427.04,49427.04,EUR,EUR,BANK-65967398,False,normal,53875.47,0
TXN-0001595,SUP-0133,Aircraft Components,INV-921-2026-001595,PO-2026-001595,2025-04-06,2025-04-21,30,17331.44,16209.65,16209.65,AED,AED,BANK-23338758,False,normal,4413.89,0
TXN-0002182,SUP-0155,Information Technology,INV-294-2026-002182,PO-2025-002182,2025-04-06,2025-05-21,45,8667.84,8493.13,8493.13,USD,USD,BANK-19822959,False,normal,8493.13,0
TXN-0002319,SUP-0028,Aircraft Components,INV-889-2026-002319,PO-2026-002319,2025-04-06,2025-05-13,30,32757.61,30983.07,30983.07,USD,USD,BANK-24814703,False,normal,30983.07,0
TXN-0002769,SUP-0038,Ground Services,INV-721-2026-002769,PO-2026-002769,2025-04-06,2025-04-28,30,42710.98,31110.42,31110.42,AED,AED,BANK-86107842,False,normal,8471.37,0
TXN-0003190,SUP-0070,Maintenance,INV-470-2026-003190,PO-2025-003190,2025-04-06,2025-06-02,60,14711.41,13434.75,13434.75,USD,USD,BANK-63944450,False,normal,13434.75,0
TXN-0004142,SUP-0029,Maintenance,INV-837-2026-004142,PO-2025-004142,2025-04-06,2025-05-17,45,6032.28,5247.63,5247.63,USD,USD,BANK-57984114,False,normal,5247.63,0
TXN-0004359,SUP-0121,Maintenance,INV-163-2026-004359,PO-2026-004359,2025-04-06,2025-05-22,45,4863.99,3604.22,3604.22,AED,AED,BANK-55753531,False,normal,981.43,0
TXN-0000266,SUP-0024,Aircraft Components,INV-592-2026-000266,PO-2025-000266,2025-04-07,2025-05-21,45,3830.75,2880.09,2880.09,EUR,EUR,BANK-33036857,False,normal,3139.3,0
TXN-0000372,SUP-0010,Maintenance,INV-829-2026-000372,PO-2025-000372,2025-04-07,2025-06-09,60,9518.36,9479.07,9479.07,USD,USD,BANK-59212295,False,normal,9479.07,0
TXN-0000396,SUP-0137,Ground Services,INV-558-2026-000396,PO-2025-000396,2025-04-07,2025-05-06,30,70710.12,59092.79,59092.79,GBP,GBP,BANK-75099036,False,normal,75047.84,0
TXN-0001269,SUP-0101,Maintenance,INV-863-2026-001269,PO-2026-001269,2025-04-07,2025-05-23,45,2775.04,2379.87,2379.87,EUR,EUR,BANK-47533220,False,normal,2594.06,0
TXN-0001597,SUP-0052,Aircraft Components,INV-104-2026-001597,PO-2026-001597,2025-04-07,2025-06-24,90,10933.42,8668.59,8668.59,USD,USD,BANK-89766631,False,normal,8668.59,0
TXN-0001630,SUP-0033,Maintenance,INV-570-2026-001630,PO-2025-001630,2025-04-07,2025-05-15,30,22960.71,17112.72,17112.72,USD,USD,BANK-97243596,False,normal,17112.72,0
TXN-0002313,SUP-0114,Ground Services,INV-769-2026-002313,PO-2026-002313,2025-04-07,2025-07-10,90,14462.2,14103.58,14103.58,AED,AED,BANK-93480628,False,normal,3840.4,0
TXN-0003143,SUP-0136,Ground Services,INV-358-2026-003143,PO-2026-003143,2025-04-07,2025-05-26,60,20682.29,15230.76,15230.76,USD,USD,BANK-19530766,False,normal,15230.76,0
TXN-0003353,SUP-0154,Professional Services,INV-295-2026-003353,PO-2026-003353,2025-04-07,2025-05-29,45,7888.17,7322.68,7322.68,AED,AED,BANK-69720522,False,normal,1993.97,0
TXN-0003675,SUP-0065,Ground Services,INV-815-2026-003675,PO-2026-003675,2025-04-07,2025-05-22,45,21611.94,16096.5,16096.5,AED,AED,BANK-90272029,False,normal,4383.08,0
TXN-0004222,SUP-0088,Aircraft Components,INV-128-2026-004222,PO-2025-004222,2025-04-07,2025-05-28,60,8037.03,7118.44,7118.44,AED,AED,BANK-30669042,False,normal,1938.35,0
TXN-0004631,SUP-0041,Information Technology,INV-966-2026-004631,PO-2026-004631,2025-04-07,2025-05-25,45,7654.07,6815.65,6815.65,USD,USD,BANK-90410196,False,normal,6815.65,0
TXN-0005122,SUP-0096,Ground Services,INV-785-2026-005122,PO-2025-005122,2025-04-07,2025-06-02,60,3146.87,2799.33,2799.33,AED,AED,BANK-55569693,False,normal,762.26,0
TXN-0000698,SUP-0072,Aircraft Components,INV-786-2026-000698,PO-2025-000698,2025-04-08,2025-05-27,45,23049.05,16628.38,16628.38,USD,USD,BANK-88710582,False,normal,16628.38,0
TXN-0000841,SUP-0109,Facilities,INV-797-2026-000841,PO-2026-000841,2025-04-08,2025-05-05,45,13401.4,12741.1,12741.1,USD,USD,BANK-84335845,False,normal,12741.1,0
TXN-0001395,SUP-0062,Maintenance,INV-453-2026-001395,PO-2026-001395,2025-04-08,2025-06-09,45,33670.42,32340.26,32340.26,AED,AED,BANK-21048213,False,normal,8806.25,0
TXN-0001908,SUP-0036,Professional Services,INV-347-2026-001908,PO-2025-001908,2025-04-08,2025-06-05,60,5183.65,4562.24,4562.24,USD,USD,BANK-90250953,False,normal,4562.24,0
TXN-0001915,SUP-0002,Maintenance,INV-855-2026-001915,PO-2026-001915,2025-04-08,2025-05-14,30,4247.85,4115.78,4115.78,USD,USD,BANK-19696685,False,normal,4115.78,0
TXN-0002190,SUP-0096,Maintenance,INV-885-2026-002190,PO-2025-002190,2025-04-08,2025-05-10,30,7760.5,7300.55,7300.55,AED,AED,BANK-55569693,False,normal,1987.94,0
TXN-0002276,SUP-0069,Maintenance,INV-860-2026-002276,PO-2025-002276,2025-04-08,2025-05-06,30,8824.43,6672.6,6672.6,USD,USD,BANK-43048809,False,normal,6672.6,0
TXN-0002363,SUP-0045,Maintenance,INV-950-2026-002363,PO-2026-002363,2025-04-08,2025-04-19,30,12352.3,12343.83,12343.83,EUR,EUR,BANK-38433614,False,normal,13454.77,0
TXN-0002652,SUP-0077,Maintenance,INV-956-2026-002652,PO-2025-002652,2025-04-08,2025-05-14,30,27442.53,26025.89,26025.89,USD,USD,BANK-99822506,False,normal,26025.89,0
TXN-0002732,SUP-0069,Aircraft Components,INV-134-2026-002732,PO-2025-002732,2025-04-08,2025-05-18,45,17723.22,15655.66,15655.66,USD,USD,BANK-43048809,False,normal,15655.66,0
TXN-0003101,SUP-0073,Ground Services,INV-110-2026-003101,PO-2026-003101,2025-04-08,2025-05-01,30,23030.34,17333.85,17333.85,EUR,EUR,BANK-14030635,False,normal,18893.9,0
TXN-0003333,SUP-0101,Maintenance,INV-699-2026-003333,PO-2026-003333,2025-04-08,2025-06-01,60,7070.91,5837.13,5837.13,EUR,EUR,BANK-47533220,False,normal,6362.47,0
TXN-0003715,SUP-0109,Maintenance,INV-266-2026-003715,PO-2026-003715,2025-04-08,2025-05-28,45,34410.9,27654.98,27654.98,USD,USD,BANK-84335845,False,normal,27654.98,0
TXN-0003949,SUP-0094,Facilities,INV-601-2026-003949,PO-2026-003949,2025-04-08,2025-06-06,60,15685.32,14207.1,14207.1,USD,USD,BANK-20964925,False,normal,14207.1,0
TXN-0004052,SUP-0116,Maintenance,INV-701-2026-004052,PO-2025-004052,2025-04-08,2025-06-19,60,12555.13,11837.94,11837.94,EUR,EUR,BANK-45782037,False,normal,12903.35,0
TXN-0004124,SUP-0070,Aircraft Components,INV-943-2026-004124,PO-2025-004124,2025-04-08,2025-05-31,45,5194.0,5123.71,5123.71,USD,USD,BANK-63944450,False,normal,5123.71,0
TXN-0004702,SUP-0020,Ground Services,INV-937-2026-004702,PO-2025-004702,2025-04-08,2025-05-23,30,1412.93,1241.16,1241.16,AED,AED,BANK-36182605,False,normal,337.97,0
TXN-0005398,SUP-0036,Maintenance,INV-124-2026-005398,PO-2025-005398,2025-04-08,2025-04-27,30,2272.62,1861.54,1861.54,USD,USD,BANK-90250953,False,normal,1861.54,0
TXN-0000062,SUP-0095,Ground Services,INV-490-2026-000062,PO-2025-000062,2025-04-09,2025-05-10,30,19995.81,19957.9,19957.9,USD,USD,BANK-36688168,False,normal,19957.9,0
TXN-0001293,SUP-0050,Aircraft Components,INV-687-2026-001293,PO-2026-001293,2025-04-09,2025-05-12,30,8868.68,6551.9,6551.9,USD,USD,BANK-46919792,False,normal,6551.9,0
TXN-0001924,SUP-0005,Maintenance,INV-882-2026-001924,PO-2025-001924,2025-04-09,2025-05-24,30,4748.44,4601.17,4601.17,USD,USD,BANK-97763977,False,normal,4601.17,0
TXN-0001997,SUP-0029,Maintenance,INV-480-2026-001997,PO-2026-001997,2025-04-09,2025-06-13,60,7489.02,5946.66,5946.66,USD,USD,BANK-57984114,False,normal,5946.66,0
TXN-0004308,SUP-0042,Aircraft Components,INV-934-2026-004308,PO-2025-004308,2025-04-09,2025-06-03,60,10736.72,8492.05,8492.05,EUR,EUR,BANK-20438281,False,normal,9256.33,0
TXN-0004360,SUP-0123,Information Technology,INV-650-2026-004360,PO-2025-004360,2025-04-09,2025-07-10,90,3062.16,2418.8,2418.8,USD,USD,BANK-38236379,False,normal,2418.8,0
TXN-0004566,SUP-0025,Facilities,INV-328-2026-004566,PO-2025-004566,2025-04-09,2025-06-17,60,23515.69,22513.54,22513.54,EUR,EUR,BANK-99224451,False,normal,24539.76,0
TXN-0004715,SUP-0070,Maintenance,INV-520-2026-004715,PO-2026-004715,2025-04-09,2025-06-02,60,6856.77,6641.16,6641.16,USD,USD,BANK-63944450,False,normal,6641.16,0
TXN-0004971,SUP-0026,Aircraft Components,INV-189-2026-004971,PO-2026-004971,2025-04-09,2025-05-15,45,11606.39,8747.21,8747.21,USD,USD,BANK-94243920,False,normal,8747.21,0
TXN-0004980,SUP-0089,Maintenance,INV-505-2026-004980,PO-2025-004980,2025-04-09,2025-06-05,45,2798.82,2520.29,2520.29,USD,USD,BANK-35136775,False,normal,2520.29,0
TXN-0005037,SUP-0121,Aircraft Components,INV-803-2026-005037,PO-2026-005037,2025-04-09,2025-05-30,60,3828.1,2923.61,2923.61,AED,AED,BANK-55753531,False,normal,796.1,0
TXN-0005333,SUP-0063,Ground Services,INV-827-2026-005333,PO-2026-005333,2025-04-09,2025-05-26,60,18740.04,16486.24,16486.24,AED,AED,BANK-16087857,False,normal,4489.2,0
TXN-0005541,SUP-0072,Professional Services,INV-223-2026-005541,PO-2026-005541,2025-04-09,2025-06-12,45,4612.05,3488.1,3488.1,USD,USD,BANK-88710582,False,normal,3488.1,0
TXN-0000426,SUP-0030,Facilities,INV-475-2026-000426,PO-2025-000426,2025-04-10,2025-05-25,30,1627.12,1299.14,1299.14,AED,AED,BANK-14041955,False,normal,353.76,0
TXN-0002177,SUP-0024,Aircraft Components,INV-858-2026-002177,PO-2026-002177,2025-04-10,2025-05-23,45,3451.12,2873.87,2873.87,EUR,EUR,BANK-33036857,False,normal,3132.52,0
TXN-0002400,SUP-0025,Professional Services,INV-380-2026-002400,PO-2025-002400,2025-04-10,2025-06-01,45,8064.06,6675.7,6675.7,EUR,EUR,BANK-99224451,False,normal,7276.51,0
TXN-0003286,SUP-0053,Maintenance,INV-608-2026-003286,PO-2025-003286,2025-04-10,2025-05-22,45,9765.39,8891.22,8891.22,EUR,EUR,BANK-76295561,False,normal,9691.43,0
TXN-0003295,SUP-0010,Aircraft Components,INV-808-2026-003295,PO-2026-003295,2025-04-10,2025-05-05,30,1663.92,1491.72,1491.72,USD,AED,BANK-59212295,False,currency_mismatch,406.2,1
TXN-0004259,SUP-0112,Professional Services,INV-189-2026-004259,PO-2026-004259,2025-04-10,2025-05-07,30,12233.72,11816.32,11816.32,USD,USD,BANK-21137842,False,normal,11816.32,0
TXN-0005032,SUP-0108,Information Technology,INV-156-2026-005032,PO-2025-005032,2025-04-10,2025-06-12,60,19759.62,15336.87,15336.87,USD,USD,BANK-76508559,False,normal,15336.87,0
TXN-0005185,SUP-0057,Facilities,INV-930-2026-005185,PO-2026-005185,2025-04-10,2025-05-18,30,7245.21,5391.88,5391.88,USD,USD,BANK-10477636,False,normal,5391.88,0
TXN-0000028,SUP-0131,Facilities,INV-558-2026-000028,PO-2025-000028,2025-04-11,2025-05-26,30,18451.46,14953.95,14953.95,USD,USD,BANK-63724249,False,normal,14953.95,0
TXN-0001641,SUP-0050,Facilities,INV-401-2026-001641,PO-2026-001641,2025-04-11,2025-05-29,45,40882.27,37384.79,37384.79,USD,USD,BANK-46919792,False,normal,37384.79,0
TXN-0001730,SUP-0063,Information Technology,INV-466-2026-001730,PO-2025-001730,2025-04-11,2025-06-12,45,27236.79,24758.83,24758.83,AED,AED,BANK-16087857,False,normal,6741.83,0
TXN-0002098,SUP-0106,Information Technology,INV-662-2026-002098,PO-2025-002098,2025-04-11,2025-07-23,90,1902.13,1376.14,1376.14,AED,AED,BANK-74386640,False,normal,374.72,0
TXN-0003581,SUP-0137,Aircraft Components,INV-717-2026-003581,PO-2026-003581,2025-04-11,2025-06-05,60,8459.83,8114.35,8114.35,GBP,GBP,BANK-75099036,False,normal,10305.22,0
TXN-0003939,SUP-0051,Maintenance,INV-260-2026-003939,PO-2026-003939,2025-04-11,2025-06-08,60,20333.17,14811.63,14811.63,USD,USD,BANK-43629195,False,normal,14811.63,0
TXN-0004236,SUP-0133,Professional Services,INV-779-2026-004236,PO-2025-004236,2025-04-11,2025-06-28,60,45855.26,42987.71,42987.71,AED,AED,BANK-23338758,False,normal,11705.55,0
TXN-0005254,SUP-0006,Maintenance,INV-911-2026-005254,PO-2025-005254,2025-04-11,2025-05-08,30,26284.11,21587.96,21587.96,GBP,GBP,BANK-30719258,False,normal,27416.71,0
TXN-0005351,SUP-0141,Aircraft Components,INV-328-2026-005351,PO-2026-005351,2025-04-11,2025-05-25,60,106505.26,79333.29,79333.29,AED,AED,BANK-10585992,False,normal,21602.45,0
TXN-0000075,SUP-0086,Maintenance,INV-165-2026-000075,PO-2026-000075,2025-04-12,2025-05-14,30,6827.52,6342.17,6342.17,USD,USD,BANK-11254265,False,normal,6342.17,0
TXN-0000516,SUP-0118,Information Technology,INV-142-2026-000516,PO-2025-000516,2025-04-12,2025-05-22,30,2345.13,1859.78,1859.78,AED,AED,BANK-37085381,False,normal,506.42,0
TXN-0001205,SUP-0124,Aircraft Components,INV-212-2026-001205,PO-2026-001205,2025-04-12,2025-05-17,30,12260.01,9701.32,9701.32,USD,USD,BANK-96006092,False,normal,9701.32,0
TXN-0001515,SUP-0141,Aircraft Components,INV-419-2026-001515,PO-2026-001515,2025-04-12,2025-07-04,90,10893.94,10307.27,10307.27,AED,AED,BANK-10585992,False,normal,2806.67,0
TXN-0002265,SUP-0040,Aircraft Components,INV-516-2026-002265,PO-2026-002265,2025-04-12,2025-08-06,90,7409.73,6850.54,6850.54,AED,AED,BANK-30107614,False,normal,1865.4,0
TXN-0003264,SUP-0145,Professional Services,INV-917-2026-003264,PO-2025-003264,2025-04-12,2025-06-06,30,35980.44,35657.88,35657.88,AED,GBP,BANK-26332140,False,currency_mismatch,45285.51,1
TXN-0003373,SUP-0053,Information Technology,INV-636-2026-003373,PO-2026-003373,2025-04-12,2025-06-01,60,18649.61,18207.94,18207.94,EUR,EUR,BANK-76295561,False,normal,19846.65,0
TXN-0003384,SUP-0114,Maintenance,INV-644-2026-003384,PO-2025-003384,2025-04-12,2025-04-12,30,17580.01,15805.63,15805.63,AED,AED,BANK-93480628,False,rapid_payment,4303.87,1
TXN-0003558,SUP-0018,Aircraft Components,INV-788-2026-003558,PO-2025-003558,2025-04-12,2025-05-01,30,4189.54,3336.69,3336.69,USD,USD,BANK-95760944,False,normal,3336.69,0
TXN-0003897,SUP-0057,Ground Services,INV-360-2026-003897,PO-2026-003897,2025-04-12,2025-04-29,30,6333.51,6129.68,6129.68,USD,USD,BANK-10477636,False,normal,6129.68,0
TXN-0004005,SUP-0031,Information Technology,INV-748-2026-004005,PO-2026-004005,2025-04-12,2025-07-20,90,6431.16,5378.6,5378.6,EUR,EUR,BANK-36891816,False,normal,5862.67,0
TXN-0004065,SUP-0008,Maintenance,INV-723-2026-004065,PO-2026-004065,2025-04-12,2025-04-26,30,12949.13,10723.82,10723.82,EUR,EUR,BANK-22713593,False,normal,11688.96,0
TXN-0004638,SUP-0109,Ground Services,INV-667-2026-004638,PO-2025-004638,2025-04-12,2025-06-06,60,4681.5,3834.5,3834.5,USD,USD,BANK-84335845,False,normal,3834.5,0
TXN-0005036,SUP-0105,Facilities,INV-438-2026-005036,PO-2025-005036,2025-04-12,2025-05-16,30,6458.0,5424.83,5424.83,EUR,EUR,BANK-12259119,False,normal,5913.06,0
TXN-0005365,SUP-0028,Facilities,INV-540-2026-005365,PO-2026-005365,2025-04-12,2025-05-27,45,4782.74,4153.94,4153.94,USD,USD,BANK-24814703,False,normal,4153.94,0
TXN-0005534,SUP-0121,Maintenance,INV-217-2026-005534,PO-2025-005534,2025-04-12,2025-06-11,60,15911.94,14146.62,14146.62,AED,AED,BANK-55753531,False,normal,3852.12,0
TXN-0001285,SUP-0055,Professional Services,INV-638-2026-001285,PO-2026-001285,2025-04-13,2025-06-07,45,7070.93,6952.95,6952.95,AED,AED,BANK-44199230,False,normal,1893.29,0
TXN-0003062,SUP-0142,Facilities,INV-954-2026-003062,PO-2025-003062,2025-04-13,2025-06-05,60,7653.23,6770.15,6770.15,AED,AED,BANK-96960871,False,normal,1843.51,0
TXN-0003289,SUP-0069,Information Technology,INV-126-2026-003289,PO-2026-003289,2025-04-13,2025-05-05,30,37712.42,34501.96,34501.96,USD,USD,BANK-43048809,False,normal,34501.96,0
TXN-0005449,SUP-0135,Maintenance,INV-453-2026-005449,PO-2026-005449,2025-04-13,2025-05-21,30,11783.14,9450.36,9450.36,AED,AED,BANK-85671420,False,normal,2573.33,0
TXN-0000001,SUP-0054,Professional Services,INV-800-2026-000001,PO-2026-000001,2025-04-14,2025-05-12,30,8857.72,6985.77,6985.77,AED,AED,BANK-77211064,False,normal,1902.23,0
TXN-0000099,SUP-0065,Facilities,INV-747-2026-000099,PO-2026-000099,2025-04-14,2025-05-21,45,19722.3,16930.06,16930.06,AED,AED,BANK-90272029,False,normal,4610.06,0
TXN-0000417,SUP-0036,Information Technology,INV-551-2026-000417,PO-2026-000417,2025-04-14,2025-07-13,90,2264.64,1965.76,1965.76,USD,USD,BANK-90250953,False,normal,1965.76,0
TXN-0000669,SUP-0049,Facilities,INV-573-2026-000669,PO-2026-000669,2025-04-14,2025-06-22,60,18102.85,17540.21,17540.21,AED,AED,BANK-69549513,False,normal,4776.2,0
TXN-0001585,SUP-0031,Aircraft Components,INV-192-2026-001585,PO-2026-001585,2025-04-14,2025-05-15,30,48058.52,37789.27,37789.27,EUR,EUR,BANK-36891816,False,normal,41190.3,0
TXN-0002304,SUP-0134,Professional Services,INV-340-2026-002304,PO-2025-002304,2025-04-14,2025-05-23,45,2091.38,1638.26,1638.26,USD,USD,BANK-67057759,False,normal,1638.26,0
TXN-0002653,SUP-0075,Aircraft Components,INV-127-2026-002653,PO-2026-002653,2025-04-14,2025-06-23,60,15869.94,11899.84,11899.84,USD,USD,NEW-28489326,True,bank_change,11899.84,1
TXN-0003842,SUP-0069,Facilities,INV-288-2026-003842,PO-2025-003842,2025-04-14,2025-05-24,30,40631.02,29532.2,29532.2,USD,USD,BANK-43048809,False,normal,29532.2,0
TXN-0004381,SUP-0075,Professional Services,INV-370-2026-004381,PO-2026-004381,2025-04-14,2025-05-03,30,8408.05,7769.22,7769.22,USD,USD,BANK-35245775,False,normal,7769.22,0
TXN-0005478,SUP-0045,Maintenance,INV-720-2026-005478,PO-2025-005478,2025-04-14,2025-05-31,60,10320.37,9550.37,9550.37,EUR,EUR,BANK-38433614,False,normal,10409.9,0
TXN-0000234,SUP-0096,Information Technology,INV-872-2026-000234,PO-2025-000234,2025-04-15,2025-07-23,90,11767.46,8843.96,8843.96,AED,AED,BANK-55569693,False,normal,2408.21,0
TXN-0000831,SUP-0114,Facilities,INV-887-2026-000831,PO-2026-000831,2025-04-15,2025-06-21,60,42820.38,36850.94,36850.94,AED,AED,BANK-93480628,False,normal,10034.51,0
TXN-0000863,SUP-0118,Professional Services,INV-679-2026-000863,PO-2026-000863,2025-04-15,2025-05-14,30,6586.63,6495.09,6495.09,AED,AED,BANK-37085381,False,normal,1768.61,0
TXN-0001021,SUP-0147,Aircraft Components,INV-836-2026-001021,PO-2026-001021,2025-04-15,2025-06-15,60,31269.7,29182.69,29182.69,USD,USD,BANK-82392481,False,normal,29182.69,0
TXN-0001283,SUP-0011,Aircraft Components,INV-425-2026-001283,PO-2026-001283,2025-04-15,2025-06-26,60,11797.23,10514.83,10514.83,USD,USD,BANK-43383005,False,normal,10514.83,0
TXN-0002377,SUP-0134,Maintenance,INV-553-2026-002377,PO-2026-002377,2025-04-15,2025-07-26,90,3595.56,3295.39,3295.39,USD,USD,BANK-67057759,False,normal,3295.39,0
TXN-0002627,SUP-0010,Ground Services,INV-352-2026-002627,PO-2026-002627,2025-04-15,2025-06-13,60,129147.15,107256.96,107256.96,USD,USD,BANK-59212295,False,normal,107256.96,0
TXN-0003370,SUP-0114,Facilities,INV-646-2026-003370,PO-2025-003370,2025-04-15,2025-05-24,30,27451.6,27065.72,27065.72,AED,AED,BANK-93480628,False,normal,7370.0,0
TXN-0003440,SUP-0092,Professional Services,INV-895-2026-003440,PO-2025-003440,2025-04-15,2025-05-09,30,7201.91,6758.06,6758.06,AED,AED,BANK-70989279,False,normal,1840.22,0
TXN-0004309,SUP-0064,Facilities,INV-876-2026-004309,PO-2026-004309,2025-04-15,2025-06-13,45,101645.33,96263.84,96263.84,EUR,EUR,BANK-84800139,False,normal,104927.59,0
TXN-0004880,SUP-0025,Information Technology,INV-876-2026-004880,PO-2025-004880,2025-04-15,2025-06-07,45,2642.5,2212.83,2212.83,EUR,EUR,BANK-99224451,False,normal,2411.98,0
TXN-0005075,SUP-0077,Maintenance,INV-851-2026-005075,PO-2026-005075,2025-04-15,2025-06-08,45,168325.16,158541.05,158541.05,USD,USD,BANK-99822506,False,normal,158541.05,0
TXN-0000148,SUP-0061,Aircraft Components,INV-720-2026-000148,PO-2025-000148,2025-04-16,2025-05-11,30,19973.11,17277.63,17277.63,AED,AED,BANK-12871994,False,normal,4704.7,0
TXN-0000844,SUP-0055,Professional Services,INV-311-2026-000844,PO-2025-000844,2025-04-16,2025-06-24,60,52317.61,46504.78,46504.78,AED,AED,BANK-44199230,False,normal,12663.25,0
TXN-0001225,SUP-0055,Professional Services,INV-513-2026-001225,PO-2026-001225,2025-04-16,2025-04-30,30,76797.16,59682.0,59682.0,AED,AED,BANK-44199230,False,normal,16251.41,0
TXN-0001918,SUP-0089,Aircraft Components,INV-617-2026-001918,PO-2025-001918,2025-04-16,2025-05-14,30,48769.41,44371.86,44371.86,USD,USD,BANK-35136775,False,normal,44371.86,0
TXN-0003507,SUP-0023,Professional Services,INV-719-2026-003507,PO-2026-003507,2025-04-16,2025-06-12,60,119496.09,93699.37,93699.37,GBP,GBP,BANK-91497896,False,normal,118998.2,0
TXN-0003938,SUP-0073,Facilities,INV-440-2026-003938,PO-2025-003938,2025-04-16,2025-05-12,30,3798.45,3497.98,3497.98,EUR,EUR,BANK-14030635,False,normal,3812.8,0
TXN-0004056,SUP-0101,Aircraft Components,INV-195-2026-004056,PO-2025-004056,2025-04-16,2025-05-17,30,6210.33,4937.96,4937.96,EUR,EUR,BANK-47533220,False,normal,5382.38,0
TXN-0004135,SUP-0099,Facilities,INV-685-2026-004135,PO-2026-004135,2025-04-16,2025-05-23,45,15105.3,14103.5,14103.5,USD,USD,BANK-78956930,False,normal,14103.5,0
TXN-0004875,SUP-0105,Facilities,INV-358-2026-004875,PO-2026-004875,2025-04-16,2025-05-20,30,29152.63,26519.0,26519.0,EUR,EUR,BANK-12259119,False,normal,28905.71,0
TXN-0005402,SUP-0027,Aircraft Components,INV-480-2026-005402,PO-2025-005402,2025-04-16,2025-05-08,30,46119.07,34627.85,34627.85,AED,AED,BANK-26263179,False,normal,9429.16,0
TXN-0000551,SUP-0145,Aircraft Components,INV-775-2026-000551,PO-2026-000551,2025-04-17,2025-05-12,30,13540.6,11692.29,11692.29,AED,AED,BANK-26332140,False,normal,3183.81,0
TXN-0002325,SUP-0083,Professional Services,INV-260-2026-002325,PO-2026-002325,2025-04-17,2025-05-18,30,4790.95,4559.24,4559.24,EUR,EUR,BANK-49032895,False,normal,4969.57,0
TXN-0003622,SUP-0135,Ground Services,INV-495-2026-003622,PO-2025-003622,2025-04-17,2025-06-19,45,67354.52,55836.91,55836.91,AED,AED,BANK-85671420,False,normal,15204.39,0
TXN-0003672,SUP-0049,Professional Services,INV-466-2026-003672,PO-2025-003672,2025-04-17,2025-05-23,45,51296.01,39157.51,39157.51,AED,AED,BANK-69549513,False,normal,10662.59,0
TXN-0003817,SUP-0022,Aircraft Components,INV-792-2026-003817,PO-2026-003817,2025-04-17,2025-05-08,30,50679.02,43801.37,43801.37,USD,USD,BANK-56355141,False,normal,43801.37,0
TXN-0000503,SUP-0040,Information Technology,INV-611-2026-000503,PO-2026-000503,2025-04-18,2025-06-06,30,17154.56,14404.02,14404.02,AED,AED,BANK-30107614,False,normal,3922.21,0
TXN-0000911,SUP-0100,Aircraft Components,INV-916-2026-000911,PO-2026-000911,2025-04-18,2025-05-27,30,5215.77,3884.58,3884.58,GBP,GBP,BANK-62300494,False,normal,4933.42,0
TXN-0001889,SUP-0112,Professional Services,INV-499-2026-001889,PO-2026-001889,2025-04-18,2025-06-09,45,48263.83,48034.13,48034.13,USD,USD,BANK-21137842,False,normal,48034.13,0
TXN-0002347,SUP-0049,Information Technology,INV-508-2026-002347,PO-2026-002347,2025-04-18,2025-05-21,45,12431.25,11691.45,11691.45,AED,AED,BANK-69549513,False,normal,3183.58,0
TXN-0002605,SUP-0055,Information Technology,INV-702-2026-002605,PO-2026-002605,2025-04-18,2025-06-16,45,2291.01,1666.21,1666.21,AED,AED,BANK-44199230,False,normal,453.71,0
TXN-0002613,SUP-0030,Facilities,INV-514-2026-002613,PO-2026-002613,2025-04-18,2025-05-25,45,9017.29,8173.94,8173.94,AED,AED,BANK-14041955,False,normal,2225.76,0
TXN-0003284,SUP-0054,Information Technology,INV-589-2026-003284,PO-2025-003284,2025-04-18,2025-05-31,30,76120.81,60277.77,60277.77,AED,AED,BANK-77211064,False,normal,16413.64,0
TXN-0003650,SUP-0156,Professional Services,INV-401-2026-003650,PO-2025-003650,2025-04-18,2025-06-20,60,5030.42,4503.35,4503.35,AED,AED,BANK-35913857,False,normal,1226.26,0
TXN-0004471,SUP-0026,Ground Services,INV-295-2026-004471,PO-2026-004471,2025-04-18,2025-07-15,90,8091.44,6358.05,6358.05,USD,USD,BANK-94243920,False,normal,6358.05,0
TXN-0005222,SUP-0052,Facilities,INV-765-2026-005222,PO-2025-005222,2025-04-18,2025-05-25,30,63664.33,61189.83,61189.83,USD,USD,BANK-89766631,False,normal,61189.83,0
TXN-0005537,SUP-0051,Ground Services,INV-714-2026-005537,PO-2026-005537,2025-04-18,2025-06-19,60,6198.36,7399.84,7399.84,USD,USD,BANK-43629195,False,invoice_above_po,7399.84,1
TXN-0000325,SUP-0008,Aircraft Components,INV-250-2026-000325,PO-2026-000325,2025-04-19,2025-05-12,30,13038.42,11021.99,11021.99,EUR,EUR,BANK-22713593,False,normal,12013.97,0
TXN-0000765,SUP-0039,Facilities,INV-453-2026-000765,PO-2026-000765,2025-04-19,2025-06-05,30,16171.52,15457.93,15457.93,USD,USD,BANK-90171323,False,normal,15457.93,0
TXN-0000928,SUP-0127,Aircraft Components,INV-949-2026-000928,PO-2025-000928,2025-04-19,2025-06-02,30,17075.23,14386.77,14386.77,USD,USD,BANK-96425599,False,normal,14386.77,0
TXN-0001402,SUP-0067,Information Technology,INV-148-2026-001402,PO-2025-001402,2025-04-19,2025-06-02,45,10801.68,7830.96,7830.96,AED,AED,BANK-77206550,False,normal,2132.37,0
TXN-0001645,SUP-0115,Professional Services,INV-160-2026-001645,PO-2026-001645,2025-04-19,2025-06-06,60,70501.05,96625.03,96625.03,USD,USD,BANK-17278259,False,invoice_above_po,96625.03,1
TXN-0001648,SUP-0064,Maintenance,INV-777-2026-001648,PO-2025-001648,2025-04-19,2025-06-19,60,14634.38,11284.21,11284.21,EUR,EUR,BANK-84800139,False,normal,12299.79,0
TXN-0001933,SUP-0047,Information Technology,INV-376-2026-001933,PO-2026-001933,2025-04-19,2025-05-22,30,6727.09,6072.29,6072.29,USD,USD,BANK-79481118,False,normal,6072.29,0
TXN-0002012,SUP-0143,Maintenance,INV-958-2026-002012,PO-2025-002012,2025-04-19,2025-06-07,45,9416.22,7271.36,7271.36,GBP,GBP,BANK-24937333,False,normal,9234.63,0
TXN-0003526,SUP-0142,Facilities,INV-573-2026-003526,PO-2025-003526,2025-04-19,2025-07-17,90,4687.72,3782.83,3782.83,AED,AED,BANK-96960871,False,normal,1030.06,0
TXN-0004503,SUP-0150,Information Technology,INV-302-2026-004503,PO-2026-004503,2025-04-19,2025-05-26,30,12221.47,9156.65,9156.65,USD,USD,BANK-67087104,False,normal,9156.65,0
TXN-0005024,SUP-0142,Maintenance,INV-698-2026-005024,PO-2025-005024,2025-04-19,2025-07-16,90,12681.72,10203.53,10203.53,AED,AED,BANK-96960871,False,normal,2778.42,0
TXN-0005432,SUP-0040,Maintenance,INV-199-2026-005432,PO-2025-005432,2025-04-19,2025-05-17,30,4758.72,3454.19,3454.19,AED,AED,BANK-30107614,False,normal,940.58,0
TXN-0000227,SUP-0117,Facilities,INV-128-2026-000227,PO-2026-000227,2025-04-20,2025-05-17,45,11318.89,8401.92,8401.92,EUR,EUR,BANK-97580845,False,normal,9158.09,0
TXN-0001229,SUP-0104,Professional Services,INV-397-2026-001229,PO-2026-001229,2025-04-20,2025-05-08,30,14963.27,14306.39,14306.39,GBP,GBP,BANK-82371206,False,normal,18169.12,0
TXN-0001505,SUP-0085,Ground Services,INV-403-2026-001505,PO-2026-001505,2025-04-20,2025-05-27,30,61556.0,45418.71,45418.71,USD,USD,BANK-94093522,False,normal,45418.71,0
TXN-0001562,SUP-0086,Maintenance,INV-149-2026-001562,PO-2025-001562,2025-04-20,2025-05-28,45,13782.68,12445.92,12445.92,USD,USD,BANK-11254265,False,normal,12445.92,0
TXN-0002464,SUP-0084,Maintenance,INV-376-2026-002464,PO-2025-002464,2025-04-20,2025-05-28,45,14739.51,14689.85,14689.85,USD,USD,BANK-22950775,False,normal,14689.85,0
TXN-0002518,SUP-0154,Maintenance,INV-720-2026-002518,PO-2025-002518,2025-04-20,2025-05-27,30,9254.36,7221.55,7221.55,AED,AED,BANK-69720522,False,normal,1966.43,0
TXN-0002720,SUP-0109,Facilities,INV-363-2026-002720,PO-2025-002720,2025-04-20,2025-07-02,60,4492.82,4473.54,4473.54,USD,USD,BANK-84335845,False,normal,4473.54,0
TXN-0003203,SUP-0155,Facilities,INV-207-2026-003203,PO-2026-003203,2025-04-20,2025-05-27,30,7257.92,7014.62,7014.62,USD,USD,BANK-19822959,False,normal,7014.62,0
TXN-0000003,SUP-0123,Information Technology,INV-970-2026-000003,PO-2026-000003,2025-04-21,2025-06-07,60,15107.12,11585.95,11585.95,USD,USD,BANK-38236379,False,normal,11585.95,0
TXN-0000829,SUP-0145,Aircraft Components,INV-878-2026-000829,PO-2026-000829,2025-04-21,2025-05-23,30,9451.14,8569.93,8569.93,AED,AED,BANK-26332140,False,normal,2333.59,0
TXN-0001615,SUP-0147,Information Technology,INV-253-2026-001615,PO-2026-001615,2025-04-21,2025-05-16,30,8829.54,6609.1,6609.1,USD,USD,BANK-82392481,False,normal,6609.1,0
TXN-0001628,SUP-0146,Maintenance,INV-710-2026-001628,PO-2025-001628,2025-04-21,2025-05-29,30,5465.67,4193.52,4193.52,USD,USD,BANK-76449297,False,normal,4193.52,0
TXN-0002329,SUP-0032,Aircraft Components,INV-880-2026-002329,PO-2026-002329,2025-04-21,2025-06-01,45,10929.46,10494.03,10494.03,GBP,GBP,BANK-49158734,False,normal,13327.42,0
TXN-0002556,SUP-0047,Information Technology,INV-984-2026-002556,PO-2025-002556,2025-04-21,2025-06-09,45,10910.44,9560.98,9560.98,USD,USD,BANK-79481118,False,normal,9560.98,0
TXN-0002582,SUP-0113,Ground Services,INV-217-2026-002582,PO-2025-002582,2025-04-21,2025-05-17,30,4351.68,3685.73,3685.73,USD,USD,BANK-61055398,False,normal,3685.73,0
TXN-0002797,SUP-0156,Maintenance,INV-924-2026-002797,PO-2026-002797,2025-04-21,2025-06-06,30,5015.12,3979.61,3979.61,AED,AED,BANK-35913857,False,normal,1083.65,0
TXN-0003317,SUP-0129,Maintenance,INV-959-2026-003317,PO-2026-003317,2025-04-21,2025-05-29,30,26266.5,25477.72,25477.72,USD,USD,BANK-54924829,False,normal,25477.72,0
TXN-0003634,SUP-0096,Ground Services,INV78520260051A22,PO-2025-005122,2025-04-21,2025-06-20,60,3146.87,2799.33,2799.33,AED,AED,BANK-55569693,False,near_duplicate,762.26,1
TXN-0003827,SUP-0056,Ground Services,INV-369-2026-003827,PO-2026-003827,2025-04-21,2025-05-10,30,3524.24,2591.28,2591.28,EUR,EUR,BANK-33621446,False,normal,2824.5,0
TXN-0003936,SUP-0160,Ground Services,INV-168-2026-003936,PO-2025-003936,2025-04-21,2025-06-22,60,500.0,484.53,484.53,EUR,EUR,BANK-51670701,False,normal,528.14,0
TXN-0004087,SUP-0080,Information Technology,INV-852-2026-004087,PO-2026-004087,2025-04-21,2025-07-20,90,26260.43,25029.54,25029.54,EUR,EUR,BANK-97464377,False,normal,27282.2,0
TXN-0004273,SUP-0073,Professional Services,INV-545-2026-004273,PO-2026-004273,2025-04-21,2025-05-28,30,8906.37,7690.45,7690.45,EUR,EUR,BANK-14030635,False,normal,8382.59,0
TXN-0004809,SUP-0036,Information Technology,INV-551-2026-000417,PO-2026-000417,2025-04-21,2025-07-20,90,2264.64,1965.76,1965.76,USD,USD,BANK-90250953,False,exact_duplicate,1965.76,1
TXN-0005262,SUP-0040,Aircraft Components,INV-915-2026-005262,PO-2025-005262,2025-04-21,2025-06-04,45,7690.47,6625.48,6625.48,AED,AED,BANK-30107614,False,normal,1804.12,0
TXN-0000221,SUP-0002,Maintenance,INV-575-2026-000221,PO-2026-000221,2025-04-22,2025-06-19,60,9332.86,7501.62,7501.62,USD,USD,BANK-19696685,False,normal,7501.62,0
TXN-0000434,SUP-0102,Facilities,INV-380-2026-000434,PO-2025-000434,2025-04-22,2025-05-30,30,8148.41,5961.76,7657.0,AED,AED,BANK-27979808,False,overpayment,2085.0,1
TXN-0000882,SUP-0073,Information Technology,INV-146-2026-000882,PO-2025-000882,2025-04-22,2025-05-26,30,18414.15,14967.43,14967.43,EUR,EUR,BANK-14030635,False,normal,16314.5,0
TXN-0001455,SUP-0027,Professional Services,INV-140-2026-001455,PO-2026-001455,2025-04-22,2025-06-19,60,9484.37,7269.42,7269.42,AED,AED,BANK-26263179,False,normal,1979.46,0
TXN-0001578,SUP-0116,Facilities,INV-889-2026-001578,PO-2025-001578,2025-04-22,2025-06-15,45,10187.42,7379.31,7379.31,EUR,EUR,BANK-45782037,False,normal,8043.45,0
TXN-0001722,SUP-0135,Maintenance,INV-623-2026-001722,PO-2025-001722,2025-04-22,2025-06-09,45,28419.8,22822.3,22822.3,AED,AED,BANK-85671420,False,normal,6214.51,0
TXN-0003005,SUP-0018,Maintenance,INV-983-2026-003005,PO-2026-003005,2025-04-22,2025-06-16,45,3218.49,2509.11,2509.11,USD,USD,BANK-95760944,False,normal,2509.11,0
TXN-0003130,SUP-0072,Information Technology,INV-822-2026-003130,PO-2025-003130,2025-04-22,2025-05-28,30,15176.04,12689.07,12689.07,USD,USD,BANK-88710582,False,normal,12689.07,0
TXN-0004451,SUP-0154,Facilities,INV-187-2026-004451,PO-2026-004451,2025-04-22,2025-06-22,60,17519.95,17423.46,17423.46,AED,AED,BANK-69720522,False,normal,4744.41,0
TXN-0000026,SUP-0120,Information Technology,INV-575-2026-000026,PO-2025-000026,2025-04-23,2025-06-14,60,7357.39,5885.96,5885.96,AED,AED,BANK-53972563,False,normal,1602.75,0
TXN-0002773,SUP-0091,Maintenance,INV-755-2026-002773,PO-2026-002773,2025-04-23,2025-07-01,60,64562.68,62267.62,62267.62,USD,USD,BANK-11616527,False,normal,62267.62,0
TXN-0004442,SUP-0095,Professional Services,INV-829-2026-004442,PO-2025-004442,2025-04-23,2025-06-13,45,5154.3,4060.69,4060.69,USD,USD,BANK-36688168,False,normal,4060.69,0
TXN-0005171,SUP-0133,Maintenance,INV-103-2026-005171,PO-2026-005171,2025-04-23,2025-05-25,30,37264.1,27707.68,27707.68,AED,AED,BANK-23338758,False,normal,7544.8,0
TXN-0000120,SUP-0086,Ground Services,INV-110-2026-000120,PO-2025-000120,2025-04-24,2025-05-14,30,31599.65,27005.82,27005.82,USD,USD,BANK-11254265,False,normal,27005.82,0
TXN-0000973,SUP-0043,Maintenance,INV-680-2026-000973,PO-2026-000973,2025-04-24,2025-06-29,60,42465.4,36507.7,36507.7,AED,AED,BANK-56697251,False,normal,9941.05,0
TXN-0001033,SUP-0080,Ground Services,INV-167-2026-001033,PO-2026-001033,2025-04-24,2025-06-01,45,15338.36,11496.99,11496.99,EUR,EUR,BANK-97464377,False,normal,12531.72,0
TXN-0001226,SUP-0076,Professional Services,INV-484-2026-001226,PO-2025-001226,2025-04-24,2025-06-25,60,8452.32,7087.92,7087.92,USD,USD,BANK-37929130,False,normal,7087.92,0
TXN-0001793,SUP-0059,Aircraft Components,INV-609-2026-001793,PO-2026-001793,2025-04-24,2025-05-29,30,4207.73,3546.23,3546.23,USD,USD,BANK-95295830,False,normal,3546.23,0
TXN-0001905,SUP-0073,Ground Services,INV-223-2026-001905,PO-2026-001905,2025-04-24,2025-06-10,45,59376.58,54097.52,54097.52,EUR,EUR,BANK-14030635,False,normal,58966.3,0
TXN-0002404,SUP-0032,Maintenance,INV-140-2026-002404,PO-2025-002404,2025-04-24,2025-05-17,30,5266.27,4421.58,4421.58,GBP,GBP,BANK-49158734,False,normal,5615.41,0
TXN-0002986,SUP-0120,Aircraft Components,INV-435-2026-002986,PO-2025-002986,2025-04-24,2025-07-01,60,8188.5,6096.82,6096.82,AED,AED,BANK-53972563,False,normal,1660.16,0
TXN-0003524,SUP-0019,Information Technology,INV-598-2026-003524,PO-2025-003524,2025-04-24,2025-05-17,30,9341.86,8093.38,8093.38,EUR,EUR,BANK-67134797,False,normal,8821.78,0
TXN-0004614,SUP-0048,Professional Services,INV-866-2026-004614,PO-2025-004614,2025-04-24,2025-06-20,60,6633.94,5938.75,5938.75,USD,USD,BANK-40202528,False,normal,5938.75,0
TXN-0005071,SUP-0017,Aircraft Components,INV-544-2026-005071,PO-2026-005071,2025-04-24,2025-05-22,30,40491.72,39115.26,39115.26,AED,AED,BANK-38542500,False,normal,10651.09,0
TXN-0000322,SUP-0018,Maintenance,INV-927-2026-000322,PO-2025-000322,2025-04-25,2025-05-30,30,13483.35,11363.77,11363.77,USD,USD,BANK-95760944,False,normal,11363.77,0
TXN-0001502,SUP-0034,Maintenance,INV-528-2026-001502,PO-2025-001502,2025-04-25,2025-06-06,45,3968.87,3142.18,3142.18,USD,USD,BANK-99313799,False,normal,3142.18,0
TXN-0001714,SUP-0027,Facilities,INV-204-2026-001714,PO-2025-001714,2025-04-25,2025-06-12,45,20776.84,18961.64,18961.64,AED,AED,BANK-26263179,False,normal,5163.25,0
TXN-0002305,SUP-0150,Ground Services,INV-400-2026-002305,PO-2026-002305,2025-04-25,2025-06-04,30,13297.11,9695.36,9695.36,USD,USD,BANK-67087104,False,normal,9695.36,0
TXN-0002398,SUP-0008,Professional Services,INV-642-2026-002398,PO-2025-002398,2025-04-25,2025-06-13,45,5293.96,4596.59,4596.59,EUR,EUR,BANK-22713593,False,normal,5010.28,0
TXN-0002629,SUP-0059,Maintenance,INV-693-2026-002629,PO-2026-002629,2025-04-25,2025-06-16,45,25703.36,23530.13,23530.13,USD,USD,BANK-95295830,False,normal,23530.13,0
TXN-0003080,SUP-0042,Maintenance,INV-956-2026-003080,PO-2025-003080,2025-04-25,2025-06-19,60,6988.51,5343.17,5343.17,EUR,EUR,BANK-20438281,False,normal,5824.06,0
TXN-0003331,SUP-0073,Maintenance,INV-696-2026-003331,PO-2026-003331,2025-04-25,2025-06-27,60,3047.34,2314.43,2314.43,EUR,EUR,BANK-14030635,False,normal,2522.73,0
TXN-0005029,SUP-0082,Maintenance,INV-310-2026-005029,PO-2026-005029,2025-04-25,2025-05-29,30,6936.26,5456.17,5456.17,USD,USD,BANK-55066706,False,normal,5456.17,0
TXN-0000351,SUP-0130,Professional Services,INV-448-2026-000351,PO-2026-000351,2025-04-26,2025-05-30,45,40030.6,31623.14,31623.14,AED,AED,BANK-12237354,False,normal,8610.98,0
TXN-0000436,SUP-0092,Information Technology,INV-461-2026-000436,PO-2025-000436,2025-04-26,2025-06-13,45,8634.65,7910.36,7910.36,AED,AED,BANK-70989279,False,normal,2153.99,0
TXN-0000767,SUP-0012,Information Technology,INV-895-2026-000767,PO-2026-000767,2025-04-26,2025-06-22,60,2431.27,2402.19,2402.19,GBP,GBP,BANK-37895989,False,normal,3050.78,0
TXN-0001045,SUP-0015,Aircraft Components,INV-513-2026-001045,PO-2026-001045,2025-04-26,2025-06-24,60,7469.49,6289.09,6289.09,USD,USD,BANK-82742631,False,normal,6289.09,0
TXN-0001837,SUP-0055,Aircraft Components,INV-948-2026-001837,PO-2026-001837,2025-04-26,2025-06-05,30,4585.52,3557.66,3557.66,AED,AED,BANK-44199230,False,normal,968.75,0
TXN-0002288,SUP-0113,Professional Services,INV-757-2026-002288,PO-2025-002288,2025-04-26,2025-06-16,45,5645.13,4527.25,4527.25,USD,USD,BANK-61055398,False,normal,4527.25,0
TXN-0002571,SUP-0129,Ground Services,INV-292-2026-002571,PO-2026-002571,2025-04-26,2025-07-04,60,31032.73,26937.6,31941.32,USD,USD,BANK-54924829,False,overpayment,31941.32,1
TXN-0002717,SUP-0124,Aircraft Components,INV-445-2026-002717,PO-2026-002717,2025-04-26,2025-06-24,45,6854.8,5675.46,5675.46,USD,USD,BANK-96006092,False,normal,5675.46,0
TXN-0002764,SUP-0064,Professional Services,INV-741-2026-002764,PO-2025-002764,2025-04-26,2025-08-12,90,28895.71,24881.54,24881.54,EUR,EUR,BANK-84800139,False,normal,27120.88,0
TXN-0003251,SUP-0040,Aircraft Components,INV-915-2026-005262,PO-2025-005262,2025-04-26,2025-06-10,45,7690.47,6625.48,6625.48,AED,AED,BANK-30107614,False,exact_duplicate,1804.12,1
TXN-0003818,SUP-0006,Facilities,INV-683-2026-003818,PO-2025-003818,2025-04-26,2025-07-28,90,1333.99,1139.39,1139.39,GBP,GBP,BANK-30719258,False,normal,1447.03,0
TXN-0004240,SUP-0077,Aircraft Components,INV-757-2026-004240,PO-2025-004240,2025-04-26,2025-07-03,60,4366.82,4068.57,4068.57,USD,USD,BANK-99822506,False,normal,4068.57,0
TXN-0004404,SUP-0078,Maintenance,INV-307-2026-004404,PO-2025-004404,2025-04-26,2025-05-30,30,15129.74,13746.95,13746.95,AED,AED,BANK-79966434,False,normal,3743.29,0
TXN-0000023,SUP-0043,Maintenance,INV-154-2026-000023,PO-2026-000023,2025-04-27,2025-04-28,45,31384.74,29396.55,29396.55,AED,AED,BANK-56697251,False,rapid_payment,8004.68,1
TXN-0000627,SUP-0031,Maintenance,INV-155-2026-000627,PO-2026-000627,2025-04-27,2025-07-08,60,2723.37,2593.5,2593.5,EUR,EUR,BANK-36891816,False,normal,2826.92,0
TXN-0000797,SUP-0063,Ground Services,INV-301-2026-000797,PO-2026-000797,2025-04-27,2025-06-20,60,9601.4,8684.36,8684.36,AED,AED,BANK-16087857,False,normal,2364.75,0
TXN-0000856,SUP-0022,Aircraft Components,INV-164-2026-000856,PO-2025-000856,2025-04-27,2025-05-18,30,1718.59,1709.39,1709.39,USD,USD,BANK-56355141,False,normal,1709.39,0
TXN-0001247,SUP-0112,Aircraft Components,INV-166-2026-001247,PO-2026-001247,2025-04-27,2025-05-23,30,15926.27,13958.82,13958.82,USD,USD,BANK-21137842,False,normal,13958.82,0
TXN-0003819,SUP-0108,Aircraft Components,INV-475-2026-003819,PO-2026-003819,2025-04-27,2025-06-14,45,38172.59,35458.05,35458.05,USD,USD,BANK-76508559,False,normal,35458.05,0
TXN-0004447,SUP-0144,Facilities,INV-674-2026-004447,PO-2026-004447,2025-04-27,2025-05-25,30,11631.97,10194.02,10194.02,AED,AED,BANK-63643829,False,normal,2775.83,0
TXN-0004828,SUP-0064,Aircraft Components,INV-238-2026-004828,PO-2025-004828,2025-04-27,2025-07-30,90,15394.39,11962.43,11962.43,EUR,EUR,BANK-84800139,False,normal,13039.05,0
TXN-0004925,SUP-0004,Aircraft Components,INV-907-2026-004925,PO-2026-004925,2025-04-27,2025-05-18,30,7586.27,5718.11,5718.11,AED,AED,BANK-92441065,False,normal,1557.04,0
TXN-0000107,SUP-0039,Aircraft Components,INV-107-2026-000107,PO-2026-000107,2025-04-28,2025-06-10,30,29634.09,24986.48,24986.48,USD,USD,BANK-90171323,False,normal,24986.48,0
TXN-0000233,SUP-0038,Information Technology,INV-448-2026-000233,PO-2026-000233,2025-04-28,2025-05-23,30,4029.81,3263.37,3263.37,AED,EUR,BANK-86107842,False,currency_mismatch,3557.07,1
TXN-0000501,SUP-0099,Maintenance,INV-525-2026-000501,PO-2026-000501,2025-04-28,2025-05-10,30,7967.74,6917.34,6917.34,USD,USD,BANK-78956930,False,normal,6917.34,0
TXN-0000588,SUP-0085,Facilities,INV-739-2026-000588,PO-2025-000588,2025-04-28,2025-05-25,45,36295.48,30471.42,30471.42,USD,USD,BANK-94093522,False,normal,30471.42,0
TXN-0000743,SUP-0025,Facilities,INV-285-2026-000743,PO-2026-000743,2025-04-28,2025-06-22,30,13526.91,13508.6,13508.6,EUR,EUR,BANK-99224451,False,normal,14724.37,0
TXN-0001013,SUP-0075,Maintenance,INV-886-2026-001013,PO-2026-001013,2025-04-28,2025-05-28,30,17544.36,13686.58,13686.58,USD,USD,BANK-35245775,False,normal,13686.58,0
TXN-0001345,SUP-0057,Ground Services,INV-240-2026-001345,PO-2026-001345,2025-04-28,2025-06-15,60,61402.76,55775.82,55775.82,USD,USD,BANK-10477636,False,normal,55775.82,0
TXN-0001466,SUP-0098,Maintenance,INV-368-2026-001466,PO-2025-001466,2025-04-28,2025-05-28,30,6864.57,6495.43,6495.43,USD,USD,BANK-72483618,False,normal,6495.43,0
TXN-0001721,SUP-0022,Information Technology,INV-955-2026-001721,PO-2026-001721,2025-04-28,2025-06-07,30,21098.35,16382.44,16382.44,USD,USD,BANK-56355141,False,normal,16382.44,0
TXN-0002119,SUP-0122,Aircraft Components,INV-414-2026-002119,PO-2026-002119,2025-04-28,2025-06-20,60,31341.45,24907.92,24907.92,AED,AED,BANK-69657778,False,normal,6782.43,0
TXN-0003364,SUP-0036,Aircraft Components,INV-701-2026-003364,PO-2025-003364,2025-04-28,2025-06-08,30,11736.32,10065.07,10065.07,USD,USD,BANK-90250953,False,normal,10065.07,0
TXN-0003789,SUP-0006,Maintenance,INV-706-2026-003789,PO-2026-003789,2025-04-28,2025-05-25,30,4568.13,3300.31,3300.31,GBP,GBP,BANK-30719258,False,normal,4191.39,0
TXN-0004041,SUP-0004,Ground Services,INV-121-2026-004041,PO-2026-004041,2025-04-28,2025-05-25,30,5815.04,5571.72,5571.72,AED,AED,BANK-92441065,False,normal,1517.18,0
TXN-0004636,SUP-0099,Facilities,INV-632-2026-004636,PO-2025-004636,2025-04-28,2025-05-24,30,2699.39,1952.27,1952.27,USD,USD,BANK-78956930,False,normal,1952.27,0
TXN-0004751,SUP-0090,Ground Services,INV-768-2026-004751,PO-2026-004751,2025-04-28,2025-06-17,45,17614.49,15127.72,15127.72,AED,AED,BANK-21863999,False,normal,4119.28,0
TXN-0005117,SUP-0002,Maintenance,INV-490-2026-005117,PO-2026-005117,2025-04-28,2025-07-06,60,12562.06,12457.82,12457.82,USD,USD,BANK-19696685,False,normal,12457.82,0
TXN-0005394,SUP-0002,Professional Services,INV-566-2026-005394,PO-2025-005394,2025-04-28,2025-05-29,30,5763.12,4387.93,4387.93,USD,USD,BANK-19696685,False,normal,4387.93,0
TXN-0005455,SUP-0041,Information Technology,INV-654-2026-005455,PO-2026-005455,2025-04-28,2025-07-29,90,11175.58,10817.89,10817.89,USD,USD,BANK-90410196,False,normal,10817.89,0
TXN-0000550,SUP-0119,Aircraft Components,INV-762-2026-000550,PO-2025-000550,2025-04-29,2025-06-04,30,6535.9,5796.87,5796.87,USD,USD,BANK-21899503,False,normal,5796.87,0
TXN-0001105,SUP-0118,Information Technology,INV-339-2026-001105,PO-2026-001105,2025-04-29,2025-06-04,30,4232.37,3360.62,3360.62,AED,AED,BANK-37085381,False,normal,915.1,0
TXN-0001189,SUP-0115,Professional Services,INV-814-2026-001189,PO-2026-001189,2025-04-29,2025-07-30,90,3365.53,3115.46,3115.46,USD,USD,BANK-17278259,False,normal,3115.46,0
TXN-0001241,SUP-0152,Facilities,INV-311-2026-001241,PO-2026-001241,2025-04-29,2025-05-27,30,16763.14,13221.07,13221.07,EUR,EUR,BANK-86228158,False,normal,14410.97,0
TXN-0001303,SUP-0076,Professional Services,INV-456-2026-001303,PO-2026-001303,2025-04-29,2025-06-14,60,19562.95,14749.87,14749.87,USD,USD,BANK-37929130,False,normal,14749.87,0
TXN-0002114,SUP-0063,Ground Services,INV-240-2026-002114,PO-2025-002114,2025-04-29,2025-07-17,90,29707.07,22420.74,22420.74,AED,AED,BANK-16087857,False,normal,6105.17,0
TXN-0003064,SUP-0103,Aircraft Components,INV-808-2026-003064,PO-2025-003064,2025-04-29,2025-05-30,30,43409.07,42201.87,42201.87,USD,USD,BANK-87788293,False,normal,42201.87,0
TXN-0003094,SUP-0013,Aircraft Components,INV-513-2026-003094,PO-2025-003094,2025-04-29,2025-07-27,90,12203.69,11918.64,11918.64,AED,AED,BANK-84681076,False,normal,3245.45,0
TXN-0003446,SUP-0013,Facilities,INV-844-2026-003446,PO-2025-003446,2025-04-29,2025-06-17,45,73064.79,63964.66,63964.66,AED,AED,BANK-84681076,False,normal,17417.58,0
TXN-0003587,SUP-0134,Ground Services,INV-973-2026-003587,PO-2026-003587,2025-04-29,2025-06-30,60,4070.05,3559.95,3559.95,USD,USD,BANK-67057759,False,normal,3559.95,0
TXN-0003739,SUP-0126,Ground Services,INV-200-2026-003739,PO-2026-003739,2025-04-29,2025-07-12,60,16201.61,14728.45,14728.45,AED,AED,BANK-35780160,False,normal,4010.56,0
TXN-0004525,SUP-0136,Facilities,INV-969-2026-004525,PO-2026-004525,2025-04-29,2025-06-08,30,1331.54,1249.41,1249.41,USD,USD,BANK-19530766,False,normal,1249.41,0
TXN-0004670,SUP-0138,Maintenance,INV-730-2026-004670,PO-2025-004670,2025-04-29,2025-08-01,90,15641.68,11631.56,11631.56,AED,AED,BANK-22630563,False,normal,3167.27,0
TXN-0002852,SUP-0009,Professional Services,INV-712-2026-002852,PO-2025-002852,2025-04-30,2025-07-11,60,4641.32,4166.08,4166.08,USD,USD,BANK-59936721,False,normal,4166.08,0
TXN-0003494,SUP-0064,Professional Services,INV-741-2026-002764,PO-2025-002764,2025-04-30,2025-07-29,90,28895.71,24881.54,24881.54,EUR,EUR,BANK-84800139,False,exact_duplicate,27120.88,1
TXN-0003915,SUP-0061,Maintenance,INV-320-2026-003915,PO-2026-003915,2025-04-30,2025-06-07,45,9889.6,7794.6,7794.6,AED,AED,BANK-12871994,False,normal,2122.47,0
TXN-0004019,SUP-0003,Maintenance,INV-419-2026-004019,PO-2026-004019,2025-04-30,2025-07-06,60,3602.43,2926.94,2926.94,EUR,EUR,BANK-65317853,False,normal,3190.36,0
TXN-0004425,SUP-0152,Professional Services,INV-266-2026-004425,PO-2026-004425,2025-04-30,2025-05-28,30,12368.9,10325.11,10325.11,EUR,EUR,BANK-86228158,False,normal,11254.37,0
TXN-0004686,SUP-0072,Aircraft Components,INV-494-2026-004686,PO-2025-004686,2025-04-30,2025-06-28,45,58866.19,56551.97,56551.97,USD,USD,BANK-88710582,False,normal,56551.97,0
TXN-0004721,SUP-0113,Ground Services,INV-140-2026-004721,PO-2026-004721,2025-04-30,2025-06-05,30,11030.66,8580.06,8580.06,USD,USD,BANK-61055398,False,normal,8580.06,0
TXN-0004844,SUP-0079,Aircraft Components,INV-168-2026-004844,PO-2025-004844,2025-04-30,2025-07-10,45,11281.51,10486.17,10486.17,AED,AED,BANK-38837550,False,normal,2855.38,0
TXN-0005092,SUP-0150,Maintenance,INV-157-2026-005092,PO-2025-005092,2025-04-30,2025-05-25,30,7563.69,6853.14,6853.14,USD,USD,BANK-67087104,False,normal,6853.14,0
TXN-0000117,SUP-0119,Facilities,INV-293-2026-000117,PO-2026-000117,2025-05-01,2025-06-29,60,6010.7,5466.16,5466.16,USD,USD,BANK-21899503,False,normal,5466.16,0
TXN-0000176,SUP-0118,Maintenance,INV-569-2026-000176,PO-2025-000176,2025-05-01,2025-05-10,30,24316.35,22754.62,22754.62,AED,AED,BANK-37085381,False,normal,6196.08,0
TXN-0000409,SUP-0120,Aircraft Components,INV-310-2026-000409,PO-2026-000409,2025-05-01,2025-05-31,30,4898.93,4041.79,4041.79,AED,AED,BANK-53972563,False,normal,1100.58,0
TXN-0000902,SUP-0053,Facilities,INV-190-2026-000902,PO-2025-000902,2025-05-01,2025-05-28,30,8175.68,7408.74,7408.74,EUR,EUR,BANK-76295561,False,normal,8075.53,0
TXN-0000904,SUP-0146,Aircraft Components,INV-297-2026-000904,PO-2025-000904,2025-05-01,2025-05-29,30,32112.3,26600.07,26600.07,USD,USD,BANK-76449297,False,normal,26600.07,0
TXN-0001877,SUP-0154,Maintenance,INV-280-2026-001877,PO-2026-001877,2025-05-01,2025-05-28,30,3410.82,3389.0,3389.0,AED,AED,BANK-69720522,False,normal,922.82,0
TXN-0002282,SUP-0159,Aircraft Components,INV-995-2026-002282,PO-2025-002282,2025-05-01,2025-08-03,90,58045.01,44723.59,44723.59,AED,AED,BANK-81713537,False,normal,12178.23,0
TXN-0003254,SUP-0134,Ground Services,INV-642-2026-003254,PO-2025-003254,2025-05-01,2025-06-24,60,14779.3,14043.61,14043.61,USD,USD,BANK-67057759,False,normal,14043.61,0
TXN-0003360,SUP-0077,Information Technology,INV-418-2026-003360,PO-2025-003360,2025-05-01,2025-06-16,30,8769.25,8421.37,8421.37,USD,USD,BANK-99822506,False,normal,8421.37,0
TXN-0003875,SUP-0002,Maintenance,INV-708-2026-003875,PO-2026-003875,2025-05-01,2025-06-09,45,5489.79,4614.59,4614.59,USD,USD,BANK-19696685,False,normal,4614.59,0
TXN-0004044,SUP-0090,Maintenance,INV-584-2026-004044,PO-2025-004044,2025-05-01,2025-06-03,45,13737.14,13245.67,13245.67,AED,AED,BANK-21863999,False,normal,3606.8,0
TXN-0004255,SUP-0043,Facilities,INV-421-2026-004255,PO-2026-004255,2025-05-01,2025-06-26,45,1555.72,1319.45,1319.45,AED,AED,BANK-56697251,False,normal,359.29,0
TXN-0004970,SUP-0022,Maintenance,INV-996-2026-004970,PO-2025-004970,2025-05-01,2025-08-05,90,2491.59,2223.21,2223.21,USD,USD,BANK-56355141,False,normal,2223.21,0
TXN-0005087,SUP-0039,Ground Services,INV-357-2026-005087,PO-2026-005087,2025-05-01,2025-07-01,45,26596.07,25818.97,25818.97,USD,USD,BANK-90171323,False,normal,25818.97,0
TXN-0005346,SUP-0025,Information Technology,INV-344-2026-005346,PO-2025-005346,2025-05-01,2025-05-28,30,6738.48,5190.07,5190.07,EUR,EUR,BANK-99224451,False,normal,5657.18,0
TXN-0001654,SUP-0065,Information Technology,INV-729-2026-001654,PO-2025-001654,2025-05-02,2025-05-29,30,20234.14,15263.85,15263.85,AED,AED,BANK-90272029,False,normal,4156.35,0
TXN-0001880,SUP-0014,Professional Services,INV-511-2026-001880,PO-2025-001880,2025-05-02,2025-07-27,90,33419.49,31297.04,31297.04,EUR,EUR,BANK-51403053,False,normal,34113.77,0
TXN-0001968,SUP-0076,Information Technology,INV-635-2026-001968,PO-2025-001968,2025-05-02,2025-06-08,30,8576.04,8221.44,8221.44,USD,USD,BANK-37929130,False,normal,8221.44,0
TXN-0002324,SUP-0031,Professional Services,INV-102-2026-002324,PO-2025-002324,2025-05-02,2025-06-06,30,17889.05,15540.74,15540.74,EUR,EUR,BANK-36891816,False,normal,16939.41,0
TXN-0002378,SUP-0098,Information Technology,INV-196-2026-002378,PO-2025-002378,2025-05-02,2025-07-06,60,18661.2,16327.53,16327.53,USD,USD,BANK-72483618,False,normal,16327.53,0
TXN-0002484,SUP-0103,Aircraft Components,INV-881-2026-002484,PO-2025-002484,2025-05-02,2025-06-09,30,2046.92,1675.53,1675.53,USD,USD,BANK-87788293,False,normal,1675.53,0
TXN-0002516,SUP-0108,Aircraft Components,INV-274-2026-002516,PO-2025-002516,2025-05-02,2025-06-02,30,16477.15,13195.49,13195.49,USD,USD,BANK-76508559,False,normal,13195.49,0
TXN-0002729,SUP-0090,Maintenance,INV-761-2026-002729,PO-2026-002729,2025-05-02,2025-06-14,45,21536.93,18792.03,18792.03,AED,AED,BANK-21863999,False,normal,5117.07,0
TXN-0002878,SUP-0132,Aircraft Components,INV-329-2026-002878,PO-2025-002878,2025-05-02,2025-07-04,60,6181.54,4828.67,4828.67,GBP,GBP,BANK-59967823,False,normal,6132.41,0
TXN-0002958,SUP-0036,Aircraft Components,INV-831-2026-002958,PO-2025-002958,2025-05-02,2025-05-24,30,74825.62,74680.46,74680.46,USD,USD,BANK-90250953,False,normal,74680.46,0
TXN-0003947,SUP-0144,Aircraft Components,INV-817-2026-003947,PO-2026-003947,2025-05-02,2025-06-13,45,3826.9,3784.82,3784.82,AED,AED,BANK-63643829,False,normal,1030.61,0
TXN-0004102,SUP-0050,Ground Services,INV-591-2026-004102,PO-2025-004102,2025-05-02,2025-05-31,30,3701.47,2873.26,2873.26,USD,USD,BANK-46919792,False,normal,2873.26,0
TXN-0005251,SUP-0048,Ground Services,INV-202-2026-005251,PO-2026-005251,2025-05-02,2025-06-20,60,2769.22,2332.75,2332.75,USD,USD,BANK-40202528,False,normal,2332.75,0
TXN-0001083,SUP-0146,Information Technology,INV-243-2026-001083,PO-2026-001083,2025-05-03,2025-07-03,60,27929.68,22073.57,22073.57,USD,USD,BANK-76449297,False,normal,22073.57,0
TXN-0001336,SUP-0123,Aircraft Components,INV-118-2026-001336,PO-2025-001336,2025-05-03,2025-06-30,60,9738.66,8317.24,8317.24,USD,USD,BANK-38236379,False,normal,8317.24,0
TXN-0002057,SUP-0154,Information Technology,INV-856-2026-002057,PO-2026-002057,2025-05-03,2025-07-18,60,15096.15,13650.32,13650.32,AED,AED,BANK-69720522,False,normal,3716.98,0
TXN-0003839,SUP-0156,Maintenance,INV-932-2026-003839,PO-2026-003839,2025-05-03,2025-08-06,90,5234.05,4148.77,4148.77,AED,AED,BANK-35913857,False,normal,1129.71,0
TXN-0005076,SUP-0019,Ground Services,INV-756-2026-005076,PO-2025-005076,2025-05-03,2025-06-18,45,5978.05,4931.42,4931.42,EUR,EUR,BANK-67134797,False,normal,5375.25,0
TXN-0005334,SUP-0091,Professional Services,INV-905-2026-005334,PO-2025-005334,2025-05-03,2025-06-22,45,2377.34,2362.14,2362.14,USD,USD,BANK-11616527,False,normal,2362.14,0
TXN-0000069,SUP-0158,Ground Services,INV-430-2026-000069,PO-2026-000069,2025-05-04,2025-06-09,45,29234.82,25534.89,25534.89,AED,AED,BANK-32546185,False,normal,6953.15,0
TXN-0001000,SUP-0139,Facilities,INV-109-2026-001000,PO-2025-001000,2025-05-04,2025-06-09,30,20998.21,17002.78,17002.78,EUR,EUR,BANK-77394363,False,normal,18533.03,0
TXN-0001277,SUP-0002,Professional Services,INV-247-2026-001277,PO-2026-001277,2025-05-04,2025-05-28,30,8802.76,7010.43,7010.43,USD,USD,BANK-19696685,False,normal,7010.43,0
TXN-0001907,SUP-0099,Maintenance,INV-698-2026-001907,PO-2026-001907,2025-05-04,2025-07-15,60,4344.53,3631.56,3631.56,USD,USD,BANK-78956930,False,normal,3631.56,0
TXN-0002541,SUP-0019,Ground Services,INV-740-2026-002541,PO-2026-002541,2025-05-04,2025-07-28,90,1676.57,1574.32,1574.32,EUR,EUR,BANK-67134797,False,normal,1716.01,0
TXN-0002598,SUP-0039,Professional Services,INV-231-2026-002598,PO-2025-002598,2025-05-04,2025-07-09,60,5378.6,4182.27,4182.27,USD,USD,BANK-90171323,False,normal,4182.27,0
TXN-0003611,SUP-0086,Information Technology,INV-727-2026-003611,PO-2026-003611,2025-05-04,2025-07-19,60,7130.11,6335.03,6335.03,USD,USD,BANK-11254265,False,normal,6335.03,0
TXN-0003908,SUP-0011,Facilities,INV-522-2026-003908,PO-2025-003908,2025-05-04,2025-06-20,45,3873.9,3688.37,3688.37,USD,USD,BANK-43383005,False,normal,3688.37,0
TXN-0004332,SUP-0053,Aircraft Components,INV-944-2026-004332,PO-2025-004332,2025-05-04,2025-07-08,60,2538.24,1909.42,1909.42,EUR,EUR,BANK-76295561,False,normal,2081.27,0
TXN-0004872,SUP-0120,Facilities,INV-675-2026-004872,PO-2025-004872,2025-05-04,2025-08-06,90,11883.96,10251.92,10251.92,AED,AED,BANK-53972563,False,normal,2791.6,0
TXN-0004985,SUP-0095,Facilities,INV-178-2026-004985,PO-2026-004985,2025-05-04,2025-05-27,30,21885.98,19879.66,19879.66,USD,USD,BANK-36688168,False,normal,19879.66,0
TXN-0005228,SUP-0106,Aircraft Components,INV-777-2026-005228,PO-2025-005228,2025-05-04,2025-07-05,60,18949.2,17621.08,17621.08,AED,AED,BANK-74386640,False,normal,4798.22,0
TXN-0005294,SUP-0021,Aircraft Components,INV-218-2026-005294,PO-2025-005294,2025-05-04,2025-07-14,90,4099.96,3835.44,3835.44,EUR,EUR,BANK-65967398,False,normal,4180.63,0
TXN-0000113,SUP-0101,Aircraft Components,INV-776-2026-000113,PO-2026-000113,2025-05-05,2025-05-30,30,4274.88,3097.34,3097.34,EUR,EUR,BANK-47533220,False,normal,3376.1,0
TXN-0000286,SUP-0158,Maintenance,INV-250-2026-000286,PO-2025-000286,2025-05-05,2025-06-04,30,32460.53,29913.03,29913.03,AED,AED,BANK-32546185,False,normal,8145.32,0
TXN-0000615,SUP-0077,Professional Services,INV-956-2026-000615,PO-2026-000615,2025-05-05,2025-06-01,30,9302.65,6853.41,6853.41,USD,USD,BANK-99822506,False,normal,6853.41,0
TXN-0001032,SUP-0008,Maintenance,INV-451-2026-001032,PO-2025-001032,2025-05-05,2025-07-17,60,5446.58,4831.14,4831.14,EUR,EUR,BANK-22713593,False,normal,5265.94,0
TXN-0001215,SUP-0043,Facilities,INV-863-2026-001215,PO-2026-001215,2025-05-05,2025-08-17,90,3095.44,2890.63,2890.63,AED,AED,BANK-56697251,False,normal,787.12,0
TXN-0001875,SUP-0104,Facilities,INV-524-2026-001875,PO-2026-001875,2025-05-05,2025-07-12,60,4446.1,4155.3,4155.3,GBP,GBP,BANK-82371206,False,normal,5277.23,0
TXN-0001980,SUP-0032,Ground Services,INV-765-2026-001980,PO-2025-001980,2025-05-05,2025-06-30,45,18288.19,21826.24,21826.24,GBP,GBP,BANK-49158734,False,invoice_above_po,27719.32,1
TXN-0002965,SUP-0076,Professional Services,INV-464-2026-002965,PO-2026-002965,2025-05-05,2025-06-18,30,19680.02,17714.41,17714.41,USD,USD,BANK-37929130,False,normal,17714.41,0
TXN-0003423,SUP-0032,Maintenance,INV-980-2026-003423,PO-2026-003423,2025-05-05,2025-06-05,45,3394.71,3015.02,3015.02,GBP,GBP,NEW-78739106,True,bank_change,3829.08,1
TXN-0003588,SUP-0151,Aircraft Components,INV-722-2026-003588,PO-2025-003588,2025-05-05,2025-07-11,45,25461.02,18832.78,18832.78,EUR,EUR,BANK-80628709,False,normal,20527.73,0
TXN-0004014,SUP-0056,Aircraft Components,INV-322-2026-004014,PO-2025-004014,2025-05-05,2025-06-11,30,6501.18,6429.52,6429.52,EUR,EUR,BANK-33621446,False,normal,7008.18,0
TXN-0004486,SUP-0062,Aircraft Components,INV-286-2026-004486,PO-2025-004486,2025-05-05,2025-06-13,30,21135.29,19468.25,19468.25,AED,AED,BANK-21048213,False,normal,5301.2,0
TXN-0004775,SUP-0159,Facilities,INV-542-2026-004775,PO-2026-004775,2025-05-05,2025-06-18,45,10749.11,8573.98,8573.98,AED,AED,BANK-81713537,False,normal,2334.69,0
TXN-0004819,SUP-0038,Aircraft Components,INV-394-2026-004819,PO-2026-004819,2025-05-05,2025-07-26,90,21189.75,20635.03,20635.03,AED,AED,BANK-86107842,False,normal,5618.92,0
TXN-0004840,SUP-0064,Ground Services,INV-166-2026-004840,PO-2025-004840,2025-05-05,2025-06-21,45,17725.73,15970.32,15970.32,EUR,EUR,BANK-84800139,False,normal,17407.65,0
TXN-0005020,SUP-0134,Professional Services,INV-500-2026-005020,PO-2025-005020,2025-05-05,2025-05-31,30,55739.95,46591.61,46591.61,USD,USD,BANK-67057759,False,normal,46591.61,0
TXN-0001919,SUP-0062,Information Technology,INV-993-2026-001919,PO-2026-001919,2025-05-06,2025-05-29,30,15092.3,14678.48,14678.48,AED,AED,BANK-21048213,False,normal,3996.95,0
TXN-0002914,SUP-0116,Aircraft Components,INV-853-2026-002914,PO-2025-002914,2025-05-06,2025-07-22,90,9213.8,8296.26,8296.26,EUR,EUR,BANK-45782037,False,normal,9042.92,0
TXN-0003119,SUP-0148,Maintenance,INV-104-2026-003119,PO-2026-003119,2025-05-06,2025-08-24,90,4056.28,2926.47,2926.47,AED,AED,BANK-48887190,False,normal,796.88,0
TXN-0003249,SUP-0052,Facilities,INV-861-2026-003249,PO-2026-003249,2025-05-06,2025-07-09,60,5188.37,4403.25,4403.25,USD,USD,BANK-89766631,False,normal,4403.25,0
TXN-0003277,SUP-0093,Maintenance,INV-839-2026-003277,PO-2026-003277,2025-05-06,2025-07-22,60,33086.76,29592.43,29592.43,USD,USD,BANK-97237891,False,normal,29592.43,0
TXN-0003709,SUP-0091,Professional Services,INV-813-2026-003709,PO-2026-003709,2025-05-06,2025-06-17,60,7637.56,6565.49,6565.49,USD,USD,BANK-11616527,False,normal,6565.49,0
TXN-0004468,SUP-0023,Information Technology,INV-383-2026-004468,PO-2025-004468,2025-05-06,2025-06-22,45,24426.46,19334.0,19334.0,GBP,GBP,BANK-91497896,False,normal,24554.18,0
TXN-0005011,SUP-0124,Facilities,INV-746-2026-005011,PO-2026-005011,2025-05-06,2025-05-30,30,45895.1,43444.65,43444.65,USD,USD,BANK-96006092,False,normal,43444.65,0
TXN-0005081,SUP-0036,Facilities,INV-219-2026-005081,PO-2026-005081,2025-05-06,2025-06-17,45,11009.8,8029.36,8029.36,USD,USD,BANK-90250953,False,normal,8029.36,0
TXN-0005271,SUP-0053,Aircraft Components,INV-141-2026-005271,PO-2026-005271,2025-05-06,2025-06-21,30,11350.44,11121.75,11121.75,EUR,EUR,BANK-76295561,False,normal,12122.71,0
TXN-0000297,SUP-0020,Maintenance,INV-251-2026-000297,PO-2026-000297,2025-05-07,2025-06-21,45,103492.92,93382.35,93382.35,AED,AED,BANK-36182605,False,normal,25428.01,0
TXN-0000534,SUP-0019,Maintenance,INV-588-2026-000534,PO-2025-000534,2025-05-07,2025-06-19,45,23775.07,34521.96,34521.96,EUR,EUR,BANK-67134797,False,invoice_above_po,37628.94,1
TXN-0001942,SUP-0062,Maintenance,INV-322-2026-001942,PO-2025-001942,2025-05-07,2025-07-01,45,26217.39,20999.23,20999.23,AED,AED,BANK-21048213,False,normal,5718.09,0
TXN-0002101,SUP-0124,Aircraft Components,INV-445-2026-002717,PO-2026-002717,2025-05-07,2025-06-21,45,6854.8,5675.46,5675.46,USD,USD,BANK-96006092,False,exact_duplicate,5675.46,1
TXN-0003456,SUP-0050,Ground Services,INV-935-2026-003456,PO-2025-003456,2025-05-07,2025-07-06,45,7924.84,7604.43,7604.43,USD,USD,BANK-46919792,False,normal,7604.43,0
TXN-0004415,SUP-0056,Aircraft Components,INV-457-2026-004415,PO-2026-004415,2025-05-07,2025-07-22,60,2350.89,1769.69,1769.69,EUR,EUR,BANK-33621446,False,normal,1928.96,0
TXN-0004745,SUP-0022,Information Technology,INV-304-2026-004745,PO-2026-004745,2025-05-07,2025-08-13,90,76122.55,70871.35,70871.35,USD,USD,BANK-56355141,False,normal,70871.35,0
TXN-0000287,SUP-0001,Facilities,INV-583-2026-000287,PO-2026-000287,2025-05-08,2025-07-05,60,7783.61,5693.79,5693.79,EUR,EUR,BANK-38861149,False,normal,6206.23,0
TXN-0001133,SUP-0020,Ground Services,INV-922-2026-001133,PO-2026-001133,2025-05-08,2025-06-27,45,11802.41,10032.49,10032.49,AED,AED,BANK-36182605,False,normal,2731.85,0
TXN-0001646,SUP-0157,Ground Services,INV-764-2026-001646,PO-2025-001646,2025-05-08,2025-06-29,60,3316.87,3202.96,3202.96,USD,USD,BANK-84648574,False,normal,3202.96,0
TXN-0001790,SUP-0068,Professional Services,INV-501-2026-001790,PO-2025-001790,2025-05-08,2025-06-29,45,30479.45,25190.81,25190.81,USD,USD,BANK-26134147,False,normal,25190.81,0
TXN-0002296,SUP-0150,Maintenance,INV-218-2026-002296,PO-2025-002296,2025-05-08,2025-06-25,45,40501.7,29391.85,29391.85,USD,USD,BANK-67087104,False,normal,29391.85,0
TXN-0003200,SUP-0025,Professional Services,INV-180-2026-003200,PO-2025-003200,2025-05-08,2025-07-05,60,51121.52,36993.92,36993.92,EUR,EUR,BANK-99224451,False,normal,40323.37,0
TXN-0003368,SUP-0057,Professional Services,INV-553-2026-003368,PO-2025-003368,2025-05-08,2025-06-02,30,6830.65,5062.36,5062.36,USD,USD,BANK-10477636,False,normal,5062.36,0
TXN-0003589,SUP-0052,Facilities,INV-438-2026-003589,PO-2026-003589,2025-05-08,2025-06-05,30,4841.93,3587.12,3587.12,USD,USD,BANK-89766631,False,normal,3587.12,0
TXN-0003656,SUP-0138,Information Technology,INV-348-2026-003656,PO-2025-003656,2025-05-08,2025-06-10,30,3361.9,2638.44,2638.44,AED,AED,BANK-22630563,False,normal,718.45,0
TXN-0004465,SUP-0053,Ground Services,INV-373-2026-004465,PO-2026-004465,2025-05-08,2025-06-04,30,9282.67,8546.42,8546.42,EUR,EUR,BANK-76295561,False,normal,9315.6,0
TXN-0004981,SUP-0006,Maintenance,INV-135-2026-004981,PO-2026-004981,2025-05-08,2025-07-18,60,8568.06,8357.91,8357.91,GBP,GBP,BANK-30719258,False,normal,10614.55,0
TXN-0005208,SUP-0038,Aircraft Components,INV-873-2026-005208,PO-2025-005208,2025-05-08,2025-07-07,60,18423.52,14015.61,14015.61,AED,AED,BANK-86107842,False,normal,3816.45,0
TXN-0005315,SUP-0020,Facilities,INV-847-2026-005315,PO-2026-005315,2025-05-08,2025-06-21,45,132523.08,116693.51,116693.51,AED,AED,BANK-36182605,False,normal,31775.64,0
TXN-0000226,SUP-0084,Aircraft Components,INV-530-2026-000226,PO-2025-000226,2025-05-09,2025-07-05,45,18200.82,16538.88,16538.88,USD,USD,BANK-22950775,False,normal,16538.88,0
TXN-0000274,SUP-0117,Aircraft Components,INV-295-2026-000274,PO-2025-000274,2025-05-09,2025-07-14,60,524.96,389.59,389.59,EUR,EUR,BANK-97580845,False,normal,424.65,0
TXN-0001008,SUP-0054,Ground Services,INV-781-2026-001008,PO-2025-001008,2025-05-09,2025-07-09,60,2857.83,2564.51,2564.51,AED,AED,BANK-77211064,False,normal,698.32,0
TXN-0001737,SUP-0005,Maintenance,INV-489-2026-001737,PO-2026-001737,2025-05-09,2025-06-19,45,26642.54,26152.74,26152.74,USD,USD,BANK-97763977,False,normal,26152.74,0
TXN-0001937,SUP-0017,Facilities,INV-832-2026-001937,PO-2026-001937,2025-05-09,2025-06-02,30,11917.47,8873.99,8873.99,AED,AED,BANK-38542500,False,normal,2416.39,0
TXN-0002011,SUP-0129,Professional Services,INV-206-2026-002011,PO-2026-002011,2025-05-09,2025-05-27,30,14632.21,10993.76,10993.76,USD,USD,BANK-54924829,False,normal,10993.76,0
TXN-0002476,SUP-0068,Information Technology,INV-193-2026-002476,PO-2025-002476,2025-05-09,2025-07-28,90,43865.6,43511.7,43511.7,USD,USD,BANK-26134147,False,normal,43511.7,0
TXN-0003257,SUP-0151,Aircraft Components,INV-565-2026-003257,PO-2026-003257,2025-05-09,2025-08-12,90,4272.22,3077.22,3077.22,EUR,EUR,BANK-80628709,False,normal,3354.17,0
TXN-0003968,SUP-0113,Facilities,INV-373-2026-003968,PO-2025-003968,2025-05-09,2025-07-06,60,1802.54,1340.98,1340.98,USD,USD,BANK-61055398,False,normal,1340.98,0
TXN-0004477,SUP-0158,Aircraft Components,INV-686-2026-004477,PO-2026-004477,2025-05-09,2025-06-01,30,11732.68,11693.72,11693.72,AED,AED,BANK-32546185,False,normal,3184.2,0
TXN-0005590,SUP-0001,Ground Services,INV-794-2026-005590,PO-2025-005590,2025-05-09,2025-06-18,45,27836.58,21289.44,21289.44,EUR,EUR,BANK-38861149,False,normal,23205.49,0
TXN-0000508,SUP-0070,Information Technology,INV-319-2026-000508,PO-2025-000508,2025-05-10,2025-07-02,45,5705.47,4482.95,4482.95,USD,USD,BANK-63944450,False,normal,4482.95,0
TXN-0000526,SUP-0128,Maintenance,INV-372-2026-000526,PO-2025-000526,2025-05-10,2025-06-20,30,9377.46,8350.88,8350.88,USD,USD,BANK-93232757,False,normal,8350.88,0
TXN-0001423,SUP-0006,Aircraft Components,INV-929-2026-001423,PO-2026-001423,2025-05-10,2025-05-25,30,20969.58,15128.73,15128.73,GBP,GBP,BANK-30719258,False,normal,19213.49,0
TXN-0001492,SUP-0055,Aircraft Components,INV-891-2026-001492,PO-2025-001492,2025-05-10,2025-05-31,30,12210.16,10594.51,10594.51,AED,AED,BANK-44199230,False,normal,2884.89,0
TXN-0001817,SUP-0092,Information Technology,INV-565-2026-001817,PO-2026-001817,2025-05-10,2025-06-01,30,37954.26,32861.04,32861.04,AED,AED,BANK-70989279,False,normal,8948.06,0
TXN-0002147,SUP-0147,Ground Services,INV-923-2026-002147,PO-2026-002147,2025-05-10,2025-06-05,30,15351.2,13721.78,13721.78,USD,USD,BANK-82392481,False,normal,13721.78,0
TXN-0002168,SUP-0060,Maintenance,INV-621-2026-002168,PO-2025-002168,2025-05-10,2025-06-20,45,4308.42,3244.13,3244.13,USD,USD,NEW-54879981,True,bank_change,3244.13,1
TXN-0002215,SUP-0141,Information Technology,INV-613-2026-002215,PO-2026-002215,2025-05-10,2025-07-02,45,4819.43,3520.76,3520.76,AED,AED,BANK-10585992,False,normal,958.7,0
TXN-0003693,SUP-0074,Aircraft Components,INV-919-2026-003693,PO-2026-003693,2025-05-10,2025-06-04,30,50514.46,44519.19,44519.19,USD,USD,BANK-27679119,False,normal,44519.19,0
TXN-0004929,SUP-0050,Information Technology,INV-938-2026-004929,PO-2026-004929,2025-05-10,2025-07-08,60,22051.25,21818.79,21818.79,USD,USD,BANK-46919792,False,normal,21818.79,0
TXN-0004976,SUP-0001,Ground Services,INV-364-2026-004976,PO-2025-004976,2025-05-10,2025-06-05,30,20853.71,16597.94,16597.94,EUR,EUR,BANK-38861149,False,normal,18091.75,0
TXN-0005220,SUP-0131,Facilities,INV-475-2026-005220,PO-2025-005220,2025-05-10,2025-06-12,45,7454.96,7116.6,7116.6,USD,USD,BANK-63724249,False,normal,7116.6,0
TXN-0005545,SUP-0141,Information Technology,INV-242-2026-005545,PO-2026-005545,2025-05-10,2025-07-02,45,7172.2,6455.65,6455.65,AED,AED,BANK-10585992,False,normal,1757.87,0
TXN-0001216,SUP-0029,Maintenance,INV-557-2026-001216,PO-2025-001216,2025-05-11,2025-06-21,30,1655.54,1548.89,1548.89,USD,USD,BANK-57984114,False,normal,1548.89,0
TXN-0001791,SUP-0034,Maintenance,INV-841-2026-001791,PO-2026-001791,2025-05-11,2025-07-03,60,6879.02,5992.92,5992.92,USD,USD,BANK-99313799,False,normal,5992.92,0
TXN-0002207,SUP-0146,Information Technology,INV-996-2026-002207,PO-2026-002207,2025-05-11,2025-07-17,60,2441.8,2258.2,2258.2,USD,USD,BANK-76449297,False,normal,2258.2,0
TXN-0002487,SUP-0096,Maintenance,INV-318-2026-002487,PO-2026-002487,2025-05-11,2025-07-29,60,20120.0,14698.41,14698.41,AED,AED,BANK-55569693,False,normal,4002.38,0
TXN-0002610,SUP-0121,Maintenance,INV-446-2026-002610,PO-2025-002610,2025-05-11,2025-07-14,60,6760.96,5380.9,5380.9,AED,AED,BANK-55753531,False,normal,1465.22,0
TXN-0002635,SUP-0100,Professional Services,INV-295-2026-002635,PO-2026-002635,2025-05-11,2025-06-11,45,14076.76,13133.46,13133.46,GBP,GBP,BANK-62300494,False,normal,16679.49,0
TXN-0003063,SUP-0050,Facilities,INV-286-2026-003063,PO-2026-003063,2025-05-11,2025-07-20,60,12083.25,9942.47,9942.47,USD,USD,BANK-46919792,False,normal,9942.47,0
TXN-0003981,SUP-0128,Aircraft Components,INV-702-2026-003981,PO-2026-003981,2025-05-11,2025-06-20,45,2741.03,2535.63,2535.63,USD,USD,BANK-93232757,False,normal,2535.63,0
TXN-0004217,SUP-0088,Facilities,INV-383-2026-004217,PO-2026-004217,2025-05-11,2025-08-01,90,5084.76,4097.0,4097.0,AED,AED,BANK-30669042,False,normal,1115.61,0
TXN-0004417,SUP-0100,Information Technology,INV-712-2026-004417,PO-2026-004417,2025-05-11,2025-05-27,30,9751.45,7726.38,7726.38,GBP,GBP,BANK-62300494,False,normal,9812.5,0
TXN-0004498,SUP-0065,Maintenance,INV-857-2026-004498,PO-2025-004498,2025-05-11,2025-06-09,45,8345.08,7517.15,7517.15,AED,AED,BANK-90272029,False,normal,2046.92,0
TXN-0004764,SUP-0092,Maintenance,INV-294-2026-004764,PO-2025-004764,2025-05-11,2025-06-13,30,12764.49,9641.93,9641.93,AED,AED,BANK-70989279,False,normal,2625.5,0
TXN-0000053,SUP-0087,Aircraft Components,INV-888-2026-000053,PO-2026-000053,2025-05-12,2025-06-25,30,6758.64,5178.47,5178.47,AED,EUR,BANK-25685067,False,currency_mismatch,5644.53,1
TXN-0000636,SUP-0014,Aircraft Components,INV-566-2026-000636,PO-2025-000636,2025-05-12,2025-06-27,30,60794.94,56644.4,56644.4,EUR,EUR,BANK-51403053,False,normal,61742.4,0
TXN-0000957,SUP-0150,Ground Services,INV-192-2026-000957,PO-2026-000957,2025-05-12,2025-07-11,60,29314.22,26026.67,26026.67,USD,USD,BANK-67087104,False,normal,26026.67,0
TXN-0001491,SUP-0150,Information Technology,INV-181-2026-001491,PO-2026-001491,2025-05-12,2025-08-07,90,12781.17,12741.84,12741.84,USD,USD,BANK-67087104,False,normal,12741.84,0
TXN-0001569,SUP-0115,Ground Services,INV-288-2026-001569,PO-2026-001569,2025-05-12,2025-08-07,90,17533.95,15714.11,15714.11,USD,USD,BANK-17278259,False,normal,15714.11,0
TXN-0002269,SUP-0159,Maintenance,INV-446-2026-002269,PO-2026-002269,2025-05-12,2025-08-09,90,41806.61,34993.0,34993.0,AED,AED,BANK-81713537,False,normal,9528.59,0
TXN-0003092,SUP-0138,Maintenance,INV-369-2026-003092,PO-2025-003092,2025-05-12,2025-07-04,45,6711.29,6365.89,6365.89,AED,AED,BANK-22630563,False,normal,1733.43,0
TXN-0003242,SUP-0085,Information Technology,INV-746-2026-003242,PO-2025-003242,2025-05-12,2025-08-13,90,2550.1,2027.14,2027.14,USD,USD,BANK-94093522,False,normal,2027.14,0
TXN-0003804,SUP-0050,Maintenance,INV-717-2026-003804,PO-2025-003804,2025-05-12,2025-06-23,30,19037.25,17608.73,17608.73,USD,USD,BANK-46919792,False,normal,17608.73,0
TXN-0004400,SUP-0033,Aircraft Components,INV-987-2026-004400,PO-2025-004400,2025-05-12,2025-06-08,30,77845.23,56527.82,56527.82,USD,USD,BANK-97243596,False,normal,56527.82,0
TXN-0004427,SUP-0005,Aircraft Components,INV-551-2026-004427,PO-2026-004427,2025-05-12,2025-06-21,30,13765.35,10451.49,10451.49,USD,USD,BANK-97763977,False,normal,10451.49,0
TXN-0000084,SUP-0092,Aircraft Components,INV-371-2026-000084,PO-2025-000084,2025-05-13,2025-07-19,60,10545.81,10377.62,10377.62,AED,AED,BANK-70989279,False,normal,2825.83,0
TXN-0000502,SUP-0051,Information Technology,INV-899-2026-000502,PO-2025-000502,2025-05-13,2025-07-10,45,3490.53,2765.65,2765.65,USD,USD,BANK-43629195,False,normal,2765.65,0
TXN-0000718,SUP-0122,Maintenance,INV-309-2026-000718,PO-2025-000718,2025-05-13,2025-07-05,45,33479.55,25954.54,25954.54,AED,AED,BANK-69657778,False,normal,7067.42,0
TXN-0001110,SUP-0027,Information Technology,INV-770-2026-001110,PO-2025-001110,2025-05-13,2025-06-17,45,5774.83,5559.36,5559.36,AED,AED,BANK-26263179,False,normal,1513.81,0
TXN-0001132,SUP-0082,Information Technology,INV-524-2026-001132,PO-2025-001132,2025-05-13,2025-06-13,30,11641.82,11018.34,11018.34,USD,USD,BANK-55066706,False,normal,11018.34,0
TXN-0001185,SUP-0123,Information Technology,INV-788-2026-001185,PO-2026-001185,2025-05-13,2025-06-08,30,4268.57,3773.21,3773.21,USD,USD,BANK-38236379,False,normal,3773.21,0
TXN-0001320,SUP-0008,Facilities,INV-854-2026-001320,PO-2025-001320,2025-05-13,2025-07-29,60,45390.06,38220.17,38220.17,EUR,EUR,BANK-22713593,False,normal,41659.99,0
TXN-0001848,SUP-0132,Maintenance,INV-831-2026-001848,PO-2025-001848,2025-05-13,2025-07-08,45,23702.5,23139.2,23139.2,GBP,GBP,BANK-59967823,False,normal,29386.78,0
TXN-0002109,SUP-0049,Information Technology,INV-410-2026-002109,PO-2026-002109,2025-05-13,2025-06-16,30,6063.23,5948.56,5948.56,AED,AED,BANK-69549513,False,normal,1619.79,0
TXN-0002234,SUP-0027,Ground Services,INV-820-2026-002234,PO-2025-002234,2025-05-13,2025-06-06,30,10307.55,7797.32,7797.32,AED,AED,BANK-26263179,False,normal,2123.21,0
TXN-0002429,SUP-0066,Facilities,INV-740-2026-002429,PO-2026-002429,2025-05-13,2025-07-02,60,5148.93,3749.09,3749.09,AED,AED,BANK-23795588,False,normal,1020.88,0
TXN-0003316,SUP-0094,Information Technology,INV-183-2026-003316,PO-2025-003316,2025-05-13,2025-06-24,45,10725.19,8457.56,8457.56,USD,USD,BANK-20964925,False,normal,8457.56,0
TXN-0003462,SUP-0060,Aircraft Components,INV-507-2026-003462,PO-2025-003462,2025-05-13,2025-06-20,45,3932.73,3504.93,3504.93,USD,USD,BANK-31687351,False,normal,3504.93,0
TXN-0004524,SUP-0045,Ground Services,INV-249-2026-004524,PO-2025-004524,2025-05-13,2025-06-18,30,4262.19,3551.24,3551.24,EUR,EUR,BANK-38433614,False,normal,3870.85,0
TXN-0005113,SUP-0121,Professional Services,INV-937-2026-005113,PO-2026-005113,2025-05-13,2025-06-13,30,8513.37,7799.62,7799.62,AED,AED,BANK-55753531,False,normal,2123.84,0
TXN-0005388,SUP-0052,Aircraft Components,INV-572-2026-005388,PO-2025-005388,2025-05-13,2025-07-08,60,6027.82,4907.11,4907.11,USD,USD,BANK-89766631,False,normal,4907.11,0
TXN-0000010,SUP-0067,Professional Services,INV-946-2026-000010,PO-2025-000010,2025-05-14,2025-06-07,30,6010.48,5000.28,5000.28,AED,AED,BANK-77206550,False,normal,1361.58,0
TXN-0001540,SUP-0076,Facilities,INV-613-2026-001540,PO-2025-001540,2025-05-14,2025-06-16,45,1545.97,1534.2,1534.2,USD,USD,BANK-37929130,False,normal,1534.2,0
TXN-0001571,SUP-0118,Maintenance,INV-588-2026-001571,PO-2026-001571,2025-05-14,2025-07-01,30,6793.68,6542.21,6542.21,AED,AED,BANK-37085381,False,normal,1781.44,0
TXN-0001612,SUP-0138,Professional Services,INV-322-2026-001612,PO-2025-001612,2025-05-14,2025-06-19,30,10793.21,7774.26,7774.26,AED,AED,BANK-22630563,False,normal,2116.93,0
TXN-0002069,SUP-0158,Professional Services,INV-348-2026-002069,PO-2026-002069,2025-05-14,2025-07-18,60,4049.99,3899.56,3899.56,AED,AED,BANK-32546185,False,normal,1061.85,0
TXN-0002583,SUP-0024,Professional Services,INV-497-2026-002583,PO-2026-002583,2025-05-14,2025-06-27,45,10866.9,10209.3,10209.3,EUR,EUR,BANK-33036857,False,normal,11128.14,0
TXN-0003199,SUP-0157,Aircraft Components,INV-673-2026-003199,PO-2026-003199,2025-05-14,2025-07-02,45,2585.45,2465.1,2465.1,USD,USD,BANK-84648574,False,normal,2465.1,0
TXN-0003229,SUP-0117,Ground Services,INV-227-2026-003229,PO-2026-003229,2025-05-14,2025-06-24,45,4482.61,4319.3,4319.3,EUR,EUR,BANK-97580845,False,normal,4708.04,0
TXN-0003783,SUP-0008,Aircraft Components,INV-258-2026-003783,PO-2026-003783,2025-05-14,2025-06-10,30,21532.05,17536.74,17536.74,EUR,EUR,BANK-22713593,False,normal,19115.05,0
TXN-0004421,SUP-0046,Facilities,INV-244-2026-004421,PO-2026-004421,2025-05-14,2025-06-18,45,20384.61,19697.53,19697.53,EUR,EUR,BANK-11990275,False,normal,21470.31,0
TXN-0004555,SUP-0057,Maintenance,INV-384-2026-004555,PO-2026-004555,2025-05-14,2025-06-14,60,4692.93,3906.71,3906.71,USD,USD,BANK-10477636,False,normal,3906.71,0
TXN-0005175,SUP-0021,Maintenance,INV-608-2026-005175,PO-2026-005175,2025-05-14,2025-06-16,45,5397.97,4511.44,4511.44,EUR,EUR,BANK-65967398,False,normal,4917.47,0
TXN-0005354,SUP-0114,Professional Services,INV-708-2026-005354,PO-2025-005354,2025-05-14,2025-07-03,45,17491.16,17384.91,17384.91,AED,AED,BANK-93480628,False,normal,4733.91,0
TXN-0002462,SUP-0080,Maintenance,INV-270-2026-002462,PO-2025-002462,2025-05-15,2025-07-25,90,11578.9,9611.51,9611.51,EUR,EUR,BANK-97464377,False,normal,10476.55,0
TXN-0002867,SUP-0017,Facilities,INV-929-2026-002867,PO-2026-002867,2025-05-15,2025-06-21,30,6211.35,5990.61,5990.61,AED,AED,BANK-38542500,False,normal,1631.24,0
TXN-0003186,SUP-0016,Information Technology,INV-861-2026-003186,PO-2025-003186,2025-05-15,2025-07-03,45,11009.93,9591.81,9591.81,USD,USD,BANK-96689067,False,normal,9591.81,0
TXN-0003343,SUP-0110,Maintenance,INV-528-2026-003343,PO-2026-003343,2025-05-15,2025-07-20,60,10947.41,9879.97,9879.97,EUR,EUR,BANK-21795197,False,normal,10769.17,0
TXN-0003797,SUP-0028,Ground Services,INV-207-2026-003797,PO-2026-003797,2025-05-15,2025-07-02,45,18537.12,14502.85,14502.85,USD,USD,BANK-24814703,False,normal,14502.85,0
TXN-0004248,SUP-0043,Maintenance,INV-917-2026-004248,PO-2025-004248,2025-05-15,2025-06-13,30,3418.94,2605.95,2605.95,AED,AED,BANK-56697251,False,normal,709.6,0
TXN-0004282,SUP-0002,Maintenance,INV-506-2026-004282,PO-2025-004282,2025-05-15,2025-06-01,30,3387.92,2517.31,2517.31,USD,USD,BANK-19696685,False,normal,2517.31,0
TXN-0004318,SUP-0127,Professional Services,INV-647-2026-004318,PO-2025-004318,2025-05-15,2025-09-02,90,29024.02,27205.09,27205.09,USD,USD,BANK-96425599,False,normal,27205.09,0
TXN-0005166,SUP-0119,Facilities,INV-592-2026-005166,PO-2025-005166,2025-05-15,2025-07-04,60,9962.56,7308.77,7308.77,USD,USD,BANK-21899503,False,normal,7308.77,0
TXN-0000567,SUP-0081,Ground Services,INV-199-2026-000567,PO-2026-000567,2025-05-16,2025-08-09,90,3567.25,3001.63,3001.63,AED,AED,BANK-54937628,False,normal,817.34,0
TXN-0001255,SUP-0069,Information Technology,INV-306-2026-001255,PO-2026-001255,2025-05-16,2025-07-06,60,2519.82,2176.17,2176.17,USD,USD,BANK-43048809,False,normal,2176.17,0
TXN-0001499,SUP-0102,Facilities,INV-856-2026-001499,PO-2026-001499,2025-05-16,2025-07-01,45,9349.45,8570.27,8570.27,AED,AED,BANK-27979808,False,normal,2333.68,0
TXN-0001618,SUP-0021,Facilities,INV-828-2026-001618,PO-2025-001618,2025-05-16,2025-08-15,90,105673.24,78589.15,78589.15,EUR,EUR,BANK-65967398,False,normal,85662.17,0
TXN-0001740,SUP-0100,Ground Services,INV-797-2026-001740,PO-2025-001740,2025-05-16,2025-06-06,30,6925.48,5876.68,5876.68,GBP,GBP,BANK-62300494,False,normal,7463.38,0
TXN-0002170,SUP-0091,Facilities,INV-911-2026-002170,PO-2025-002170,2025-05-16,2025-07-26,60,9030.98,7485.83,7485.83,USD,USD,BANK-11616527,False,normal,7485.83,0
TXN-0002248,SUP-0035,Information Technology,INV-929-2026-002248,PO-2025-002248,2025-05-16,2025-07-22,60,10758.54,8961.51,8961.51,AED,AED,BANK-23638594,False,normal,2440.22,0
TXN-0003644,SUP-0068,Facilities,INV-771-2026-003644,PO-2025-003644,2025-05-16,2025-07-18,60,10275.36,8936.32,8936.32,USD,USD,BANK-26134147,False,normal,8936.32,0
TXN-0003913,SUP-0012,Maintenance,INV-392-2026-003913,PO-2026-003913,2025-05-16,2025-06-09,30,3315.3,4507.07,4507.07,GBP,GBP,BANK-37895989,False,invoice_above_po,5723.98,1
TXN-0005040,SUP-0017,Information Technology,INV-182-2026-005040,PO-2025-005040,2025-05-16,2025-06-15,30,21565.61,19778.91,19778.91,AED,AED,BANK-38542500,False,normal,5385.8,0
TXN-0005135,SUP-0004,Information Technology,INV-102-2026-005135,PO-2026-005135,2025-05-16,2025-07-16,45,44319.65,36812.4,36812.4,AED,AED,BANK-92441065,False,normal,10024.02,0
TXN-0005212,SUP-0123,Aircraft Components,INV-865-2026-005212,PO-2025-005212,2025-05-16,2025-07-14,60,4942.56,4377.87,4377.87,USD,USD,BANK-38236379,False,normal,4377.87,0
TXN-0005277,SUP-0032,Aircraft Components,INV-820-2026-005277,PO-2026-005277,2025-05-16,2025-06-18,30,8619.18,7694.05,7694.05,GBP,GBP,BANK-49158734,False,normal,9771.44,0
TXN-0005325,SUP-0107,Maintenance,INV-356-2026-005325,PO-2026-005325,2025-05-16,2025-06-30,45,5264.25,4949.06,4949.06,USD,USD,BANK-17594929,False,normal,4949.06,0
TXN-0005486,SUP-0039,Maintenance,INV-918-2026-005486,PO-2025-005486,2025-05-16,2025-06-19,30,2124.68,1921.53,1921.53,USD,USD,BANK-90171323,False,normal,1921.53,0
TXN-0000282,SUP-0077,Professional Services,INV-642-2026-000282,PO-2025-000282,2025-05-17,2025-06-19,30,9693.07,8472.88,8472.88,USD,USD,BANK-99822506,False,normal,8472.88,0
TXN-0000432,SUP-0126,Information Technology,INV-885-2026-000432,PO-2025-000432,2025-05-17,2025-06-16,30,4610.18,4138.07,4138.07,AED,AED,BANK-35780160,False,normal,1126.8,0
TXN-0001202,SUP-0066,Maintenance,INV-184-2026-001202,PO-2025-001202,2025-05-17,2025-07-02,60,25554.56,18556.5,18556.5,AED,USD,BANK-23795588,False,currency_mismatch,18556.5,1
TXN-0001686,SUP-0120,Maintenance,INV-507-2026-001686,PO-2025-001686,2025-05-17,2025-06-14,30,3082.2,2950.75,2950.75,AED,AED,BANK-53972563,False,normal,803.49,0
TXN-0002542,SUP-0120,Facilities,INV-271-2026-002542,PO-2025-002542,2025-05-17,2025-06-07,30,39520.04,37895.23,37895.23,AED,AED,BANK-53972563,False,normal,10318.87,0
TXN-0003696,SUP-0058,Maintenance,INV-659-2026-003696,PO-2025-003696,2025-05-17,2025-06-23,30,2631.06,2409.55,2409.55,AED,AED,BANK-94313182,False,normal,656.12,0
TXN-0004395,SUP-0061,Maintenance,INV-413-2026-004395,PO-2026-004395,2025-05-17,2025-07-30,90,26882.67,20164.03,20164.03,AED,AED,BANK-12871994,False,normal,5490.67,0
TXN-0004657,SUP-0106,Aircraft Components,INV-711-2026-004657,PO-2026-004657,2025-05-17,2025-07-06,60,25552.02,22358.5,22358.5,AED,AED,BANK-74386640,False,normal,6088.22,0
TXN-0004814,SUP-0136,Maintenance,INV-157-2026-004814,PO-2025-004814,2025-05-17,2025-06-10,30,15348.36,12189.32,12189.32,USD,USD,NEW-42323453,True,bank_change,12189.32,1
TXN-0005583,SUP-0024,Maintenance,INV-594-2026-005583,PO-2026-005583,2025-05-17,2025-07-03,60,23756.5,23088.47,23088.47,EUR,EUR,BANK-33036857,False,normal,25166.43,0
TXN-0000419,SUP-0074,Aircraft Components,INV-429-2026-000419,PO-2026-000419,2025-05-18,2025-07-14,60,8604.45,7283.0,7283.0,USD,USD,BANK-27679119,False,normal,7283.0,0
TXN-0000750,SUP-0034,Maintenance,INV84120260017A91,PO-2026-001791,2025-05-18,2025-07-17,60,6879.02,5992.92,5992.92,USD,USD,BANK-99313799,False,near_duplicate,5992.92,1
TXN-0000921,SUP-0056,Maintenance,INV-884-2026-000921,PO-2026-000921,2025-05-18,2025-08-07,90,5475.9,4482.2,4482.2,EUR,EUR,BANK-33621446,False,normal,4885.6,0
TXN-0001131,SUP-0128,Professional Services,INV-255-2026-001131,PO-2026-001131,2025-05-18,2025-06-16,45,1668.68,1343.2,1343.2,USD,USD,BANK-93232757,False,normal,1343.2,0
TXN-0001340,SUP-0145,Information Technology,INV-314-2026-001340,PO-2025-001340,2025-05-18,2025-07-03,45,5652.23,4708.92,4708.92,AED,AED,BANK-26332140,False,normal,1282.24,0
TXN-0001611,SUP-0151,Maintenance,INV-527-2026-001611,PO-2026-001611,2025-05-18,2025-06-19,30,10852.34,8887.53,8887.53,EUR,EUR,BANK-80628709,False,normal,9687.41,0
TXN-0002416,SUP-0129,Aircraft Components,INV-821-2026-002416,PO-2025-002416,2025-05-18,2025-07-13,60,33099.1,30330.15,30330.15,USD,USD,BANK-54924829,False,normal,30330.15,0
TXN-0003470,SUP-0151,Professional Services,INV-541-2026-003470,PO-2025-003470,2025-05-18,2025-07-08,30,16433.21,13033.03,13033.03,EUR,EUR,BANK-80628709,False,normal,14206.0,0
TXN-0003654,SUP-0081,Aircraft Components,INV-692-2026-003654,PO-2025-003654,2025-05-18,2025-06-29,45,10555.67,7883.66,7883.66,AED,AED,BANK-54937628,False,normal,2146.72,0
TXN-0003751,SUP-0152,Ground Services,INV-643-2026-003751,PO-2026-003751,2025-05-18,2025-06-21,45,4211.98,3595.32,3595.32,EUR,EUR,BANK-86228158,False,normal,3918.9,0
TXN-0003885,SUP-0090,Maintenance,INV-927-2026-003885,PO-2026-003885,2025-05-18,2025-06-12,45,27586.36,27192.42,27192.42,AED,AED,BANK-21863999,False,normal,7404.5,0
TXN-0005109,SUP-0137,Information Technology,INV-918-2026-005109,PO-2026-005109,2025-05-18,2025-07-14,60,4612.62,3349.19,3349.19,GBP,GBP,BANK-75099036,False,normal,4253.47,0
TXN-0005401,SUP-0159,Professional Services,INV-403-2026-005401,PO-2026-005401,2025-05-18,2025-07-27,60,26540.79,22652.95,22652.95,AED,AED,BANK-81713537,False,normal,6168.4,0
TXN-0000090,SUP-0060,Aircraft Components,INV-930-2026-000090,PO-2025-000090,2025-05-19,2025-07-31,60,4671.19,4235.62,4235.62,USD,USD,BANK-31687351,False,normal,4235.62,0
TXN-0000968,SUP-0040,Aircraft Components,INV-553-2026-000968,PO-2025-000968,2025-05-19,2025-07-27,60,15003.63,13899.79,13899.79,AED,AED,BANK-30107614,False,normal,3784.91,0
TXN-0004785,SUP-0030,Professional Services,INV-649-2026-004785,PO-2026-004785,2025-05-19,2025-06-20,30,2780.72,2323.28,2323.28,AED,AED,BANK-14041955,False,normal,632.63,0
TXN-0004830,SUP-0091,Aircraft Components,INV-245-2026-004830,PO-2025-004830,2025-05-19,2025-06-30,45,4271.27,3802.79,3802.79,USD,USD,BANK-11616527,False,normal,3802.79,0
TXN-0001102,SUP-0013,Maintenance,INV-178-2026-001102,PO-2025-001102,2025-05-20,2025-07-20,60,19541.69,16354.94,16354.94,AED,AED,BANK-84681076,False,normal,4453.45,0
TXN-0002323,SUP-0127,Information Technology,INV-441-2026-002323,PO-2026-002323,2025-05-20,2025-07-01,45,23626.63,20096.29,20096.29,USD,USD,BANK-96425599,False,normal,20096.29,0
TXN-0002461,SUP-0095,Professional Services,INV-658-2026-002461,PO-2026-002461,2025-05-20,2025-06-06,30,90739.56,89108.53,89108.53,USD,USD,BANK-36688168,False,normal,89108.53,0
TXN-0003132,SUP-0066,Facilities,INV-900-2026-003132,PO-2025-003132,2025-05-20,2025-06-25,30,23399.88,22331.82,22331.82,AED,AED,BANK-23795588,False,normal,6080.95,0
TXN-0003157,SUP-0149,Information Technology,INV-222-2026-003157,PO-2026-003157,2025-05-20,2025-07-19,60,1953.54,1592.36,1592.36,USD,USD,BANK-52064343,False,normal,1592.36,0
TXN-0004184,SUP-0069,Maintenance,INV-318-2026-004184,PO-2025-004184,2025-05-20,2025-07-05,45,3899.7,3637.04,3637.04,USD,USD,BANK-43048809,False,normal,3637.04,0
TXN-0004576,SUP-0100,Professional Services,INV-304-2026-004576,PO-2025-004576,2025-05-20,2025-08-25,90,7924.6,5889.56,5889.56,GBP,GBP,BANK-62300494,False,normal,7479.74,0
TXN-0004613,SUP-0151,Professional Services,INV-167-2026-004613,PO-2026-004613,2025-05-20,2025-07-22,60,46938.59,35838.68,35838.68,EUR,EUR,BANK-80628709,False,normal,39064.16,0
TXN-0005571,SUP-0001,Aircraft Components,INV-900-2026-005571,PO-2026-005571,2025-05-20,2025-07-16,60,38236.35,31851.75,31851.75,EUR,EUR,BANK-38861149,False,normal,34718.41,0
TXN-0003419,SUP-0140,Ground Services,INV-173-2026-003419,PO-2026-003419,2025-05-21,2025-06-16,30,3030.52,3005.45,3005.45,USD,USD,BANK-47720288,False,normal,3005.45,0
TXN-0004280,SUP-0025,Facilities,INV-916-2026-004280,PO-2025-004280,2025-05-21,2025-07-10,60,9694.02,9475.21,9475.21,EUR,EUR,BANK-99224451,False,normal,10327.98,0
TXN-0004692,SUP-0073,Maintenance,INV-549-2026-004692,PO-2025-004692,2025-05-21,2025-07-20,60,23620.62,19693.12,19693.12,EUR,EUR,BANK-14030635,False,normal,21465.5,0
TXN-0005328,SUP-0155,Information Technology,INV-971-2026-005328,PO-2025-005328,2025-05-21,2025-08-14,90,53601.15,47280.97,47280.97,USD,USD,BANK-19822959,False,normal,47280.97,0
TXN-0000331,SUP-0007,Information Technology,INV-898-2026-000331,PO-2026-000331,2025-05-22,2025-06-24,30,24117.01,17636.58,17636.58,EUR,EUR,BANK-31280989,False,normal,19223.87,0
TXN-0000757,SUP-0155,Aircraft Components,INV-379-2026-000757,PO-2026-000757,2025-05-22,2025-07-17,60,3450.26,3266.79,3266.79,USD,USD,BANK-19822959,False,normal,3266.79,0
TXN-0001774,SUP-0159,Information Technology,INV-948-2026-001774,PO-2025-001774,2025-05-22,2025-07-04,45,22124.44,16551.63,16551.63,AED,AED,BANK-81713537,False,normal,4507.01,0
TXN-0001861,SUP-0053,Ground Services,INV-491-2026-001861,PO-2026-001861,2025-05-22,2025-06-30,45,5622.29,5201.8,5201.8,EUR,EUR,BANK-76295561,False,normal,5669.96,0
TXN-0003677,SUP-0091,Maintenance,INV-949-2026-003677,PO-2026-003677,2025-05-22,2025-06-28,30,21439.57,19435.3,19435.3,USD,USD,BANK-11616527,False,normal,19435.3,0
TXN-0003684,SUP-0108,Maintenance,INV-318-2026-003684,PO-2025-003684,2025-05-22,2025-06-15,30,1477.95,1091.68,1091.68,USD,USD,BANK-76508559,False,normal,1091.68,0
TXN-0003872,SUP-0042,Facilities,INV-322-2026-003872,PO-2025-003872,2025-05-22,2025-06-26,45,5654.55,4359.34,4359.34,EUR,EUR,BANK-20438281,False,normal,4751.68,0
TXN-0004462,SUP-0084,Professional Services,INV-611-2026-004462,PO-2025-004462,2025-05-22,2025-06-14,30,3465.91,3042.06,3042.06,USD,USD,BANK-22950775,False,normal,3042.06,0
TXN-0000546,SUP-0028,Maintenance,INV-926-2026-000546,PO-2025-000546,2025-05-23,2025-07-04,45,9986.11,9683.03,9683.03,USD,USD,BANK-24814703,False,normal,9683.03,0
TXN-0000601,SUP-0129,Aircraft Components,INV-892-2026-000601,PO-2026-000601,2025-05-23,2025-06-20,30,3218.11,2438.95,2438.95,USD,USD,BANK-54924829,False,normal,2438.95,0
TXN-0000808,SUP-0001,Maintenance,INV-949-2026-000808,PO-2025-000808,2025-05-23,2025-06-21,30,31250.2,25122.62,25122.62,EUR,EUR,BANK-38861149,False,normal,27383.66,0
TXN-0001061,SUP-0110,Facilities,INV-531-2026-001061,PO-2026-001061,2025-05-23,2025-07-16,45,9040.32,8902.21,8902.21,EUR,EUR,BANK-21795197,False,normal,9703.41,0
TXN-0002040,SUP-0052,Aircraft Components,INV-491-2026-002040,PO-2025-002040,2025-05-23,2025-07-03,30,41473.27,37473.76,37473.76,USD,USD,BANK-89766631,False,normal,37473.76,0
TXN-0002148,SUP-0091,Ground Services,INV-818-2026-002148,PO-2025-002148,2025-05-23,2025-06-20,45,3365.07,2926.88,2926.88,USD,USD,BANK-11616527,False,normal,2926.88,0
TXN-0002985,SUP-0036,Facilities,INV-685-2026-002985,PO-2026-002985,2025-05-23,2025-07-03,30,10647.34,12659.52,12659.52,USD,USD,BANK-90250953,False,invoice_above_po,12659.52,1
TXN-0003416,SUP-0153,Ground Services,INV-228-2026-003416,PO-2025-003416,2025-05-23,2025-07-05,45,32217.3,24530.89,24530.89,USD,USD,BANK-11605310,False,normal,24530.89,0
TXN-0003562,SUP-0040,Aircraft Components,INV-948-2026-003562,PO-2025-003562,2025-05-23,2025-06-28,30,25128.05,23659.44,23659.44,AED,AED,BANK-30107614,False,normal,6442.47,0
TXN-0004535,SUP-0141,Aircraft Components,INV-769-2026-004535,PO-2026-004535,2025-05-23,2025-06-27,30,22124.74,21282.9,21282.9,AED,AED,BANK-10585992,False,normal,5795.33,0
TXN-0004778,SUP-0080,Information Technology,INV-218-2026-004778,PO-2025-004778,2025-05-23,2025-07-05,45,17677.95,13105.21,13105.21,EUR,EUR,BANK-97464377,False,normal,14284.68,0
TXN-0004837,SUP-0111,Maintenance,INV-912-2026-004837,PO-2026-004837,2025-05-23,2025-09-03,90,54294.99,49540.62,49540.62,USD,USD,BANK-49045227,False,normal,49540.62,0
TXN-0000489,SUP-0024,Information Technology,INV-251-2026-000489,PO-2026-000489,2025-05-24,2025-06-23,30,37942.78,31315.87,31315.87,EUR,EUR,BANK-33036857,False,normal,34134.3,0
TXN-0000888,SUP-0068,Ground Services,INV-945-2026-000888,PO-2025-000888,2025-05-24,2025-07-13,45,38066.14,32537.87,32537.87,USD,USD,BANK-26134147,False,normal,32537.87,0
TXN-0001173,SUP-0135,Ground Services,INV-505-2026-001173,PO-2026-001173,2025-05-24,2025-07-03,45,3780.57,3123.91,3123.91,AED,AED,BANK-85671420,False,normal,850.64,0
TXN-0002752,SUP-0160,Ground Services,INV-395-2026-002752,PO-2025-002752,2025-05-24,2025-08-07,60,2135.98,2112.14,2112.14,EUR,EUR,BANK-51670701,False,normal,2302.23,0
TXN-0003151,SUP-0087,Aircraft Components,INV-287-2026-003151,PO-2026-003151,2025-05-24,2025-07-04,30,73389.94,61510.52,61510.52,AED,AED,BANK-25685067,False,normal,16749.31,0
TXN-0003853,SUP-0119,Facilities,INV-736-2026-003853,PO-2026-003853,2025-05-24,2025-07-04,30,3909.2,3767.71,3767.71,USD,USD,BANK-21899503,False,normal,3767.71,0
TXN-0004012,SUP-0063,Maintenance,INV-565-2026-004012,PO-2025-004012,2025-05-24,2025-08-18,90,11729.15,11135.46,11135.46,AED,AED,BANK-16087857,False,normal,3032.19,0
TXN-0004218,SUP-0137,Professional Services,INV-889-2026-004218,PO-2025-004218,2025-05-24,2025-07-06,45,20631.34,17754.0,17754.0,GBP,GBP,BANK-75099036,False,normal,22547.58,0
TXN-0004352,SUP-0011,Facilities,INV-604-2026-004352,PO-2025-004352,2025-05-24,2025-07-21,60,3324.46,2628.55,2628.55,USD,USD,BANK-43383005,False,normal,2628.55,0
TXN-0004597,SUP-0001,Aircraft Components,INV-194-2026-004597,PO-2026-004597,2025-05-24,2025-08-24,90,118350.1,89558.98,89558.98,EUR,EUR,BANK-38861149,False,normal,97619.29,0
TXN-0005034,SUP-0085,Maintenance,INV-531-2026-005034,PO-2025-005034,2025-05-24,2025-06-29,45,38707.38,30756.8,30756.8,USD,USD,BANK-94093522,False,normal,30756.8,0
TXN-0000537,SUP-0139,Professional Services,INV-401-2026-000537,PO-2026-000537,2025-05-25,2025-06-23,45,10490.78,9091.43,9091.43,EUR,EUR,BANK-77394363,False,normal,9909.66,0
TXN-0000539,SUP-0132,Maintenance,INV-828-2026-000539,PO-2026-000539,2025-05-25,2025-06-26,45,19015.19,18267.5,18267.5,GBP,GBP,BANK-59967823,False,normal,23199.72,0
TXN-0002047,SUP-0148,Maintenance,INV-940-2026-002047,PO-2026-002047,2025-05-25,2025-07-01,30,33435.54,24711.31,24711.31,AED,AED,BANK-48887190,False,normal,6728.89,0
TXN-0003072,SUP-0056,Professional Services,INV-222-2026-003072,PO-2025-003072,2025-05-25,2025-06-27,45,17592.45,15485.66,15485.66,EUR,EUR,BANK-33621446,False,normal,16879.37,0
TXN-0003393,SUP-0029,Information Technology,INV-375-2026-003393,PO-2026-003393,2025-05-25,2025-07-01,45,13671.94,10696.62,10696.62,USD,USD,BANK-57984114,False,normal,10696.62,0
TXN-0003534,SUP-0111,Professional Services,INV-475-2026-003534,PO-2025-003534,2025-05-25,2025-07-16,45,1873.4,1707.88,1707.88,USD,USD,BANK-49045227,False,normal,1707.88,0
TXN-0003689,SUP-0065,Professional Services,INV-413-2026-003689,PO-2026-003689,2025-05-25,2025-08-02,60,6967.44,5535.91,5535.91,AED,AED,BANK-90272029,False,normal,1507.43,0
TXN-0004026,SUP-0084,Ground Services,INV-458-2026-004026,PO-2025-004026,2025-05-25,2025-06-20,30,5129.13,4396.55,4396.55,USD,USD,BANK-22950775,False,normal,4396.55,0
TXN-0004446,SUP-0118,Aircraft Components,INV-236-2026-004446,PO-2025-004446,2025-05-25,2025-06-29,30,10273.71,7571.21,7571.21,AED,AED,BANK-37085381,False,normal,2061.64,0
TXN-0000228,SUP-0123,Ground Services,INV-807-2026-000228,PO-2025-000228,2025-05-26,2025-07-14,45,1615.95,1335.0,1335.0,USD,USD,BANK-38236379,False,normal,1335.0,0
TXN-0000240,SUP-0019,Aircraft Components,INV-302-2026-000240,PO-2025-000240,2025-05-26,2025-08-19,90,44568.39,33378.79,33378.79,EUR,EUR,BANK-67134797,False,normal,36382.88,0
TXN-0000257,SUP-0102,Facilities,INV-325-2026-000257,PO-2026-000257,2025-05-26,2025-06-16,30,10066.11,8071.48,8071.48,AED,AED,BANK-27979808,False,normal,2197.86,0
TXN-0000847,SUP-0068,Aircraft Components,INV-336-2026-000847,PO-2026-000847,2025-05-26,2025-07-31,60,10821.62,10723.94,10723.94,USD,USD,BANK-26134147,False,normal,10723.94,0
TXN-0000913,SUP-0005,Facilities,INV-233-2026-000913,PO-2026-000913,2025-05-26,2025-08-29,90,6025.15,5108.02,5108.02,USD,USD,BANK-97763977,False,normal,5108.02,0
TXN-0001111,SUP-0106,Ground Services,INV-624-2026-001111,PO-2026-001111,2025-05-26,2025-08-25,90,2809.99,2491.04,2491.04,AED,AED,BANK-74386640,False,normal,678.31,0
TXN-0001231,SUP-0104,Aircraft Components,INV-872-2026-001231,PO-2026-001231,2025-05-26,2025-07-04,30,57851.71,54295.09,54295.09,GBP,GBP,BANK-82371206,False,normal,68954.76,0
TXN-0001575,SUP-0144,Information Technology,INV-331-2026-001575,PO-2026-001575,2025-05-26,2025-06-25,30,16204.17,13904.53,13904.53,AED,AED,BANK-63643829,False,normal,3786.2,0
TXN-0001971,SUP-0135,Aircraft Components,INV-826-2026-001971,PO-2026-001971,2025-05-26,2025-06-27,30,21517.2,17719.05,17719.05,AED,AED,BANK-85671420,False,normal,4824.9,0
TXN-0002077,SUP-0107,Ground Services,INV-721-2026-002077,PO-2026-002077,2025-05-26,2025-07-22,45,9631.53,7139.75,7139.75,USD,USD,BANK-17594929,False,normal,7139.75,0
TXN-0005234,SUP-0074,Professional Services,INV-507-2026-005234,PO-2025-005234,2025-05-26,2025-06-24,30,10571.29,9893.35,9893.35,USD,USD,BANK-27679119,False,normal,9893.35,0
TXN-0000639,SUP-0135,Information Technology,INV-946-2026-000639,PO-2026-000639,2025-05-27,2025-06-17,30,16381.02,13584.67,13584.67,AED,AED,BANK-85671420,False,normal,3699.11,0
TXN-0001009,SUP-0066,Information Technology,INV-429-2026-001009,PO-2026-001009,2025-05-27,2025-07-25,60,13173.55,11951.19,11951.19,AED,AED,BANK-23795588,False,normal,3254.31,0
TXN-0002375,SUP-0031,Aircraft Components,INV-955-2026-002375,PO-2026-002375,2025-05-27,2025-06-26,30,17036.27,15567.23,15567.23,EUR,EUR,BANK-36891816,False,normal,16968.28,0
TXN-0002849,SUP-0012,Information Technology,INV-531-2026-002849,PO-2026-002849,2025-05-27,2025-07-04,45,9511.79,7202.04,7202.04,GBP,GBP,BANK-37895989,False,normal,9146.59,0
TXN-0004311,SUP-0081,Information Technology,INV-923-2026-004311,PO-2026-004311,2025-05-27,2025-07-18,45,93446.87,73141.96,73141.96,AED,AED,BANK-54937628,False,normal,19916.56,0
TXN-0004678,SUP-0134,Professional Services,INV-229-2026-004678,PO-2025-004678,2025-05-27,2025-08-21,90,3515.36,2929.94,2929.94,USD,USD,BANK-67057759,False,normal,2929.94,0
TXN-0005403,SUP-0107,Information Technology,INV-168-2026-005403,PO-2026-005403,2025-05-27,2025-06-16,30,3990.57,3383.36,3383.36,USD,USD,BANK-17594929,False,normal,3383.36,0
TXN-0005461,SUP-0042,Ground Services,INV-432-2026-005461,PO-2026-005461,2025-05-27,2025-06-15,30,2832.56,2460.23,2460.23,EUR,EUR,BANK-20438281,False,normal,2681.65,0
TXN-0000036,SUP-0024,Maintenance,INV-419-2026-000036,PO-2025-000036,2025-05-28,2025-07-24,60,4912.36,3639.74,3639.74,EUR,EUR,BANK-33036857,False,normal,3967.32,0
TXN-0000186,SUP-0099,Information Technology,INV-394-2026-000186,PO-2025-000186,2025-05-28,2025-07-25,60,7186.32,5471.88,5471.88,USD,USD,BANK-78956930,False,normal,5471.88,0
TXN-0000415,SUP-0001,Aircraft Components,INV-321-2026-000415,PO-2026-000415,2025-05-28,2025-07-08,45,18659.96,15831.97,15831.97,EUR,EUR,BANK-38861149,False,normal,17256.85,0
TXN-0001591,SUP-0075,Ground Services,INV-863-2026-001591,PO-2026-001591,2025-05-28,2025-06-21,30,325737.1,313171.63,313171.63,USD,USD,BANK-35245775,False,normal,313171.63,0
TXN-0001640,SUP-0041,Professional Services,INV-716-2026-001640,PO-2025-001640,2025-05-28,2025-07-13,45,13178.84,9944.34,9944.34,USD,USD,BANK-90410196,False,normal,9944.34,0
TXN-0002590,SUP-0120,Aircraft Components,INV-554-2026-002590,PO-2025-002590,2025-05-28,2025-07-13,45,14378.27,13848.98,13848.98,AED,AED,BANK-53972563,False,normal,3771.08,0
TXN-0004426,SUP-0087,Ground Services,INV-845-2026-004426,PO-2025-004426,2025-05-28,2025-07-30,60,2422.52,2099.54,2099.54,AED,AED,BANK-25685067,False,normal,571.7,0
TXN-0005397,SUP-0134,Professional Services,INV-992-2026-005397,PO-2026-005397,2025-05-28,2025-06-27,30,5786.79,4354.85,4354.85,USD,USD,BANK-67057759,False,normal,4354.85,0
TXN-0005598,SUP-0148,Facilities,INV-724-2026-005598,PO-2025-005598,2025-05-28,2025-08-12,60,1894.85,1584.19,1584.19,AED,AED,BANK-48887190,False,normal,431.37,0
TXN-0000823,SUP-0067,Information Technology,INV-699-2026-000823,PO-2026-000823,2025-05-29,2025-07-10,45,53705.34,44074.11,44074.11,AED,AED,BANK-77206550,False,normal,12001.38,0
TXN-0001806,SUP-0052,Professional Services,INV-403-2026-001806,PO-2025-001806,2025-05-29,2025-06-21,30,16185.95,14039.16,14039.16,USD,USD,BANK-89766631,False,normal,14039.16,0
TXN-0002169,SUP-0137,Facilities,INV-531-2026-002169,PO-2026-002169,2025-05-29,2025-07-09,45,7928.19,7096.47,7096.47,GBP,GBP,NEW-60909487,True,bank_change,9012.52,1
TXN-0002193,SUP-0093,Aircraft Components,INV-602-2026-002193,PO-2026-002193,2025-05-29,2025-06-30,30,12327.1,11400.52,11400.52,USD,USD,BANK-97237891,False,normal,11400.52,0
TXN-0003182,SUP-0029,Aircraft Components,INV-946-2026-003182,PO-2025-003182,2025-05-29,2025-06-05,30,5999.37,4530.84,4530.84,USD,USD,BANK-57984114,False,normal,4530.84,0
TXN-0003311,SUP-0110,Maintenance,INV-769-2026-003311,PO-2026-003311,2025-05-29,2025-08-13,90,27157.91,22840.45,22840.45,EUR,EUR,BANK-21795197,False,normal,24896.09,0
TXN-0003614,SUP-0054,Facilities,INV-253-2026-003614,PO-2025-003614,2025-05-29,2025-07-24,60,17665.26,17584.74,17584.74,AED,AED,BANK-77211064,False,normal,4788.32,0
TXN-0003663,SUP-0139,Aircraft Components,INV-574-2026-003663,PO-2026-003663,2025-05-29,2025-07-06,45,24132.66,19702.36,26647.17,EUR,EUR,BANK-77394363,False,overpayment,29045.42,1
TXN-0000116,SUP-0125,Maintenance,INV-306-2026-000116,PO-2025-000116,2025-05-30,2025-07-10,45,56452.65,65028.29,65028.29,USD,USD,BANK-56892046,False,invoice_above_po,65028.29,1
TXN-0000477,SUP-0135,Information Technology,INV-656-2026-000477,PO-2026-000477,2025-05-30,2025-07-24,60,14760.89,12865.91,12865.91,AED,AED,BANK-85671420,False,normal,3503.39,0
TXN-0000559,SUP-0114,Information Technology,INV-950-2026-000559,PO-2026-000559,2025-05-30,2025-07-04,30,26676.01,26041.25,26041.25,AED,AED,BANK-93480628,False,normal,7091.03,0
TXN-0001799,SUP-0109,Maintenance,INV-695-2026-001799,PO-2026-001799,2025-05-30,2025-08-05,90,1524.62,1137.06,1137.06,USD,USD,BANK-84335845,False,normal,1137.06,0
TXN-0005297,SUP-0142,Aircraft Components,INV-637-2026-005297,PO-2026-005297,2025-05-30,2025-07-31,60,17393.07,16187.92,16187.92,AED,AED,BANK-96960871,False,normal,4407.97,0
TXN-0005509,SUP-0022,Professional Services,INV-351-2026-005509,PO-2026-005509,2025-05-30,2025-09-07,90,8752.05,7092.74,7092.74,USD,USD,BANK-56355141,False,normal,7092.74,0
TXN-0000038,SUP-0132,Aircraft Components,INV-420-2026-000038,PO-2025-000038,2025-05-31,2025-06-16,45,5681.55,5154.8,5154.8,GBP,GBP,BANK-59967823,False,normal,6546.6,0
TXN-0001055,SUP-0077,Ground Services,INV-522-2026-001055,PO-2026-001055,2025-05-31,2025-07-07,30,27677.01,25611.66,25611.66,USD,USD,BANK-99822506,False,normal,25611.66,0
TXN-0001436,SUP-0086,Facilities,INV-998-2026-001436,PO-2025-001436,2025-05-31,2025-07-01,30,7037.97,5899.08,5899.08,USD,USD,BANK-11254265,False,normal,5899.08,0
TXN-0001588,SUP-0055,Information Technology,INV-438-2026-001588,PO-2025-001588,2025-05-31,2025-06-25,30,6177.61,4668.91,4668.91,AED,AED,BANK-44199230,False,normal,1271.34,0
TXN-0002056,SUP-0156,Professional Services,INV-766-2026-002056,PO-2025-002056,2025-05-31,2025-07-29,60,125504.19,111547.35,111547.35,AED,AED,BANK-35913857,False,normal,30374.34,0
TXN-0002473,SUP-0083,Aircraft Components,INV-185-2026-002473,PO-2026-002473,2025-05-31,2025-06-30,30,30471.86,25603.47,25603.47,EUR,EUR,BANK-49032895,False,normal,27907.78,0
TXN-0003145,SUP-0075,Ground Services,INV-793-2026-003145,PO-2026-003145,2025-05-31,2025-07-21,45,8444.53,6502.01,6502.01,USD,USD,BANK-35245775,False,normal,6502.01,0
TXN-0004158,SUP-0011,Maintenance,INV-593-2026-004158,PO-2025-004158,2025-05-31,2025-06-25,30,7785.52,6440.23,6440.23,USD,USD,BANK-43383005,False,normal,6440.23,0
TXN-0004297,SUP-0055,Information Technology,INV-779-2026-004297,PO-2026-004297,2025-05-31,2025-07-12,45,6430.84,6121.0,6121.0,AED,AED,BANK-44199230,False,normal,1666.75,0
TXN-0004666,SUP-0100,Ground Services,INV-284-2026-004666,PO-2025-004666,2025-05-31,2025-07-22,60,7977.18,6749.17,6749.17,GBP,GBP,BANK-62300494,False,normal,8571.45,0
TXN-0000318,SUP-0147,Maintenance,INV-901-2026-000318,PO-2025-000318,2025-06-01,2025-07-04,45,35039.84,29740.86,29740.86,USD,USD,BANK-82392481,False,normal,29740.86,0
TXN-0000389,SUP-0112,Facilities,INV-876-2026-000389,PO-2026-000389,2025-06-01,2025-07-08,45,40777.05,40179.6,40179.6,USD,USD,BANK-21137842,False,normal,40179.6,0
TXN-0000578,SUP-0113,Maintenance,INV-622-2026-000578,PO-2025-000578,2025-06-01,2025-07-22,45,5074.5,4895.24,4895.24,USD,USD,BANK-61055398,False,normal,4895.24,0
TXN-0000688,SUP-0029,Facilities,INV-343-2026-000688,PO-2025-000688,2025-06-01,2025-07-02,30,8846.98,7389.33,7389.33,USD,USD,BANK-57984114,False,normal,7389.33,0
TXN-0001109,SUP-0113,Information Technology,INV-709-2026-001109,PO-2026-001109,2025-06-01,2025-08-05,45,11254.45,11146.81,11146.81,USD,USD,BANK-61055398,False,normal,11146.81,0
TXN-0002122,SUP-0042,Professional Services,INV-807-2026-002122,PO-2025-002122,2025-06-01,2025-08-11,60,8221.65,7452.66,7452.66,EUR,EUR,BANK-20438281,False,normal,8123.4,0
TXN-0002676,SUP-0143,Aircraft Components,INV-394-2026-002676,PO-2025-002676,2025-06-01,2025-07-13,30,3033.1,2635.06,2635.06,GBP,GBP,BANK-24937333,False,normal,3346.53,0
TXN-0002731,SUP-0001,Maintenance,INV-341-2026-002731,PO-2026-002731,2025-06-01,2025-06-19,30,3030.3,2772.78,2772.78,EUR,EUR,BANK-38861149,False,normal,3022.33,0
TXN-0004119,SUP-0034,Information Technology,INV-262-2026-004119,PO-2026-004119,2025-06-01,2025-07-06,45,3902.11,2847.76,2847.76,USD,USD,BANK-99313799,False,normal,2847.76,0
TXN-0004842,SUP-0040,Maintenance,INV-167-2026-004842,PO-2025-004842,2025-06-01,2025-08-01,60,5896.78,5835.12,5835.12,AED,AED,BANK-30107614,False,normal,1588.9,0
TXN-0000972,SUP-0073,Information Technology,INV-350-2026-000972,PO-2025-000972,2025-06-02,2025-08-15,90,90593.67,69614.79,69614.79,EUR,EUR,BANK-14030635,False,normal,75880.12,0
TXN-0001358,SUP-0136,Professional Services,INV-674-2026-001358,PO-2025-001358,2025-06-02,2025-07-23,45,4017.44,3740.38,3740.38,USD,USD,BANK-19530766,False,normal,3740.38,0
TXN-0001606,SUP-0053,Information Technology,INV-183-2026-001606,PO-2025-001606,2025-06-02,2025-07-03,30,5085.1,4641.56,4641.56,EUR,EUR,BANK-76295561,False,normal,5059.3,0
TXN-0002843,SUP-0063,Maintenance,INV-522-2026-002843,PO-2026-002843,2025-06-02,2025-06-24,45,9431.4,7384.4,7384.4,AED,AED,BANK-16087857,False,normal,2010.77,0
TXN-0003081,SUP-0068,Aircraft Components,INV-750-2026-003081,PO-2026-003081,2025-06-02,2025-08-23,90,2265.01,1693.2,1693.2,USD,USD,BANK-26134147,False,normal,1693.2,0
TXN-0003580,SUP-0056,Information Technology,INV-392-2026-003580,PO-2025-003580,2025-06-02,2025-07-28,45,9819.18,8940.8,8940.8,EUR,EUR,BANK-33621446,False,normal,9745.47,0
TXN-0003691,SUP-0049,Aircraft Components,INV-849-2026-003691,PO-2026-003691,2025-06-02,2025-07-27,45,7122.24,6871.91,6871.91,AED,AED,BANK-69549513,False,normal,1871.22,0
TXN-0004364,SUP-0145,Information Technology,INV-517-2026-004364,PO-2025-004364,2025-06-02,2025-07-03,30,2322.14,2019.0,2019.0,AED,AED,BANK-26332140,False,normal,549.77,0
TXN-0004978,SUP-0048,Maintenance,INV-661-2026-004978,PO-2025-004978,2025-06-02,2025-07-30,60,4835.52,4771.28,4771.28,USD,USD,BANK-40202528,False,normal,4771.28,0
TXN-0000459,SUP-0021,Aircraft Components,INV-737-2026-000459,PO-2026-000459,2025-06-03,2025-07-15,45,1480.31,1208.22,1208.22,EUR,EUR,BANK-65967398,False,normal,1316.96,0
TXN-0001563,SUP-0121,Professional Services,INV-537-2026-001563,PO-2026-001563,2025-06-03,2025-07-11,45,7875.83,6140.15,6140.15,AED,AED,BANK-55753531,False,normal,1671.96,0
TXN-0001829,SUP-0037,Ground Services,INV-134-2026-001829,PO-2026-001829,2025-06-03,2025-08-10,60,4323.6,3749.65,3749.65,USD,USD,BANK-18183594,False,normal,3749.65,0
TXN-0002588,SUP-0126,Aircraft Components,INV-337-2026-002588,PO-2025-002588,2025-06-03,2025-08-04,60,152896.99,110999.69,110999.69,AED,GBP,BANK-35780160,False,currency_mismatch,140969.61,1
TXN-0002758,SUP-0084,Ground Services,INV-638-2026-002758,PO-2025-002758,2025-06-03,2025-08-15,60,5097.21,4043.88,4043.88,USD,USD,BANK-22950775,False,normal,4043.88,0
TXN-0002926,SUP-0158,Professional Services,INV-313-2026-002926,PO-2025-002926,2025-06-03,2025-07-31,60,27259.65,21321.18,21321.18,AED,AED,BANK-32546185,False,normal,5805.76,0
TXN-0002933,SUP-0016,Professional Services,INV-315-2026-002933,PO-2026-002933,2025-06-03,2025-07-08,30,16594.2,15294.67,15294.67,USD,USD,BANK-96689067,False,normal,15294.67,0
TXN-0002973,SUP-0135,Aircraft Components,INV-633-2026-002973,PO-2026-002973,2025-06-03,2025-08-07,60,8983.66,7900.31,7900.31,AED,AED,BANK-85671420,False,normal,2151.25,0
TXN-0003291,SUP-0086,Professional Services,INV-542-2026-003291,PO-2026-003291,2025-06-03,2025-08-09,60,10293.7,8669.33,8669.33,USD,USD,BANK-11254265,False,normal,8669.33,0
TXN-0005286,SUP-0036,Information Technology,INV-950-2026-005286,PO-2025-005286,2025-06-03,2025-07-19,60,21349.02,17725.38,17725.38,USD,USD,BANK-90250953,False,normal,17725.38,0
TXN-0002310,SUP-0147,Ground Services,INV-570-2026-002310,PO-2025-002310,2025-06-04,2025-06-27,30,17758.06,13308.05,13308.05,USD,USD,BANK-82392481,False,normal,13308.05,0
TXN-0003699,SUP-0009,Aircraft Components,INV-933-2026-003699,PO-2026-003699,2025-06-04,2025-07-06,30,6021.52,4545.08,4545.08,USD,USD,BANK-59936721,False,normal,4545.08,0
TXN-0004802,SUP-0139,Maintenance,INV-149-2026-004802,PO-2025-004802,2025-06-04,2025-07-09,30,7026.9,6731.94,6731.94,EUR,EUR,BANK-77394363,False,normal,7337.81,0
TXN-0004943,SUP-0005,Facilities,INV-147-2026-004943,PO-2026-004943,2025-06-04,2025-06-29,30,12945.32,11636.09,11636.09,USD,USD,BANK-97763977,False,normal,11636.09,0
TXN-0005242,SUP-0017,Aircraft Components,INV-760-2026-005242,PO-2025-005242,2025-06-04,2025-07-25,60,23736.01,21977.24,21977.24,AED,AED,BANK-38542500,False,normal,5984.4,0
TXN-0000786,SUP-0018,Ground Services,INV-355-2026-000786,PO-2025-000786,2025-06-05,2025-07-21,45,4850.48,4595.3,4595.3,USD,USD,BANK-95760944,False,normal,4595.3,0
TXN-0001665,SUP-0053,Aircraft Components,INV-339-2026-001665,PO-2026-001665,2025-06-05,2025-08-06,60,16639.22,15850.29,15850.29,EUR,EUR,BANK-76295561,False,normal,17276.82,0
TXN-0001943,SUP-0121,Ground Services,INV-496-2026-001943,PO-2026-001943,2025-06-05,2025-06-30,30,5595.15,5283.64,5283.64,AED,AED,BANK-55753531,False,normal,1438.74,0
TXN-0002822,SUP-0135,Information Technology,INV-656-2026-000477,PO-2026-000477,2025-06-05,2025-08-04,60,14760.89,12865.91,12865.91,AED,AED,BANK-85671420,False,exact_duplicate,3503.39,1
TXN-0003755,SUP-0054,Information Technology,INV-754-2026-003755,PO-2026-003755,2025-06-05,2025-07-23,30,5392.42,4005.09,4005.09,AED,AED,BANK-77211064,False,normal,1090.59,0
TXN-0004605,SUP-0142,Maintenance,INV-276-2026-004605,PO-2026-004605,2025-06-05,2025-08-18,60,19632.42,17258.02,17258.02,AED,AED,BANK-96960871,False,normal,4699.36,0
TXN-0004742,SUP-0124,Facilities,INV-844-2026-004742,PO-2025-004742,2025-06-05,2025-07-08,30,23656.08,20160.48,20160.48,USD,USD,BANK-96006092,False,normal,20160.48,0
TXN-0004851,SUP-0119,Maintenance,INV-281-2026-004851,PO-2026-004851,2025-06-05,2025-07-28,45,13057.7,12958.47,12958.47,USD,USD,BANK-21899503,False,normal,12958.47,0
TXN-0004977,SUP-0114,Aircraft Components,INV-109-2026-004977,PO-2026-004977,2025-06-05,2025-08-30,90,13543.72,11958.05,17469.88,AED,AED,BANK-93480628,False,overpayment,4757.05,1
TXN-0005474,SUP-0141,Aircraft Components,INV-874-2026-005474,PO-2025-005474,2025-06-05,2025-07-03,30,5435.21,4979.66,4979.66,AED,AED,BANK-10585992,False,normal,1355.96,0
TXN-0001031,SUP-0078,Aircraft Components,INV-727-2026-001031,PO-2026-001031,2025-06-06,2025-08-01,45,8714.94,6508.57,6508.57,AED,AED,BANK-79966434,False,normal,1772.28,0
TXN-0002082,SUP-0102,Aircraft Components,INV-336-2026-002082,PO-2025-002082,2025-06-06,2025-07-15,30,7401.66,6674.58,6674.58,AED,AED,BANK-27979808,False,normal,1817.49,0
TXN-0002195,SUP-0019,Information Technology,INV-584-2026-002195,PO-2026-002195,2025-06-06,2025-08-03,60,5740.29,4622.59,4622.59,EUR,EUR,BANK-67134797,False,normal,5038.62,0
TXN-0002299,SUP-0146,Professional Services,INV-593-2026-002299,PO-2026-002299,2025-06-06,2025-07-26,45,14458.39,11834.09,11834.09,USD,USD,BANK-76449297,False,normal,11834.09,0
TXN-0002951,SUP-0048,Information Technology,INV-141-2026-002951,PO-2026-002951,2025-06-06,2025-08-01,60,15477.62,12366.17,12366.17,USD,USD,BANK-40202528,False,normal,12366.17,0
TXN-0003027,SUP-0021,Facilities,INV-816-2026-003027,PO-2026-003027,2025-06-06,2025-06-26,30,4874.43,4573.15,4573.15,EUR,EUR,BANK-65967398,False,normal,4984.73,0
TXN-0004571,SUP-0152,Maintenance,INV-502-2026-004571,PO-2026-004571,2025-06-06,2025-07-29,45,25203.2,25128.61,25128.61,EUR,EUR,BANK-86228158,False,normal,27390.18,0
TXN-0000157,SUP-0137,Professional Services,INV-217-2026-000157,PO-2026-000157,2025-06-07,2025-08-08,60,7135.54,6863.43,6863.43,GBP,GBP,BANK-75099036,False,normal,8716.56,0
TXN-0000673,SUP-0062,Professional Services,INV-106-2026-000673,PO-2026-000673,2025-06-07,2025-07-06,30,5258.6,4572.51,4572.51,AED,AED,BANK-21048213,False,normal,1245.09,0
TXN-0001098,SUP-0067,Information Technology,INV-431-2026-001098,PO-2025-001098,2025-06-07,2025-07-18,45,1248.77,1203.83,1203.83,AED,AED,BANK-77206550,False,normal,327.8,0
TXN-0001807,SUP-0038,Aircraft Components,INV-622-2026-001807,PO-2026-001807,2025-06-07,2025-08-06,60,6944.37,5223.49,5223.49,AED,AED,BANK-86107842,False,normal,1422.36,0
TXN-0002242,SUP-0007,Aircraft Components,INV-177-2026-002242,PO-2025-002242,2025-06-07,2025-06-07,30,25197.18,21904.15,21904.15,EUR,EUR,BANK-31280989,False,rapid_payment,23875.52,1
TXN-0002549,SUP-0016,Ground Services,INV-954-2026-002549,PO-2026-002549,2025-06-07,2025-07-12,45,10355.35,9635.84,9635.84,USD,USD,NEW-14514490,True,bank_change,9635.84,1
TXN-0002586,SUP-0077,Maintenance,INV-581-2026-002586,PO-2025-002586,2025-06-07,2025-08-06,60,18404.3,18019.39,18019.39,USD,USD,BANK-99822506,False,normal,18019.39,0
TXN-0002696,SUP-0032,Maintenance,INV-166-2026-002696,PO-2025-002696,2025-06-07,2025-08-16,60,44463.63,36976.62,36976.62,GBP,GBP,BANK-49158734,False,normal,46960.31,0
TXN-0002967,SUP-0073,Professional Services,INV-691-2026-002967,PO-2026-002967,2025-06-07,2025-07-04,30,8600.66,6614.66,6614.66,EUR,EUR,BANK-14030635,False,normal,7209.98,0
TXN-0003019,SUP-0003,Aircraft Components,INV-187-2026-003019,PO-2026-003019,2025-06-07,2025-08-15,45,12076.96,11190.18,11190.18,EUR,EUR,BANK-65317853,False,normal,12197.3,0
TXN-0003250,SUP-0033,Facilities,INV-248-2026-003250,PO-2025-003250,2025-06-07,2025-07-12,30,213124.33,158109.11,158109.11,USD,USD,BANK-97243596,False,normal,158109.11,0
TXN-0003621,SUP-0017,Maintenance,INV-800-2026-003621,PO-2026-003621,2025-06-07,2025-07-20,45,929.17,891.99,891.99,AED,AED,BANK-38542500,False,normal,242.89,0
TXN-0004328,SUP-0089,Professional Services,INV-368-2026-004328,PO-2025-004328,2025-06-07,2025-07-13,30,32120.16,26328.65,26328.65,USD,USD,BANK-35136775,False,normal,26328.65,0
TXN-0004496,SUP-0154,Maintenance,INV-171-2026-004496,PO-2025-004496,2025-06-07,2025-06-07,30,15871.43,14707.12,14707.12,AED,AED,BANK-69720522,False,rapid_payment,4004.75,1
TXN-0004998,SUP-0136,Maintenance,INV-183-2026-004998,PO-2025-004998,2025-06-07,2025-07-29,60,51201.43,37287.69,37287.69,USD,USD,BANK-19530766,False,normal,37287.69,0
TXN-0005313,SUP-0091,Ground Services,INV-582-2026-005313,PO-2026-005313,2025-06-07,2025-07-24,30,10479.28,10442.68,10442.68,USD,USD,BANK-11616527,False,normal,10442.68,0
TXN-0005494,SUP-0098,Facilities,INV-833-2026-005494,PO-2025-005494,2025-06-07,2025-07-26,45,17159.34,16707.49,16707.49,USD,USD,BANK-72483618,False,normal,16707.49,0
TXN-0005567,SUP-0063,Aircraft Components,INV-523-2026-005567,PO-2026-005567,2025-06-07,2025-07-08,30,5275.13,4180.6,4180.6,AED,AED,BANK-16087857,False,normal,1138.38,0
TXN-0000051,SUP-0073,Information Technology,INV-514-2026-000051,PO-2026-000051,2025-06-08,2025-07-16,60,30027.6,22380.54,22380.54,EUR,EUR,BANK-14030635,False,normal,24394.79,0
TXN-0000161,SUP-0074,Facilities,INV-164-2026-000161,PO-2026-000161,2025-06-08,2025-07-14,30,37086.34,28460.17,28460.17,USD,USD,BANK-27679119,False,normal,28460.17,0
TXN-0000495,SUP-0095,Aircraft Components,INV-364-2026-000495,PO-2026-000495,2025-06-08,2025-07-10,30,1388.71,1087.73,1087.73,USD,USD,BANK-36688168,False,normal,1087.73,0
TXN-0000709,SUP-0085,Information Technology,INV-531-2026-000709,PO-2026-000709,2025-06-08,2025-08-08,60,13378.78,12988.86,12988.86,USD,USD,BANK-94093522,False,normal,12988.86,0
TXN-0001112,SUP-0117,Aircraft Components,INV-258-2026-001112,PO-2025-001112,2025-06-08,2025-07-05,30,10671.53,9091.88,9091.88,EUR,EUR,BANK-97580845,False,normal,9910.15,0
TXN-0001315,SUP-0010,Information Technology,INV-969-2026-001315,PO-2026-001315,2025-06-08,2025-07-25,30,7487.3,6693.09,6693.09,USD,USD,BANK-59212295,False,normal,6693.09,0
TXN-0002439,SUP-0068,Maintenance,INV-210-2026-002439,PO-2026-002439,2025-06-08,2025-08-02,45,1689.0,1346.87,1346.87,USD,USD,BANK-26134147,False,normal,1346.87,0
TXN-0003463,SUP-0156,Facilities,INV-590-2026-003463,PO-2026-003463,2025-06-08,2025-07-29,45,37011.23,28522.41,28522.41,AED,AED,BANK-35913857,False,normal,7766.65,0
TXN-0003807,SUP-0079,Facilities,INV-268-2026-003807,PO-2026-003807,2025-06-08,2025-08-05,60,2771.6,2210.02,2210.02,AED,AED,BANK-38837550,False,normal,601.79,0
TXN-0004060,SUP-0121,Aircraft Components,INV-596-2026-004060,PO-2025-004060,2025-06-08,2025-09-10,90,5121.02,4500.08,4500.08,AED,AED,BANK-55753531,False,normal,1225.37,0
TXN-0004246,SUP-0110,Aircraft Components,INV-577-2026-004246,PO-2025-004246,2025-06-08,2025-09-13,90,2434.6,2131.64,2131.64,EUR,EUR,BANK-21795197,False,normal,2323.49,0
TXN-0004330,SUP-0048,Professional Services,INV-265-2026-004330,PO-2025-004330,2025-06-08,2025-06-24,30,1789.95,1688.76,1688.76,USD,USD,BANK-40202528,False,normal,1688.76,0
TXN-0005168,SUP-0075,Facilities,INV-785-2026-005168,PO-2025-005168,2025-06-08,2025-07-16,30,12095.26,10852.13,10852.13,USD,USD,BANK-35245775,False,normal,10852.13,0
TXN-0005295,SUP-0031,Maintenance,INV-701-2026-005295,PO-2026-005295,2025-06-08,2025-08-04,60,3688.84,3589.78,3589.78,EUR,EUR,BANK-36891816,False,normal,3912.86,0
TXN-0000616,SUP-0076,Aircraft Components,INV-934-2026-000616,PO-2025-000616,2025-06-09,2025-07-21,45,8109.39,7732.56,7732.56,USD,USD,BANK-37929130,False,normal,7732.56,0
TXN-0000793,SUP-0002,Ground Services,INV-415-2026-000793,PO-2026-000793,2025-06-09,2025-08-07,60,11321.53,9677.15,9677.15,USD,USD,BANK-19696685,False,normal,9677.15,0
TXN-0001196,SUP-0002,Ground Services,INV-217-2026-001196,PO-2025-001196,2025-06-09,2025-07-10,45,4177.19,4093.77,4093.77,USD,USD,BANK-19696685,False,normal,4093.77,0
TXN-0001789,SUP-0029,Ground Services,INV-673-2026-001789,PO-2026-001789,2025-06-09,2025-07-28,60,29733.11,25584.84,25584.84,USD,USD,BANK-57984114,False,normal,25584.84,0
TXN-0001901,SUP-0153,Information Technology,INV-311-2026-001901,PO-2026-001901,2025-06-09,2025-07-22,30,28885.65,27293.53,27293.53,USD,USD,BANK-11605310,False,normal,27293.53,0
TXN-0001994,SUP-0022,Aircraft Components,INV-213-2026-001994,PO-2025-001994,2025-06-09,2025-07-17,30,227492.53,203220.96,203220.96,USD,USD,BANK-56355141,False,normal,203220.96,0
TXN-0003261,SUP-0072,Ground Services,INV-948-2026-003261,PO-2026-003261,2025-06-09,2025-07-18,30,4635.66,4233.47,4233.47,USD,USD,BANK-88710582,False,normal,4233.47,0
TXN-0004048,SUP-0121,Information Technology,INV-275-2026-004048,PO-2025-004048,2025-06-09,2025-07-19,30,29184.58,28983.01,28983.01,AED,AED,BANK-55753531,False,normal,7892.07,0
TXN-0004093,SUP-0045,Aircraft Components,INV-866-2026-004093,PO-2026-004093,2025-06-09,2025-07-30,45,23243.23,17951.59,17951.59,EUR,EUR,BANK-38433614,False,normal,19567.23,0
TXN-0004146,SUP-0046,Ground Services,INV-255-2026-004146,PO-2025-004146,2025-06-09,2025-08-08,60,10752.52,10742.66,10742.66,EUR,EUR,BANK-11990275,False,normal,11709.5,0
TXN-0004564,SUP-0146,Aircraft Components,INV-644-2026-004564,PO-2025-004564,2025-06-09,2025-07-12,30,18151.6,15073.78,15073.78,USD,USD,BANK-76449297,False,normal,15073.78,0
TXN-0005591,SUP-0049,Aircraft Components,INV-762-2026-005591,PO-2026-005591,2025-06-09,2025-06-20,30,2599.55,1880.59,1880.59,AED,AED,BANK-69549513,False,normal,512.08,0
TXN-0000275,SUP-0029,Aircraft Components,INV-194-2026-000275,PO-2026-000275,2025-06-10,2025-06-10,45,137717.87,113560.54,113560.54,USD,USD,BANK-57984114,False,rapid_payment,113560.54,1
TXN-0000427,SUP-0061,Information Technology,INV-609-2026-000427,PO-2026-000427,2025-06-10,2025-07-07,30,5869.03,5321.16,5321.16,AED,AED,BANK-12871994,False,normal,1448.95,0
TXN-0000664,SUP-0137,Ground Services,INV-566-2026-000664,PO-2025-000664,2025-06-10,2025-06-17,30,123227.23,119122.73,119122.73,GBP,GBP,BANK-75099036,False,normal,151285.87,0
TXN-0001191,SUP-0134,Professional Services,INV99220260053A97,PO-2026-005397,2025-06-10,2025-07-10,30,5786.79,4354.85,4354.85,USD,USD,BANK-67057759,False,near_duplicate,4354.85,1
TXN-0002853,SUP-0138,Aircraft Components,INV-495-2026-002853,PO-2026-002853,2025-06-10,2025-07-21,30,22066.74,20890.63,20890.63,AED,AED,BANK-22630563,False,normal,5688.52,0
TXN-0002938,SUP-0062,Information Technology,INV-711-2026-002938,PO-2025-002938,2025-06-10,2025-07-20,45,2797.45,2525.24,3199.32,AED,AED,BANK-21048213,False,overpayment,871.17,1
TXN-0003575,SUP-0024,Maintenance,INV-214-2026-003575,PO-2026-003575,2025-06-10,2025-06-28,30,11020.65,8733.59,8733.59,EUR,EUR,BANK-33036857,False,normal,9519.61,0
TXN-0003584,SUP-0017,Ground Services,INV-927-2026-003584,PO-2025-003584,2025-06-10,2025-07-23,45,6001.22,5752.02,5752.02,AED,AED,BANK-38542500,False,normal,1566.28,0
TXN-0003978,SUP-0105,Facilities,INV-542-2026-003978,PO-2025-003978,2025-06-10,2025-07-08,30,11643.18,15261.83,15261.83,EUR,EUR,BANK-12259119,False,invoice_above_po,16635.39,1
TXN-0004797,SUP-0133,Professional Services,INV-728-2026-004797,PO-2026-004797,2025-06-10,2025-07-18,45,24594.81,24161.42,24161.42,AED,AED,BANK-23338758,False,normal,6579.15,0
TXN-0004907,SUP-0129,Ground Services,INV-691-2026-004907,PO-2026-004907,2025-06-10,2025-07-18,30,14981.39,12411.43,12411.43,USD,USD,BANK-54924829,False,normal,12411.43,0
TXN-0000313,SUP-0051,Information Technology,INV-219-2026-000313,PO-2026-000313,2025-06-11,2025-09-07,90,6918.54,6744.1,8041.43,USD,USD,BANK-43629195,False,overpayment,8041.43,1
TXN-0000742,SUP-0158,Facilities,INV-730-2026-000742,PO-2025-000742,2025-06-11,2025-07-27,30,2260.03,1928.02,1928.02,AED,AED,BANK-32546185,False,normal,525.0,0
TXN-0001602,SUP-0107,Facilities,INV-525-2026-001602,PO-2025-001602,2025-06-11,2025-08-06,60,7359.19,6397.01,6397.01,USD,USD,BANK-17594929,False,normal,6397.01,0
TXN-0002176,SUP-0124,Aircraft Components,INV-818-2026-002176,PO-2025-002176,2025-06-11,2025-08-12,60,4893.75,4117.64,4117.64,USD,USD,BANK-96006092,False,normal,4117.64,0
TXN-0003196,SUP-0006,Information Technology,INV-904-2026-003196,PO-2025-003196,2025-06-11,2025-08-08,60,41537.39,39940.64,39940.64,GBP,GBP,BANK-30719258,False,normal,50724.61,0
TXN-0005521,SUP-0045,Maintenance,INV-575-2026-005521,PO-2026-005521,2025-06-11,2025-07-21,45,11153.61,10456.34,10456.34,EUR,EUR,BANK-38433614,False,normal,11397.41,0
TXN-0000015,SUP-0019,Aircraft Components,INV-809-2026-000015,PO-2026-000015,2025-06-12,2025-08-13,60,1314.5,999.13,999.13,EUR,EUR,BANK-67134797,False,normal,1089.05,0
TXN-0000025,SUP-0160,Professional Services,INV-179-2026-000025,PO-2026-000025,2025-06-12,2025-08-13,60,27356.49,21009.26,21009.26,EUR,EUR,BANK-51670701,False,normal,22900.09,0
TXN-0000593,SUP-0067,Professional Services,INV-780-2026-000593,PO-2026-000593,2025-06-12,2025-08-11,45,1538.29,1231.61,1231.61,AED,AED,BANK-77206550,False,normal,335.37,0
TXN-0001781,SUP-0110,Maintenance,INV-451-2026-001781,PO-2026-001781,2025-06-12,2025-08-04,45,9366.7,7615.9,7615.9,EUR,EUR,BANK-21795197,False,normal,8301.33,0
TXN-0002019,SUP-0009,Maintenance,INV-957-2026-002019,PO-2026-002019,2025-06-12,2025-07-21,45,10380.39,7527.08,7527.08,USD,USD,BANK-59936721,False,normal,7527.08,0
TXN-0003244,SUP-0103,Facilities,INV-439-2026-003244,PO-2025-003244,2025-06-12,2025-08-01,45,13214.68,10597.18,10597.18,USD,USD,BANK-87788293,False,normal,10597.18,0
TXN-0004340,SUP-0067,Aircraft Components,INV-775-2026-004340,PO-2025-004340,2025-06-12,2025-07-19,30,12338.03,11294.12,11294.12,AED,AED,BANK-77206550,False,normal,3075.39,0
TXN-0004440,SUP-0015,Professional Services,INV-376-2026-004440,PO-2025-004440,2025-06-12,2025-08-05,60,4268.35,4022.18,4022.18,USD,USD,BANK-82742631,False,normal,4022.18,0
TXN-0005470,SUP-0114,Facilities,INV-845-2026-005470,PO-2025-005470,2025-06-12,2025-08-03,60,7126.18,5896.59,5896.59,AED,AED,BANK-93480628,False,normal,1605.64,0
TXN-0000271,SUP-0118,Maintenance,INV-497-2026-000271,PO-2026-000271,2025-06-13,2025-07-28,60,20968.44,24729.06,24729.06,AED,AED,BANK-37085381,False,invoice_above_po,6733.72,1
TXN-0000510,SUP-0101,Information Technology,INV-601-2026-000510,PO-2025-000510,2025-06-13,2025-10-02,90,4690.65,4545.96,4545.96,EUR,EUR,BANK-47533220,False,normal,4955.1,0
TXN-0000756,SUP-0125,Maintenance,INV-568-2026-000756,PO-2025-000756,2025-06-13,2025-07-31,60,5137.44,3837.81,3837.81,USD,USD,BANK-56892046,False,normal,3837.81,0
TXN-0001054,SUP-0100,Ground Services,INV-387-2026-001054,PO-2025-001054,2025-06-13,2025-07-16,30,14687.02,11763.88,11763.88,GBP,GBP,BANK-62300494,False,normal,14940.13,0
TXN-0001253,SUP-0001,Information Technology,INV-150-2026-001253,PO-2026-001253,2025-06-13,2025-08-18,60,9965.96,9871.83,9871.83,EUR,EUR,BANK-38861149,False,normal,10760.29,0
TXN-0001525,SUP-0080,Information Technology,INV-343-2026-001525,PO-2026-001525,2025-06-13,2025-07-06,30,6564.82,5932.36,5932.36,EUR,EUR,BANK-97464377,False,normal,6466.27,0
TXN-0002905,SUP-0041,Maintenance,INV-731-2026-002905,PO-2026-002905,2025-06-13,2025-09-16,90,32199.15,29280.5,29280.5,USD,USD,BANK-90410196,False,normal,29280.5,0
TXN-0002966,SUP-0009,Professional Services,INV-796-2026-002966,PO-2025-002966,2025-06-13,2025-08-13,60,6050.42,5630.8,5630.8,USD,USD,BANK-59936721,False,normal,5630.8,0
TXN-0003601,SUP-0044,Ground Services,INV-122-2026-003601,PO-2026-003601,2025-06-13,2025-07-30,45,12747.65,10679.04,10679.04,USD,USD,BANK-52259076,False,normal,10679.04,0
TXN-0003948,SUP-0019,Maintenance,INV-443-2026-003948,PO-2025-003948,2025-06-13,2025-07-13,30,52574.63,49755.05,49755.05,EUR,EUR,BANK-67134797,False,normal,54233.0,0
TXN-0004258,SUP-0053,Ground Services,INV-922-2026-004258,PO-2025-004258,2025-06-13,2025-09-09,90,3929.52,3821.16,3821.16,EUR,EUR,BANK-76295561,False,normal,4165.06,0
TXN-0005039,SUP-0099,Aircraft Components,INV-574-2026-005039,PO-2026-005039,2025-06-13,2025-07-16,45,10372.49,9586.46,9586.46,USD,USD,BANK-78956930,False,normal,9586.46,0
TXN-0005103,SUP-0130,Maintenance,INV-201-2026-005103,PO-2026-005103,2025-06-13,2025-07-15,30,1879.89,1355.48,1355.48,AED,AED,BANK-12237354,False,normal,369.1,0
TXN-0000466,SUP-0049,Maintenance,INV-412-2026-000466,PO-2025-000466,2025-06-14,2025-07-25,45,3671.71,3027.12,3027.12,AED,AED,BANK-69549513,False,normal,824.28,0
TXN-0000599,SUP-0033,Professional Services,INV-451-2026-000599,PO-2026-000599,2025-06-14,2025-09-24,90,5377.59,4103.27,4103.27,USD,USD,BANK-97243596,False,normal,4103.27,0
TXN-0001186,SUP-0091,Maintenance,INV-942-2026-001186,PO-2025-001186,2025-06-14,2025-08-05,60,11438.79,10257.39,10257.39,USD,USD,BANK-11616527,False,normal,10257.39,0
TXN-0001409,SUP-0022,Ground Services,INV-200-2026-001409,PO-2026-001409,2025-06-14,2025-07-09,30,33117.29,24339.42,24339.42,USD,USD,BANK-56355141,False,normal,24339.42,0
TXN-0001752,SUP-0044,Aircraft Components,INV-703-2026-001752,PO-2025-001752,2025-06-14,2025-07-24,45,3670.5,3236.07,3236.07,USD,USD,BANK-52259076,False,normal,3236.07,0
TXN-0002546,SUP-0044,Ground Services,INV-258-2026-002546,PO-2025-002546,2025-06-14,2025-07-26,30,74682.68,68627.49,68627.49,USD,USD,BANK-52259076,False,normal,68627.49,0
TXN-0002724,SUP-0038,Ground Services,INV-945-2026-002724,PO-2025-002724,2025-06-14,2025-08-12,60,5977.06,5612.31,5612.31,AED,AED,BANK-86107842,False,normal,1528.23,0
TXN-0003100,SUP-0035,Ground Services,INV-360-2026-003100,PO-2025-003100,2025-06-14,2025-08-26,60,6782.55,5950.27,5950.27,AED,AED,BANK-23638594,False,normal,1620.26,0
TXN-0003296,SUP-0037,Ground Services,INV-129-2026-003296,PO-2025-003296,2025-06-14,2025-08-28,60,28836.5,22298.53,22298.53,USD,USD,BANK-18183594,False,normal,22298.53,0
TXN-0003596,SUP-0046,Maintenance,INV-243-2026-003596,PO-2025-003596,2025-06-14,2025-08-17,60,6623.53,4794.49,4794.49,EUR,EUR,BANK-11990275,False,normal,5225.99,0
TXN-0003909,SUP-0082,Aircraft Components,INV-438-2026-003909,PO-2026-003909,2025-06-14,2025-08-14,60,3018.69,2183.75,2183.75,USD,USD,BANK-55066706,False,normal,2183.75,0
TXN-0004691,SUP-0033,Professional Services,INV-616-2026-004691,PO-2026-004691,2025-06-14,2025-06-28,30,7618.05,6108.4,6108.4,USD,USD,BANK-97243596,False,normal,6108.4,0
TXN-0001121,SUP-0024,Ground Services,INV-530-2026-001121,PO-2026-001121,2025-06-15,2025-07-20,30,24367.04,21063.26,21063.26,EUR,EUR,BANK-33036857,False,normal,22958.95,0
TXN-0002124,SUP-0133,Professional Services,INV-190-2026-002124,PO-2025-002124,2025-06-15,2025-07-24,30,50013.6,39665.26,39665.26,AED,AED,BANK-23338758,False,normal,10800.85,0
TXN-0002601,SUP-0030,Ground Services,INV-130-2026-002601,PO-2026-002601,2025-06-15,2025-07-25,60,30206.02,28856.81,28856.81,AED,AED,BANK-14041955,False,normal,7857.71,0
TXN-0002623,SUP-0145,Maintenance,INV-666-2026-002623,PO-2026-002623,2025-06-15,2025-09-16,90,14898.45,12954.81,12954.81,AED,AED,BANK-26332140,False,normal,3527.59,0
TXN-0003226,SUP-0160,Aircraft Components,INV-409-2026-003226,PO-2025-003226,2025-06-15,2025-07-29,30,2097.18,1716.38,1716.38,EUR,EUR,BANK-51670701,False,normal,1870.85,0
TXN-0003265,SUP-0094,Maintenance,INV-808-2026-003265,PO-2026-003265,2025-06-15,2025-07-21,45,37922.27,30225.58,30225.58,USD,USD,BANK-20964925,False,normal,30225.58,0
TXN-0003413,SUP-0049,Information Technology,INV-328-2026-003413,PO-2026-003413,2025-06-15,2025-08-08,45,41371.0,33749.79,33749.79,AED,AED,BANK-69549513,False,normal,9190.07,0
TXN-0004310,SUP-0031,Information Technology,INV-295-2026-004310,PO-2025-004310,2025-06-15,2025-07-25,45,32335.01,31929.88,31929.88,EUR,EUR,BANK-36891816,False,normal,34803.57,0
TXN-0004641,SUP-0040,Aircraft Components,INV-393-2026-004641,PO-2026-004641,2025-06-15,2025-08-04,60,10824.91,7991.52,7991.52,AED,AED,BANK-30107614,False,normal,2176.09,0
TXN-0005274,SUP-0001,Professional Services,INV-441-2026-005274,PO-2025-005274,2025-06-15,2025-07-21,30,12170.37,9955.29,9955.29,EUR,EUR,BANK-38861149,False,normal,10851.27,0
TXN-0005442,SUP-0095,Professional Services,INV-729-2026-005442,PO-2025-005442,2025-06-15,2025-06-26,30,34174.8,25961.84,25961.84,USD,USD,BANK-36688168,False,normal,25961.84,0
TXN-0000081,SUP-0037,Aircraft Components,INV-644-2026-000081,PO-2026-000081,2025-06-16,2025-08-19,60,8894.55,6915.88,6915.88,USD,USD,BANK-18183594,False,normal,6915.88,0
TXN-0000804,SUP-0100,Ground Services,INV-701-2026-000804,PO-2025-000804,2025-06-16,2025-08-11,60,6468.25,6251.33,6251.33,GBP,GBP,BANK-62300494,False,normal,7939.19,0
TXN-0002163,SUP-0150,Aircraft Components,INV-579-2026-002163,PO-2026-002163,2025-06-16,2025-07-20,30,25673.68,20096.89,20096.89,USD,USD,BANK-67087104,False,normal,20096.89,0
TXN-0003486,SUP-0149,Aircraft Components,INV-278-2026-003486,PO-2025-003486,2025-06-16,2025-07-15,30,2098.32,1780.83,1780.83,USD,USD,BANK-52064343,False,normal,1780.83,0
TXN-0003763,SUP-0146,Information Technology,INV-848-2026-003763,PO-2026-003763,2025-06-16,2025-08-03,45,8283.91,7772.29,7772.29,USD,USD,BANK-76449297,False,normal,7772.29,0
TXN-0001426,SUP-0143,Maintenance,INV-563-2026-001426,PO-2025-001426,2025-06-17,2025-07-22,30,3148.95,2567.13,2567.13,GBP,GBP,BANK-24937333,False,normal,3260.26,0
TXN-0002336,SUP-0133,Professional Services,INV-800-2026-002336,PO-2025-002336,2025-06-17,2025-08-15,45,3879.67,3091.75,3091.75,AED,AED,BANK-23338758,False,normal,841.88,0
TXN-0002449,SUP-0130,Maintenance,INV-929-2026-002449,PO-2026-002449,2025-06-17,2025-08-12,60,4989.01,3946.35,3946.35,AED,AED,BANK-12237354,False,normal,1074.59,0
TXN-0002708,SUP-0031,Maintenance,INV-113-2026-002708,PO-2025-002708,2025-06-17,2025-08-01,45,28883.59,22947.59,22947.59,EUR,EUR,BANK-36891816,False,normal,25012.87,0
TXN-0003392,SUP-0040,Maintenance,INV-923-2026-003392,PO-2025-003392,2025-06-17,2025-07-22,30,6225.79,4673.5,4673.5,AED,AED,BANK-30107614,False,normal,1272.59,0
TXN-0003442,SUP-0110,Maintenance,INV45120260017A81,PO-2026-001781,2025-06-17,2025-08-01,45,9366.7,7615.9,7615.9,EUR,EUR,BANK-21795197,False,near_duplicate,8301.33,1
TXN-0003544,SUP-0067,Facilities,INV-423-2026-003544,PO-2025-003544,2025-06-17,2025-07-31,30,44018.88,35656.11,35656.11,AED,AED,BANK-77206550,False,normal,9709.16,0
TXN-0003994,SUP-0086,Professional Services,INV-653-2026-003994,PO-2025-003994,2025-06-17,2025-08-09,45,14838.08,10746.3,10746.3,USD,USD,BANK-11254265,False,normal,10746.3,0
TXN-0004179,SUP-0051,Information Technology,INV-893-2026-004179,PO-2026-004179,2025-06-17,2025-07-09,30,46872.13,41367.0,41367.0,USD,USD,BANK-43629195,False,normal,41367.0,0
TXN-0004509,SUP-0103,Maintenance,INV-392-2026-004509,PO-2026-004509,2025-06-17,2025-08-13,45,5411.94,4854.75,4854.75,USD,USD,BANK-87788293,False,normal,4854.75,0
TXN-0005101,SUP-0036,Ground Services,INV-363-2026-005101,PO-2026-005101,2025-06-17,2025-09-02,90,8231.08,7700.33,7700.33,USD,USD,BANK-90250953,False,normal,7700.33,0
TXN-0001394,SUP-0017,Maintenance,INV-914-2026-001394,PO-2025-001394,2025-06-18,2025-07-15,30,7264.07,5817.38,5817.38,AED,AED,BANK-38542500,False,normal,1584.07,0
TXN-0002760,SUP-0130,Information Technology,INV-161-2026-002760,PO-2025-002760,2025-06-18,2025-08-04,60,34204.94,33240.58,33240.58,AED,AED,BANK-12237354,False,normal,9051.41,0
TXN-0002777,SUP-0119,Ground Services,INV-363-2026-002777,PO-2026-002777,2025-06-18,2025-07-27,45,9583.35,8141.18,8141.18,USD,USD,BANK-21899503,False,normal,8141.18,0
TXN-0002860,SUP-0122,Professional Services,INV-981-2026-002860,PO-2025-002860,2025-06-18,2025-07-05,30,34294.42,29175.24,29175.24,AED,AED,BANK-69657778,False,normal,7944.42,0
TXN-0002954,SUP-0133,Professional Services,INV-560-2026-002954,PO-2025-002954,2025-06-18,2025-07-11,30,1698.62,1390.23,1390.23,AED,AED,BANK-23338758,False,normal,378.56,0
TXN-0004216,SUP-0010,Aircraft Components,INV-277-2026-004216,PO-2025-004216,2025-06-18,2025-08-23,60,22117.17,16881.02,16881.02,USD,USD,BANK-59212295,False,normal,16881.02,0
TXN-0004369,SUP-0009,Aircraft Components,INV-204-2026-004369,PO-2026-004369,2025-06-18,2025-07-22,30,29730.21,27068.66,27068.66,USD,USD,BANK-59936721,False,normal,27068.66,0
TXN-0004380,SUP-0094,Information Technology,INV-251-2026-004380,PO-2025-004380,2025-06-18,2025-08-01,45,23696.34,20336.74,20336.74,USD,USD,BANK-20964925,False,normal,20336.74,0
TXN-0004518,SUP-0110,Maintenance,INV-872-2026-004518,PO-2025-004518,2025-06-18,2025-07-30,45,2094.3,1953.41,1953.41,EUR,EUR,BANK-21795197,False,normal,2129.22,0
TXN-0004884,SUP-0046,Information Technology,INV-570-2026-004884,PO-2025-004884,2025-06-18,2025-08-03,45,3238.35,2369.8,2369.8,EUR,EUR,BANK-11990275,False,normal,2583.08,0
TXN-0005033,SUP-0091,Aircraft Components,INV-646-2026-005033,PO-2026-005033,2025-06-18,2025-07-30,60,7787.27,5792.46,5792.46,USD,USD,BANK-11616527,False,normal,5792.46,0
TXN-0005140,SUP-0111,Aircraft Components,INV-618-2026-005140,PO-2025-005140,2025-06-18,2025-08-13,60,3616.07,3275.44,3275.44,USD,USD,BANK-49045227,False,normal,3275.44,0
TXN-0005177,SUP-0138,Maintenance,INV-667-2026-005177,PO-2026-005177,2025-06-18,2025-08-03,60,2158.05,1979.74,1979.74,AED,AED,BANK-22630563,False,normal,539.08,0
TXN-0005413,SUP-0104,Facilities,INV-553-2026-005413,PO-2026-005413,2025-06-18,2025-07-09,30,17075.25,14856.49,14856.49,GBP,GBP,BANK-82371206,False,normal,18867.74,0
TXN-0000346,SUP-0039,Maintenance,INV-523-2026-000346,PO-2025-000346,2025-06-19,2025-07-30,30,3189.63,2309.88,2309.88,USD,USD,BANK-90171323,False,normal,2309.88,0
TXN-0000783,SUP-0153,Maintenance,INV-189-2026-000783,PO-2026-000783,2025-06-19,2025-07-04,30,172223.66,165983.32,165983.32,USD,USD,BANK-11605310,False,normal,165983.32,0
TXN-0000916,SUP-0039,Maintenance,INV-226-2026-000916,PO-2025-000916,2025-06-19,2025-09-15,90,19646.83,15522.91,15522.91,USD,USD,BANK-90171323,False,normal,15522.91,0
TXN-0000931,SUP-0102,Aircraft Components,INV-837-2026-000931,PO-2026-000931,2025-06-19,2025-08-08,30,6417.42,4954.76,4954.76,AED,AED,BANK-27979808,False,normal,1349.18,0
TXN-0001272,SUP-0098,Ground Services,INV-163-2026-001272,PO-2025-001272,2025-06-19,2025-06-29,30,8522.12,7688.01,7688.01,USD,USD,BANK-72483618,False,normal,7688.01,0
TXN-0002113,SUP-0155,Maintenance,INV-163-2026-002113,PO-2026-002113,2025-06-19,2025-08-18,45,8654.28,8216.01,8216.01,USD,USD,BANK-19822959,False,normal,8216.01,0
TXN-0002987,SUP-0118,Maintenance,INV-804-2026-002987,PO-2026-002987,2025-06-19,2025-07-26,30,17502.28,14736.04,14736.04,AED,AED,BANK-37085381,False,normal,4012.62,0
TXN-0003077,SUP-0068,Aircraft Components,INV-775-2026-003077,PO-2026-003077,2025-06-19,2025-07-02,30,1183.11,938.43,938.43,USD,USD,BANK-26134147,False,normal,938.43,0
TXN-0003204,SUP-0027,Facilities,INV-555-2026-003204,PO-2025-003204,2025-06-19,2025-08-23,60,11175.31,8186.08,8186.08,AED,AED,BANK-26263179,False,normal,2229.07,0
TXN-0005143,SUP-0072,Maintenance,INV-518-2026-005143,PO-2026-005143,2025-06-19,2025-08-10,60,5488.19,5395.75,5395.75,USD,USD,BANK-88710582,False,normal,5395.75,0
TXN-0000843,SUP-0109,Facilities,INV-253-2026-000843,PO-2026-000843,2025-06-20,2025-07-30,45,3094.39,2246.98,2246.98,USD,USD,BANK-84335845,False,normal,2246.98,0
TXN-0000992,SUP-0064,Maintenance,INV-113-2026-000992,PO-2025-000992,2025-06-20,2025-07-18,45,19845.24,19609.4,19609.4,EUR,EUR,BANK-84800139,False,normal,21374.25,0
TXN-0001751,SUP-0040,Maintenance,INV-461-2026-001751,PO-2026-001751,2025-06-20,2025-07-08,30,21327.28,19734.95,19734.95,AED,AED,BANK-30107614,False,normal,5373.83,0
TXN-0001985,SUP-0143,Ground Services,INV-119-2026-001985,PO-2026-001985,2025-06-20,2025-07-28,30,6419.16,5975.69,5975.69,GBP,GBP,BANK-24937333,False,normal,7589.13,0
TXN-0003222,SUP-0121,Professional Services,INV-617-2026-003222,PO-2025-003222,2025-06-20,2025-08-02,45,6482.88,6444.06,6444.06,AED,AED,BANK-55753531,False,normal,1754.72,0
TXN-0003429,SUP-0127,Facilities,INV-613-2026-003429,PO-2026-003429,2025-06-20,2025-08-15,60,10669.26,9216.34,9216.34,USD,USD,BANK-96425599,False,normal,9216.34,0
TXN-0004866,SUP-0081,Maintenance,INV-534-2026-004866,PO-2025-004866,2025-06-20,2025-10-13,90,49386.36,40831.21,40831.21,AED,AED,BANK-54937628,False,normal,11118.34,0
TXN-0004966,SUP-0119,Ground Services,INV-430-2026-004966,PO-2025-004966,2025-06-20,2025-08-16,45,5853.97,4762.42,4762.42,USD,USD,BANK-21899503,False,normal,4762.42,0
TXN-0002273,SUP-0058,Aircraft Components,INV-272-2026-002273,PO-2026-002273,2025-06-21,2025-07-30,45,35197.35,29829.03,29829.03,AED,EUR,BANK-94313182,False,currency_mismatch,32513.64,1
TXN-0002793,SUP-0159,Professional Services,INV-245-2026-002793,PO-2026-002793,2025-06-21,2025-09-20,90,12327.05,10237.19,10237.19,AED,AED,BANK-81713537,False,normal,2787.59,0
TXN-0003032,SUP-0145,Information Technology,INV-347-2026-003032,PO-2025-003032,2025-06-21,2025-08-16,60,16702.28,15169.95,15169.95,AED,AED,BANK-26332140,False,normal,4130.78,0
TXN-0003058,SUP-0124,Aircraft Components,INV-131-2026-003058,PO-2025-003058,2025-06-21,2025-09-28,90,6151.67,5197.92,5197.92,USD,USD,BANK-96006092,False,normal,5197.92,0
TXN-0003543,SUP-0111,Aircraft Components,INV-467-2026-003543,PO-2026-003543,2025-06-21,2025-08-18,60,22633.4,19268.49,19268.49,USD,USD,BANK-49045227,False,normal,19268.49,0
TXN-0003651,SUP-0156,Information Technology,INV-983-2026-003651,PO-2026-003651,2025-06-21,2025-07-23,45,10230.46,8105.26,8105.26,AED,AED,BANK-35913857,False,normal,2207.06,0
TXN-0004824,SUP-0073,Aircraft Components,INV-938-2026-004824,PO-2025-004824,2025-06-21,2025-07-27,30,7008.45,6016.29,6016.29,EUR,EUR,BANK-14030635,False,normal,6557.76,0
TXN-0005531,SUP-0054,Facilities,INV-254-2026-005531,PO-2026-005531,2025-06-21,2025-09-14,90,7214.54,6276.69,6276.69,AED,AED,BANK-77211064,False,normal,1709.14,0
TXN-0000002,SUP-0085,Facilities,INV-700-2026-000002,PO-2025-000002,2025-06-22,2025-07-16,30,54704.99,46923.2,46923.2,USD,USD,BANK-94093522,False,normal,46923.2,0
TXN-0000035,SUP-0058,Ground Services,INV-632-2026-000035,PO-2026-000035,2025-06-22,2025-08-10,60,6705.6,6319.56,6319.56,AED,AED,BANK-94313182,False,normal,1720.82,0
TXN-0000512,SUP-0058,Professional Services,INV-276-2026-000512,PO-2025-000512,2025-06-22,2025-08-14,45,8732.66,8242.29,8242.29,AED,AED,BANK-94313182,False,normal,2244.38,0
TXN-0000650,SUP-0010,Information Technology,INV-233-2026-000650,PO-2025-000650,2025-06-22,2025-07-20,30,7613.64,5483.01,5483.01,USD,USD,BANK-59212295,False,normal,5483.01,0
TXN-0002532,SUP-0035,Aircraft Components,INV-535-2026-002532,PO-2025-002532,2025-06-22,2025-09-03,60,1209.49,1001.41,1001.41,AED,AED,BANK-23638594,False,normal,272.68,0
TXN-0002734,SUP-0070,Information Technology,INV-404-2026-002734,PO-2025-002734,2025-06-22,2025-09-08,60,27605.76,23644.0,23644.0,USD,USD,BANK-63944450,False,normal,23644.0,0
TXN-0002819,SUP-0019,Ground Services,INV-119-2026-002819,PO-2026-002819,2025-06-22,2025-07-01,30,2974.87,2797.82,2797.82,EUR,EUR,BANK-67134797,False,normal,3049.62,0
TXN-0003971,SUP-0095,Maintenance,INV-213-2026-003971,PO-2026-003971,2025-06-22,2025-07-17,30,9763.65,9673.98,9673.98,USD,USD,BANK-36688168,False,normal,9673.98,0
TXN-0004209,SUP-0114,Professional Services,INV-372-2026-004209,PO-2026-004209,2025-06-22,2025-08-26,60,5170.95,4389.27,4389.27,AED,AED,BANK-93480628,False,normal,1195.2,0
TXN-0005085,SUP-0122,Ground Services,INV-500-2026-005085,PO-2026-005085,2025-06-22,2025-07-16,30,1230.61,1141.65,1141.65,AED,AED,BANK-69657778,False,normal,310.87,0
TXN-0005256,SUP-0100,Maintenance,INV-949-2026-005256,PO-2025-005256,2025-06-22,2025-09-13,90,7973.66,7084.68,7084.68,GBP,GBP,BANK-62300494,False,normal,8997.54,0
TXN-0005258,SUP-0074,Maintenance,INV-331-2026-005258,PO-2025-005258,2025-06-22,2025-07-19,30,15759.6,15472.46,15472.46,USD,USD,BANK-27679119,False,normal,15472.46,0
TXN-0000004,SUP-0097,Ground Services,INV-188-2026-000004,PO-2025-000004,2025-06-23,2025-07-18,30,94034.1,68154.65,68154.65,USD,USD,BANK-93475211,False,normal,68154.65,0
TXN-0000433,SUP-0041,Professional Services,INV-567-2026-000433,PO-2026-000433,2025-06-23,2025-08-17,60,17326.42,15094.31,15094.31,USD,USD,BANK-90410196,False,normal,15094.31,0
TXN-0000858,SUP-0092,Professional Services,INV-448-2026-000858,PO-2025-000858,2025-06-23,2025-08-04,45,50838.12,46850.83,46850.83,AED,AED,BANK-70989279,False,normal,12757.48,0
TXN-0001223,SUP-0040,Information Technology,INV-645-2026-001223,PO-2026-001223,2025-06-23,2025-07-20,30,8766.51,6921.64,6921.64,AED,AED,BANK-30107614,False,normal,1884.76,0
TXN-0001672,SUP-0102,Aircraft Components,INV-372-2026-001672,PO-2025-001672,2025-06-23,2025-08-30,60,42421.73,37218.05,37218.05,AED,AED,BANK-27979808,False,normal,10134.48,0
TXN-0001851,SUP-0073,Ground Services,INV-143-2026-001851,PO-2026-001851,2025-06-23,2025-07-29,30,4481.76,3380.06,3380.06,EUR,EUR,BANK-14030635,False,normal,3684.27,0
TXN-0001982,SUP-0109,Ground Services,INV-935-2026-001982,PO-2025-001982,2025-06-23,2025-08-05,30,10825.03,9510.35,9510.35,USD,USD,BANK-84335845,False,normal,9510.35,0
TXN-0002125,SUP-0156,Aircraft Components,INV-586-2026-002125,PO-2026-002125,2025-06-23,2025-07-31,30,11905.15,10638.39,10638.39,AED,AED,BANK-35913857,False,normal,2896.83,0
TXN-0002220,SUP-0046,Facilities,INV-671-2026-002220,PO-2025-002220,2025-06-23,2025-07-15,30,4778.06,4286.49,4286.49,EUR,EUR,BANK-11990275,False,normal,4672.27,0
TXN-0002983,SUP-0084,Aircraft Components,INV-553-2026-002983,PO-2026-002983,2025-06-23,2025-07-06,30,748.62,737.76,737.76,USD,USD,BANK-22950775,False,normal,737.76,0
TXN-0003707,SUP-0119,Aircraft Components,INV-266-2026-003707,PO-2026-003707,2025-06-23,2025-07-26,30,5306.61,4560.38,4560.38,USD,USD,BANK-21899503,False,normal,4560.38,0
TXN-0004006,SUP-0032,Maintenance,INV-480-2026-004006,PO-2025-004006,2025-06-23,2025-07-24,30,15167.51,14321.36,14321.36,GBP,GBP,BANK-49158734,False,normal,18188.13,0
TXN-0004959,SUP-0041,Maintenance,INV-240-2026-004959,PO-2026-004959,2025-06-23,2025-08-13,60,24913.51,22192.75,22192.75,USD,USD,BANK-90410196,False,normal,22192.75,0
TXN-0005255,SUP-0121,Aircraft Components,INV-739-2026-005255,PO-2026-005255,2025-06-23,2025-08-30,60,2851.86,2199.57,2199.57,AED,AED,BANK-55753531,False,normal,598.94,0
TXN-0005596,SUP-0061,Aircraft Components,INV-576-2026-005596,PO-2025-005596,2025-06-23,2025-08-14,60,9221.36,6813.85,6813.85,AED,AED,BANK-12871994,False,normal,1855.41,0
TXN-0000016,SUP-0105,Maintenance,INV-151-2026-000016,PO-2025-000016,2025-06-24,2025-08-03,30,3791.04,3072.89,3072.89,EUR,EUR,BANK-12259119,False,normal,3349.45,0
TXN-0003619,SUP-0013,Aircraft Components,INV-153-2026-003619,PO-2026-003619,2025-06-24,2025-08-13,45,23398.85,17072.96,17072.96,AED,AED,BANK-84681076,False,normal,4648.97,0
TXN-0000679,SUP-0083,Professional Services,INV-791-2026-000679,PO-2026-000679,2025-06-25,2025-07-11,30,2161.87,2094.3,2094.3,EUR,EUR,BANK-49032895,False,normal,2282.79,0
TXN-0001036,SUP-0114,Information Technology,INV-670-2026-001036,PO-2025-001036,2025-06-25,2025-08-26,45,68596.37,62358.1,62358.1,AED,AED,BANK-93480628,False,normal,16980.11,0
TXN-0002315,SUP-0127,Maintenance,INV-508-2026-002315,PO-2026-002315,2025-06-25,2025-07-31,30,16866.99,15691.82,15691.82,USD,USD,BANK-96425599,False,normal,15691.82,0
TXN-0003852,SUP-0053,Aircraft Components,INV-623-2026-003852,PO-2025-003852,2025-06-25,2025-07-25,30,12664.89,11703.94,11703.94,EUR,EUR,BANK-76295561,False,normal,12757.29,0
TXN-0005476,SUP-0110,Maintenance,INV45120260017A81,PO-2026-001781,2025-06-25,2025-08-09,45,9366.7,7615.9,7615.9,EUR,EUR,BANK-21795197,False,near_duplicate,8301.33,1
TXN-0000098,SUP-0009,Aircraft Components,INV-103-2026-000098,PO-2025-000098,2025-06-26,2025-07-30,30,5668.09,5168.57,5168.57,USD,USD,BANK-59936721,False,normal,5168.57,0
TXN-0000223,SUP-0077,Aircraft Components,INV-891-2026-000223,PO-2026-000223,2025-06-26,2025-09-07,60,2497.05,2143.32,2143.32,USD,USD,BANK-99822506,False,normal,2143.32,0
TXN-0001888,SUP-0064,Ground Services,INV-230-2026-001888,PO-2025-001888,2025-06-26,2025-08-10,45,1466.7,1380.83,1380.83,EUR,EUR,BANK-84800139,False,normal,1505.1,0
TXN-0002333,SUP-0021,Maintenance,INV-680-2026-002333,PO-2026-002333,2025-06-26,2025-08-12,45,11354.43,9480.55,9480.55,EUR,EUR,BANK-65967398,False,normal,10333.8,0
TXN-0002544,SUP-0144,Maintenance,INV-577-2026-002544,PO-2025-002544,2025-06-26,2025-09-27,90,49400.53,47927.99,47927.99,AED,AED,BANK-63643829,False,normal,13050.79,0
TXN-0002928,SUP-0016,Aircraft Components,INV-714-2026-002928,PO-2025-002928,2025-06-26,2025-07-25,30,1493.78,1390.65,1390.65,USD,USD,BANK-96689067,False,normal,1390.65,0
TXN-0002940,SUP-0157,Maintenance,INV-186-2026-002940,PO-2025-002940,2025-06-26,2025-07-20,30,20820.0,19215.9,19215.9,USD,USD,BANK-84648574,False,normal,19215.9,0
TXN-0002959,SUP-0147,Information Technology,INV-727-2026-002959,PO-2026-002959,2025-06-26,2025-08-28,60,2112.85,1767.52,1767.52,USD,USD,BANK-82392481,False,normal,1767.52,0
TXN-0003765,SUP-0067,Information Technology,INV-804-2026-003765,PO-2026-003765,2025-06-26,2025-07-26,30,8815.88,8726.14,8726.14,AED,AED,BANK-77206550,False,normal,2376.13,0
TXN-0004011,SUP-0053,Aircraft Components,INV-955-2026-004011,PO-2026-004011,2025-06-26,2025-07-23,30,43250.02,37580.13,37580.13,EUR,EUR,BANK-76295561,False,normal,40962.34,0
TXN-0004171,SUP-0022,Professional Services,INV-840-2026-004171,PO-2026-004171,2025-06-26,2025-08-21,45,12661.59,12266.51,12266.51,USD,GBP,BANK-56355141,False,currency_mismatch,15578.47,1
TXN-0004233,SUP-0065,Maintenance,INV-247-2026-004233,PO-2026-004233,2025-06-26,2025-09-06,60,7186.85,6857.65,6857.65,AED,AED,BANK-90272029,False,normal,1867.34,0
TXN-0004862,SUP-0076,Aircraft Components,INV-710-2026-004862,PO-2025-004862,2025-06-26,2025-08-27,60,90198.63,88833.53,88833.53,USD,USD,BANK-37929130,False,normal,88833.53,0
TXN-0004996,SUP-0015,Professional Services,INV-209-2026-004996,PO-2025-004996,2025-06-26,2025-08-07,30,500.0,384.6,384.6,USD,USD,BANK-82742631,False,normal,384.6,0
TXN-0005400,SUP-0131,Maintenance,INV-617-2026-005400,PO-2025-005400,2025-06-26,2025-08-16,45,8947.14,7013.08,7013.08,USD,USD,BANK-63724249,False,normal,7013.08,0
TXN-0005475,SUP-0028,Information Technology,INV-967-2026-005475,PO-2026-005475,2025-06-26,2025-07-21,30,8464.54,6205.81,6205.81,USD,USD,BANK-24814703,False,normal,6205.81,0
TXN-0005483,SUP-0031,Professional Services,INV-243-2026-005483,PO-2026-005483,2025-06-26,2025-09-28,90,9792.74,8210.32,8210.32,EUR,EUR,BANK-36891816,False,normal,8949.25,0
TXN-0000292,SUP-0019,Maintenance,INV-819-2026-000292,PO-2025-000292,2025-06-27,2025-08-26,60,19266.94,15694.6,15694.6,EUR,EUR,BANK-67134797,False,normal,17107.11,0
TXN-0000403,SUP-0003,Ground Services,INV-438-2026-000403,PO-2026-000403,2025-06-27,2025-08-24,60,5782.08,5017.11,5017.11,EUR,EUR,BANK-65317853,False,normal,5468.65,0
TXN-0000789,SUP-0123,Maintenance,INV-871-2026-000789,PO-2026-000789,2025-06-27,2025-08-12,30,22696.01,18567.99,18567.99,USD,USD,BANK-38236379,False,normal,18567.99,0
TXN-0001158,SUP-0096,Professional Services,INV-272-2026-001158,PO-2025-001158,2025-06-27,2025-08-11,60,12744.97,9697.39,9697.39,AED,AED,BANK-55569693,False,normal,2640.6,0
TXN-0002513,SUP-0070,Maintenance,INV-421-2026-002513,PO-2026-002513,2025-06-27,2025-08-01,30,38036.5,34537.73,34537.73,USD,USD,BANK-63944450,False,normal,34537.73,0
TXN-0002809,SUP-0031,Aircraft Components,INV-402-2026-002809,PO-2026-002809,2025-06-27,2025-08-12,60,1883.55,1854.77,1854.77,EUR,EUR,BANK-36891816,False,normal,2021.7,0
TXN-0004017,SUP-0160,Aircraft Components,INV-721-2026-004017,PO-2026-004017,2025-06-27,2025-08-20,60,7166.08,6833.07,6833.07,EUR,EUR,BANK-51670701,False,normal,7448.05,0
TXN-0004798,SUP-0122,Maintenance,INV-555-2026-004798,PO-2025-004798,2025-06-27,2025-09-04,60,4068.44,3790.97,3790.97,AED,AED,BANK-69657778,False,normal,1032.28,0
TXN-0005219,SUP-0050,Professional Services,INV-183-2026-005219,PO-2026-005219,2025-06-27,2025-08-03,30,7204.0,5729.34,5729.34,USD,USD,BANK-46919792,False,normal,5729.34,0
TXN-0005431,SUP-0053,Maintenance,INV-815-2026-005431,PO-2026-005431,2025-06-27,2025-08-20,60,3098.06,2248.33,2248.33,EUR,EUR,BANK-76295561,False,normal,2450.68,0
TXN-0005487,SUP-0080,Ground Services,INV-941-2026-005487,PO-2026-005487,2025-06-27,2025-08-17,60,63002.11,62583.67,62583.67,EUR,EUR,BANK-97464377,False,normal,68216.2,0
TXN-0000300,SUP-0095,Aircraft Components,INV-531-2026-000300,PO-2025-000300,2025-06-28,2025-08-01,30,67751.61,60316.53,60316.53,USD,USD,BANK-36688168,False,normal,60316.53,0
TXN-0000311,SUP-0155,Information Technology,INV-189-2026-000311,PO-2026-000311,2025-06-28,2025-08-10,45,6084.63,5090.52,5090.52,USD,USD,BANK-19822959,False,normal,5090.52,0
TXN-0000620,SUP-0029,Ground Services,INV-216-2026-000620,PO-2025-000620,2025-06-28,2025-08-31,60,16142.69,12715.28,12715.28,USD,USD,BANK-57984114,False,normal,12715.28,0
TXN-0000849,SUP-0086,Information Technology,INV-596-2026-000849,PO-2026-000849,2025-06-28,2025-08-02,30,22256.29,16092.04,16092.04,USD,USD,BANK-11254265,False,normal,16092.04,0
TXN-0001361,SUP-0065,Information Technology,INV-717-2026-001361,PO-2026-001361,2025-06-28,2025-08-15,45,34743.57,32903.74,32903.74,AED,AED,BANK-90272029,False,normal,8959.69,0
TXN-0001617,SUP-0028,Ground Services,INV-932-2026-001617,PO-2026-001617,2025-06-28,2025-08-06,30,5390.24,5239.32,5239.32,USD,USD,BANK-24814703,False,normal,5239.32,0
TXN-0001983,SUP-0005,Information Technology,INV-372-2026-001983,PO-2026-001983,2025-06-28,2025-09-19,90,29518.53,25297.8,25297.8,USD,USD,BANK-97763977,False,normal,25297.8,0
TXN-0002451,SUP-0123,Professional Services,INV-922-2026-002451,PO-2026-002451,2025-06-28,2025-08-06,30,4807.64,3949.06,3949.06,USD,USD,BANK-38236379,False,normal,3949.06,0
TXN-0003285,SUP-0068,Maintenance,INV-897-2026-003285,PO-2026-003285,2025-06-28,2025-09-20,90,2589.48,2361.75,2361.75,USD,USD,BANK-26134147,False,normal,2361.75,0
TXN-0003919,SUP-0042,Information Technology,INV-287-2026-003919,PO-2026-003919,2025-06-28,2025-08-04,45,13808.01,11708.31,11708.31,EUR,EUR,BANK-20438281,False,normal,12762.06,0
TXN-0004384,SUP-0112,Aircraft Components,INV-823-2026-004384,PO-2025-004384,2025-06-28,2025-08-26,60,2765.88,2559.06,2559.06,USD,USD,BANK-21137842,False,normal,2559.06,0
TXN-0004441,SUP-0064,Maintenance,INV-120-2026-004441,PO-2026-004441,2025-06-28,2025-08-24,60,20991.77,15978.96,15978.96,EUR,EUR,BANK-84800139,False,normal,17417.07,0
TXN-0004847,SUP-0063,Information Technology,INV-201-2026-004847,PO-2026-004847,2025-06-28,2025-07-19,30,34115.89,30324.78,30324.78,AED,AED,BANK-16087857,False,normal,8257.44,0
TXN-0005595,SUP-0144,Information Technology,INV-837-2026-005595,PO-2026-005595,2025-06-28,2025-08-08,30,2532.71,2459.21,2459.21,AED,AED,BANK-63643829,False,normal,669.64,0
TXN-0002804,SUP-0030,Aircraft Components,INV-818-2026-002804,PO-2025-002804,2025-06-29,2025-07-22,30,35671.21,30140.05,30140.05,AED,AED,BANK-14041955,False,normal,8207.14,0
TXN-0003287,SUP-0085,Information Technology,INV-599-2026-003287,PO-2026-003287,2025-06-29,2025-08-29,60,11417.22,10936.82,10936.82,USD,USD,BANK-94093522,False,normal,10936.82,0
TXN-0004539,SUP-0140,Aircraft Components,INV-878-2026-004539,PO-2026-004539,2025-06-29,2025-08-19,60,122924.98,89138.03,137023.0,USD,USD,BANK-47720288,False,overpayment,137023.0,1
TXN-0004687,SUP-0139,Ground Services,INV-972-2026-004687,PO-2026-004687,2025-06-29,2025-08-17,30,2953.41,2538.07,2538.07,EUR,EUR,BANK-77394363,False,normal,2766.5,0
TXN-0000190,SUP-0117,Aircraft Components,INV-965-2026-000190,PO-2025-000190,2025-06-30,2025-08-04,30,32961.42,27663.32,27663.32,EUR,EUR,BANK-97580845,False,normal,30153.02,0
TXN-0001160,SUP-0048,Ground Services,INV-122-2026-001160,PO-2025-001160,2025-06-30,2025-07-24,30,6767.52,6477.72,6477.72,USD,USD,BANK-40202528,False,normal,6477.72,0
TXN-0002619,SUP-0113,Information Technology,INV-800-2026-002619,PO-2026-002619,2025-06-30,2025-08-25,60,25875.2,23962.66,23962.66,USD,USD,BANK-61055398,False,normal,23962.66,0
TXN-0002694,SUP-0028,Ground Services,INV-928-2026-002694,PO-2025-002694,2025-06-30,2025-09-19,90,9929.24,7178.7,7178.7,USD,USD,BANK-24814703,False,normal,7178.7,0
TXN-0003180,SUP-0073,Aircraft Components,INV-485-2026-003180,PO-2025-003180,2025-06-30,2025-08-23,60,1276.83,1102.41,1102.41,EUR,EUR,BANK-14030635,False,normal,1201.63,0
TXN-0005358,SUP-0002,Aircraft Components,INV-207-2026-005358,PO-2025-005358,2025-06-30,2025-08-13,45,91662.97,89121.71,89121.71,USD,USD,BANK-19696685,False,normal,89121.71,0
TXN-0005484,SUP-0011,Ground Services,INV-975-2026-005484,PO-2025-005484,2025-06-30,2025-07-20,30,19750.23,18298.75,18298.75,USD,USD,BANK-43383005,False,normal,18298.75,0
TXN-0000523,SUP-0118,Professional Services,INV-100-2026-000523,PO-2026-000523,2025-07-01,2025-08-26,60,5605.56,5242.17,5242.17,AED,AED,BANK-37085381,False,normal,1427.44,0
TXN-0000776,SUP-0148,Professional Services,INV-699-2026-000776,PO-2025-000776,2025-07-01,2025-09-12,60,3453.42,2600.35,2600.35,AED,AED,BANK-48887190,False,normal,708.08,0
TXN-0000874,SUP-0059,Information Technology,INV-878-2026-000874,PO-2025-000874,2025-07-01,2025-08-22,45,8141.02,6994.63,6994.63,USD,USD,BANK-95295830,False,normal,6994.63,0
TXN-0001073,SUP-0160,Ground Services,INV-754-2026-001073,PO-2026-001073,2025-07-01,2025-08-08,45,3483.13,2589.15,2589.15,EUR,EUR,BANK-51670701,False,normal,2822.17,0
TXN-0001350,SUP-0023,Ground Services,INV-491-2026-001350,PO-2025-001350,2025-07-01,2025-07-24,30,6617.13,5217.1,5217.1,GBP,GBP,BANK-91497896,False,normal,6625.72,0
TXN-0001472,SUP-0086,Maintenance,INV-754-2026-001472,PO-2025-001472,2025-07-01,2025-10-14,90,2580.3,2275.23,2275.23,USD,USD,BANK-11254265,False,normal,2275.23,0
TXN-0001489,SUP-0090,Ground Services,INV-756-2026-001489,PO-2026-001489,2025-07-01,2025-08-21,45,27001.37,19519.89,19519.89,AED,AED,BANK-21863999,False,normal,5315.27,0
TXN-0002191,SUP-0154,Ground Services,INV-103-2026-002191,PO-2026-002191,2025-07-01,2025-09-19,60,4232.4,3441.4,3441.4,AED,AED,BANK-69720522,False,normal,937.09,0
TXN-0002634,SUP-0139,Information Technology,INV-135-2026-002634,PO-2025-002634,2025-07-01,2025-07-19,30,500.0,454.52,454.52,EUR,EUR,BANK-77394363,False,normal,495.43,0
TXN-0002662,SUP-0134,Maintenance,INV-216-2026-002662,PO-2025-002662,2025-07-01,2025-08-09,30,1632.1,1221.08,1221.08,USD,USD,BANK-67057759,False,normal,1221.08,0
TXN-0003836,SUP-0072,Aircraft Components,INV-539-2026-003836,PO-2025-003836,2025-07-01,2025-10-13,90,14556.22,10900.09,10900.09,USD,USD,BANK-88710582,False,normal,10900.09,0
TXN-0004024,SUP-0155,Facilities,INV-394-2026-004024,PO-2025-004024,2025-07-01,2025-08-05,30,4471.39,4224.19,4224.19,USD,USD,BANK-19822959,False,normal,4224.19,0
TXN-0004266,SUP-0024,Maintenance,INV-283-2026-004266,PO-2025-004266,2025-07-01,2025-07-27,30,22146.43,17502.54,17502.54,EUR,EUR,BANK-33036857,False,normal,19077.77,0
TXN-0004472,SUP-0060,Information Technology,INV-484-2026-004472,PO-2025-004472,2025-07-01,2025-07-23,30,5099.32,4670.46,4670.46,USD,USD,BANK-31687351,False,normal,4670.46,0
TXN-0004725,SUP-0017,Facilities,INV-880-2026-004725,PO-2026-004725,2025-07-01,2025-08-10,30,4776.7,4272.18,4272.18,AED,AED,BANK-38542500,False,normal,1163.31,0
TXN-0005057,SUP-0048,Aircraft Components,INV-853-2026-005057,PO-2026-005057,2025-07-01,2025-08-16,60,4882.96,4151.37,4151.37,USD,USD,BANK-40202528,False,normal,4151.37,0
TXN-0005065,SUP-0097,Ground Services,INV-868-2026-005065,PO-2026-005065,2025-07-01,2025-08-09,45,1970.31,1848.63,1848.63,USD,USD,BANK-93475211,False,normal,1848.63,0
TXN-0005496,SUP-0127,Maintenance,INV-213-2026-005496,PO-2025-005496,2025-07-01,2025-07-30,30,7610.27,5725.87,5725.87,USD,USD,BANK-96425599,False,normal,5725.87,0
TXN-0005588,SUP-0099,Information Technology,INV-705-2026-005588,PO-2025-005588,2025-07-01,2025-07-27,30,16010.33,11624.46,11624.46,USD,USD,BANK-78956930,False,normal,11624.46,0
TXN-0000424,SUP-0090,Ground Services,INV75620260014A89,PO-2026-001489,2025-07-02,2025-08-16,45,27001.37,19519.89,19519.89,AED,AED,BANK-21863999,False,near_duplicate,5315.27,1
TXN-0002343,SUP-0101,Aircraft Components,INV-584-2026-002343,PO-2026-002343,2025-07-02,2025-08-10,45,11968.25,11209.81,11209.81,EUR,EUR,BANK-47533220,False,normal,12218.69,0
TXN-0003202,SUP-0151,Aircraft Components,INV-902-2026-003202,PO-2025-003202,2025-07-02,2025-09-28,90,24478.68,17740.85,17740.85,EUR,EUR,BANK-80628709,False,normal,19337.53,0
TXN-0004676,SUP-0005,Information Technology,INV-569-2026-004676,PO-2025-004676,2025-07-02,2025-09-15,60,1712.76,1551.42,1551.42,USD,USD,NEW-76277524,True,bank_change,1551.42,1
TXN-0004732,SUP-0107,Information Technology,INV-960-2026-004732,PO-2025-004732,2025-07-02,2025-08-17,60,3555.47,3131.67,3131.67,USD,USD,BANK-17594929,False,normal,3131.67,0
TXN-0005165,SUP-0149,Ground Services,INV-983-2026-005165,PO-2026-005165,2025-07-02,2025-08-01,30,4637.32,3457.78,3457.78,USD,USD,BANK-52064343,False,normal,3457.78,0
TXN-0000657,SUP-0117,Aircraft Components,INV-965-2026-000190,PO-2025-000190,2025-07-03,2025-08-02,30,32961.42,27663.32,27663.32,EUR,EUR,BANK-97580845,False,exact_duplicate,30153.02,1
TXN-0000927,SUP-0041,Facilities,INV-877-2026-000927,PO-2026-000927,2025-07-03,2025-09-05,60,21252.77,20531.44,20531.44,USD,USD,BANK-90410196,False,normal,20531.44,0
TXN-0001885,SUP-0008,Ground Services,INV-802-2026-001885,PO-2026-001885,2025-07-03,2025-08-04,30,18047.79,13984.37,13984.37,EUR,EUR,BANK-22713593,False,normal,15242.96,0
TXN-0002799,SUP-0067,Maintenance,INV-189-2026-002799,PO-2026-002799,2025-07-03,2025-08-29,60,999.89,918.27,918.27,AED,AED,BANK-77206550,False,normal,250.04,0
TXN-0003022,SUP-0130,Professional Services,INV-852-2026-003022,PO-2025-003022,2025-07-03,2025-08-27,45,1807.58,1669.8,1669.8,AED,AED,BANK-12237354,False,normal,454.69,0
TXN-0003026,SUP-0093,Aircraft Components,INV-886-2026-003026,PO-2025-003026,2025-07-03,2025-10-03,90,47410.22,46254.16,46254.16,USD,USD,BANK-97237891,False,normal,46254.16,0
TXN-0004121,SUP-0039,Facilities,INV-744-2026-004121,PO-2026-004121,2025-07-03,2025-08-14,45,8537.53,7664.17,7664.17,USD,USD,BANK-90171323,False,normal,7664.17,0
TXN-0004635,SUP-0131,Facilities,INV-169-2026-004635,PO-2026-004635,2025-07-03,2025-07-28,30,16181.26,15658.49,15658.49,USD,USD,BANK-63724249,False,normal,15658.49,0
TXN-0004679,SUP-0057,Aircraft Components,INV-146-2026-004679,PO-2026-004679,2025-07-03,2025-07-30,30,10991.14,9429.09,9429.09,USD,USD,BANK-10477636,False,normal,9429.09,0
TXN-0004888,SUP-0029,Ground Services,INV-216-2026-000620,PO-2025-000620,2025-07-03,2025-09-01,60,16142.69,12715.28,12715.28,USD,USD,BANK-57984114,False,exact_duplicate,12715.28,1
TXN-0005366,SUP-0095,Ground Services,INV-723-2026-005366,PO-2025-005366,2025-07-03,2025-08-02,30,500.0,440.33,440.33,USD,USD,BANK-36688168,False,normal,440.33,0
TXN-0000123,SUP-0155,Aircraft Components,INV-134-2026-000123,PO-2026-000123,2025-07-04,2025-09-08,45,2584.64,2160.42,2160.42,USD,USD,BANK-19822959,False,normal,2160.42,0
TXN-0001332,SUP-0041,Aircraft Components,INV-396-2026-001332,PO-2025-001332,2025-07-04,2025-07-29,30,75327.51,62376.2,62376.2,USD,USD,BANK-90410196,False,normal,62376.2,0
TXN-0001536,SUP-0106,Aircraft Components,INV-751-2026-001536,PO-2025-001536,2025-07-04,2025-08-30,60,16003.92,15754.26,15754.26,AED,AED,BANK-74386640,False,normal,4289.88,0
TXN-0001559,SUP-0045,Facilities,INV-684-2026-001559,PO-2026-001559,2025-07-04,2025-08-30,60,12752.21,9358.77,9358.77,EUR,EUR,BANK-38433614,False,normal,10201.06,0
TXN-0002345,SUP-0148,Information Technology,INV-757-2026-002345,PO-2026-002345,2025-07-04,2025-08-03,30,19681.84,16808.66,16808.66,AED,AED,BANK-48887190,False,normal,4577.0,0
TXN-0003553,SUP-0049,Maintenance,INV-603-2026-003553,PO-2026-003553,2025-07-04,2025-08-14,45,15809.75,13154.87,13154.87,AED,AED,BANK-69549513,False,normal,3582.07,0
TXN-0004037,SUP-0087,Professional Services,INV-641-2026-004037,PO-2026-004037,2025-07-04,2025-07-25,30,24762.97,21935.73,21935.73,AED,AED,BANK-25685067,False,normal,5973.1,0
TXN-0004143,SUP-0122,Maintenance,INV-860-2026-004143,PO-2026-004143,2025-07-04,2025-08-08,30,770.22,608.4,608.4,AED,AED,BANK-69657778,False,normal,165.67,0
TXN-0000024,SUP-0038,Aircraft Components,INV-844-2026-000024,PO-2025-000024,2025-07-05,2025-08-19,30,3863.31,3403.44,3403.44,AED,AED,BANK-86107842,False,normal,926.76,0
TXN-0000041,SUP-0148,Professional Services,INV-530-2026-000041,PO-2026-000041,2025-07-05,2025-08-02,30,4910.28,4370.8,4370.8,AED,AED,BANK-48887190,False,normal,1190.17,0
TXN-0000122,SUP-0083,Ground Services,INV-113-2026-000122,PO-2025-000122,2025-07-05,2025-08-30,45,33747.91,32827.97,32827.97,EUR,EUR,BANK-49032895,False,normal,35782.49,0
TXN-0000473,SUP-0156,Ground Services,INV-256-2026-000473,PO-2026-000473,2025-07-05,2025-09-17,60,2499.09,2420.69,2420.69,AED,AED,BANK-35913857,False,normal,659.15,0
TXN-0001187,SUP-0043,Facilities,INV-227-2026-001187,PO-2026-001187,2025-07-05,2025-07-27,30,2827.85,2824.8,2824.8,AED,AED,BANK-56697251,False,normal,769.19,0
TXN-0001218,SUP-0032,Facilities,INV-216-2026-001218,PO-2025-001218,2025-07-05,2025-07-27,30,14862.61,12897.72,12897.72,GBP,GBP,BANK-49158734,False,normal,16380.1,0
TXN-0002503,SUP-0145,Facilities,INV-722-2026-002503,PO-2026-002503,2025-07-05,2025-09-01,60,36639.96,28107.46,28107.46,AED,AED,BANK-26332140,False,normal,7653.66,0
TXN-0002935,SUP-0083,Aircraft Components,INV-617-2026-002935,PO-2026-002935,2025-07-05,2025-09-06,60,9410.8,8112.51,8112.51,EUR,EUR,BANK-49032895,False,normal,8842.64,0
TXN-0003708,SUP-0007,Maintenance,INV-995-2026-003708,PO-2025-003708,2025-07-05,2025-09-30,90,1146.71,937.51,937.51,EUR,EUR,BANK-31280989,False,normal,1021.89,0
TXN-0003845,SUP-0085,Information Technology,INV59920260032A87,PO-2026-003287,2025-07-05,2025-09-03,60,11417.22,10936.82,10936.82,USD,USD,BANK-94093522,False,near_duplicate,10936.82,1
TXN-0004329,SUP-0120,Information Technology,INV-941-2026-004329,PO-2026-004329,2025-07-05,2025-08-31,60,9402.08,8091.33,8091.33,AED,AED,BANK-53972563,False,normal,2203.27,0
TXN-0005017,SUP-0006,Ground Services,INV-332-2026-005017,PO-2026-005017,2025-07-05,2025-07-24,30,21945.39,17644.59,17644.59,GBP,GBP,BANK-30719258,False,normal,22408.63,0
TXN-0005019,SUP-0086,Information Technology,INV-710-2026-005019,PO-2026-005019,2025-07-05,2025-07-31,30,5911.02,4533.11,4533.11,USD,USD,BANK-11254265,False,normal,4533.11,0
TXN-0000339,SUP-0100,Facilities,INV-344-2026-000339,PO-2026-000339,2025-07-06,2025-08-17,45,733.59,592.39,592.39,GBP,GBP,BANK-62300494,False,normal,752.34,0
TXN-0000522,SUP-0081,Professional Services,INV-473-2026-000522,PO-2025-000522,2025-07-06,2025-08-15,30,13359.22,11197.39,11197.39,AED,AED,BANK-54937628,False,normal,3049.05,0
TXN-0000562,SUP-0097,Aircraft Components,INV-598-2026-000562,PO-2025-000562,2025-07-06,2025-08-08,30,7672.19,6966.33,6966.33,USD,USD,BANK-93475211,False,normal,6966.33,0
TXN-0001016,SUP-0042,Professional Services,INV-817-2026-001016,PO-2025-001016,2025-07-06,2025-08-01,30,25107.32,21333.94,21333.94,EUR,EUR,BANK-20438281,False,normal,23253.99,0
TXN-0001507,SUP-0046,Aircraft Components,INV-671-2026-001507,PO-2026-001507,2025-07-06,2025-07-26,30,4744.96,4365.98,4365.98,EUR,EUR,BANK-11990275,False,normal,4758.92,0
TXN-0001637,SUP-0094,Facilities,INV-689-2026-001637,PO-2026-001637,2025-07-06,2025-08-08,45,3727.91,3555.98,3555.98,USD,USD,BANK-20964925,False,normal,3555.98,0
TXN-0001910,SUP-0105,Facilities,INV-191-2026-001910,PO-2025-001910,2025-07-06,2025-09-01,60,15832.63,15341.62,15341.62,EUR,EUR,BANK-12259119,False,normal,16722.37,0
TXN-0002482,SUP-0037,Facilities,INV-942-2026-002482,PO-2025-002482,2025-07-06,2025-08-21,45,5657.35,5004.87,5004.87,USD,USD,BANK-18183594,False,normal,5004.87,0
TXN-0002517,SUP-0149,Facilities,INV-136-2026-002517,PO-2026-002517,2025-07-06,2025-09-17,90,6412.6,5522.47,5522.47,USD,USD,BANK-52064343,False,normal,5522.47,0
TXN-0003091,SUP-0104,Maintenance,INV-324-2026-003091,PO-2026-003091,2025-07-06,2025-09-02,60,6637.25,5540.53,5540.53,GBP,GBP,BANK-82371206,False,normal,7036.47,0
TXN-0003749,SUP-0042,Ground Services,INV-446-2026-003749,PO-2026-003749,2025-07-06,2025-08-17,30,24762.53,19239.93,19239.93,EUR,AED,BANK-20438281,False,currency_mismatch,5239.03,1
TXN-0003780,SUP-0159,Aircraft Components,INV-396-2026-003780,PO-2025-003780,2025-07-06,2025-08-11,45,2113.77,1570.73,1570.73,AED,AED,BANK-81713537,False,normal,427.71,0
TXN-0004388,SUP-0095,Ground Services,INV-453-2026-004388,PO-2025-004388,2025-07-06,2025-08-12,30,35297.42,28624.56,28624.56,USD,USD,BANK-36688168,False,normal,28624.56,0
TXN-0004846,SUP-0129,Ground Services,INV-845-2026-004846,PO-2025-004846,2025-07-06,2025-08-15,45,11480.51,9380.06,9380.06,USD,USD,BANK-54924829,False,normal,9380.06,0
TXN-0000385,SUP-0073,Facilities,INV-646-2026-000385,PO-2026-000385,2025-07-07,2025-08-12,30,1993.78,1566.33,1566.33,EUR,EUR,BANK-14030635,False,normal,1707.3,0
TXN-0000854,SUP-0066,Maintenance,INV-348-2026-000854,PO-2025-000854,2025-07-07,2025-08-19,30,30049.74,24756.67,24756.67,AED,AED,BANK-23795588,False,normal,6741.24,0
TXN-0001420,SUP-0040,Facilities,INV-981-2026-001420,PO-2025-001420,2025-07-07,2025-08-13,30,4379.61,3781.01,3781.01,AED,AED,BANK-30107614,False,normal,1029.57,0
TXN-0001614,SUP-0040,Aircraft Components,INV-480-2026-001614,PO-2025-001614,2025-07-07,2025-09-01,45,6586.9,5011.88,5011.88,AED,AED,BANK-30107614,False,normal,1364.73,0
TXN-0002698,SUP-0010,Ground Services,INV-747-2026-002698,PO-2025-002698,2025-07-07,2025-08-10,30,7059.82,5863.01,5863.01,USD,USD,BANK-59212295,False,normal,5863.01,0
TXN-0003348,SUP-0106,Ground Services,INV-869-2026-003348,PO-2025-003348,2025-07-07,2025-09-02,60,62749.51,61800.67,61800.67,AED,AED,BANK-74386640,False,normal,16828.32,0
TXN-0003727,SUP-0067,Maintenance,INV-484-2026-003727,PO-2026-003727,2025-07-07,2025-08-16,30,10277.24,9991.55,9991.55,AED,AED,BANK-77206550,False,normal,2720.7,0
TXN-0005263,SUP-0148,Ground Services,INV-906-2026-005263,PO-2026-005263,2025-07-07,2025-08-16,30,1682.17,1386.05,1386.05,AED,AED,BANK-48887190,False,normal,377.42,0
TXN-0000058,SUP-0028,Aircraft Components,INV-781-2026-000058,PO-2025-000058,2025-07-08,2025-08-27,45,2149.41,2133.88,2133.88,USD,USD,BANK-24814703,False,normal,2133.88,0
TXN-0000962,SUP-0154,Aircraft Components,INV-646-2026-000962,PO-2025-000962,2025-07-08,2025-09-14,60,29951.35,23092.1,23092.1,AED,AED,BANK-69720522,False,normal,6287.98,0
TXN-0002105,SUP-0012,Facilities,INV-357-2026-002105,PO-2026-002105,2025-07-08,2025-08-05,30,8034.12,6992.25,6992.25,GBP,GBP,BANK-37895989,False,normal,8880.16,0
TXN-0002115,SUP-0139,Information Technology,INV-612-2026-002115,PO-2026-002115,2025-07-08,2025-09-01,60,2896.74,2362.78,2362.78,EUR,EUR,BANK-77394363,False,normal,2575.43,0
TXN-0002431,SUP-0100,Ground Services,INV-382-2026-002431,PO-2026-002431,2025-07-08,2025-09-05,45,30198.04,27876.93,27876.93,GBP,GBP,BANK-62300494,False,normal,35403.7,0
TXN-0002669,SUP-0011,Facilities,INV-555-2026-002669,PO-2026-002669,2025-07-08,2025-08-16,45,897.48,894.15,894.15,USD,USD,BANK-43383005,False,normal,894.15,0
TXN-0002743,SUP-0119,Professional Services,INV-389-2026-002743,PO-2026-002743,2025-07-08,2025-08-14,30,58440.81,44076.18,44076.18,USD,USD,BANK-21899503,False,normal,44076.18,0
TXN-0002787,SUP-0105,Ground Services,INV-721-2026-002787,PO-2026-002787,2025-07-08,2025-10-12,90,11067.8,11042.71,11042.71,EUR,EUR,BANK-12259119,False,normal,12036.55,0
TXN-0003090,SUP-0110,Maintenance,INV-748-2026-003090,PO-2025-003090,2025-07-08,2025-08-23,30,47122.12,35524.77,35524.77,EUR,EUR,BANK-21795197,False,normal,38722.0,0
TXN-0003363,SUP-0119,Facilities,INV-172-2026-003363,PO-2026-003363,2025-07-08,2025-08-27,45,34572.31,25137.68,25137.68,USD,USD,BANK-21899503,False,normal,25137.68,0
TXN-0003786,SUP-0086,Professional Services,INV-351-2026-003786,PO-2025-003786,2025-07-08,2025-09-15,60,12483.66,11408.36,11408.36,USD,USD,BANK-11254265,False,normal,11408.36,0
TXN-0004708,SUP-0015,Maintenance,INV-931-2026-004708,PO-2025-004708,2025-07-08,2025-08-20,30,12833.17,10212.17,10212.17,USD,USD,BANK-82742631,False,normal,10212.17,0
TXN-0005348,SUP-0040,Information Technology,INV-838-2026-005348,PO-2025-005348,2025-07-08,2025-08-26,45,6238.14,4994.75,4994.75,AED,AED,BANK-30107614,False,normal,1360.07,0
TXN-0000134,SUP-0023,Maintenance,INV-712-2026-000134,PO-2025-000134,2025-07-09,2025-07-21,30,25204.09,22937.38,22937.38,GBP,GBP,BANK-91497896,False,normal,29130.47,0
TXN-0000574,SUP-0050,Aircraft Components,INV-170-2026-000574,PO-2025-000574,2025-07-09,2025-09-10,60,3488.36,3267.0,3267.0,USD,USD,BANK-46919792,False,normal,3267.0,0
TXN-0000867,SUP-0080,Information Technology,INV-203-2026-000867,PO-2026-000867,2025-07-09,2025-09-20,60,1440.46,2118.48,2118.48,EUR,EUR,BANK-97464377,False,invoice_above_po,2309.14,1
TXN-0001018,SUP-0052,Ground Services,INV-905-2026-001018,PO-2025-001018,2025-07-09,2025-08-09,30,10247.64,8292.86,8292.86,USD,USD,BANK-89766631,False,normal,8292.86,0
TXN-0003024,SUP-0056,Maintenance,INV-908-2026-003024,PO-2025-003024,2025-07-09,2025-08-06,30,30344.18,30134.97,30134.97,EUR,EUR,BANK-33621446,False,normal,32847.12,0
TXN-0005201,SUP-0122,Facilities,INV-334-2026-005201,PO-2026-005201,2025-07-09,2025-08-16,45,3593.89,3011.52,3011.52,AED,AED,BANK-69657778,False,normal,820.04,0
TXN-0005287,SUP-0066,Aircraft Components,INV-308-2026-005287,PO-2026-005287,2025-07-09,2025-08-08,30,4874.44,4525.36,4525.36,AED,AED,BANK-23795588,False,normal,1232.26,0
TXN-0005356,SUP-0160,Professional Services,INV-599-2026-005356,PO-2025-005356,2025-07-09,2025-08-20,45,3370.08,3343.98,3343.98,EUR,EUR,BANK-51670701,False,normal,3644.94,0
TXN-0000345,SUP-0040,Information Technology,INV-602-2026-000345,PO-2026-000345,2025-07-10,2025-09-26,60,2459.85,2379.9,2379.9,AED,AED,BANK-30107614,False,normal,648.05,0
TXN-0001122,SUP-0096,Maintenance,INV-365-2026-001122,PO-2025-001122,2025-07-10,2025-08-08,30,12956.46,10054.69,10054.69,AED,AED,BANK-55569693,False,normal,2737.89,0
TXN-0001401,SUP-0105,Aircraft Components,INV-364-2026-001401,PO-2026-001401,2025-07-10,2025-08-08,30,786.95,636.81,636.81,EUR,EUR,BANK-12259119,False,normal,694.12,0
TXN-0001495,SUP-0106,Aircraft Components,INV-452-2026-001495,PO-2026-001495,2025-07-10,2025-09-16,60,103343.57,97868.01,97868.01,AED,AED,BANK-74386640,False,normal,26649.46,0
TXN-0002171,SUP-0010,Maintenance,INV-264-2026-002171,PO-2026-002171,2025-07-10,2025-08-27,60,14409.25,13113.91,13113.91,USD,USD,BANK-59212295,False,normal,13113.91,0
TXN-0002474,SUP-0077,Aircraft Components,INV-992-2026-002474,PO-2025-002474,2025-07-10,2025-08-28,45,22425.02,20241.98,20241.98,USD,USD,BANK-99822506,False,normal,20241.98,0
TXN-0002551,SUP-0129,Information Technology,INV-309-2026-002551,PO-2026-002551,2025-07-10,2025-08-19,30,22704.72,19353.49,19353.49,USD,USD,BANK-54924829,False,normal,19353.49,0
TXN-0004771,SUP-0010,Information Technology,INV-297-2026-004771,PO-2026-004771,2025-07-10,2025-09-12,60,20096.62,14793.03,14793.03,USD,USD,BANK-59212295,False,normal,14793.03,0
TXN-0004983,SUP-0089,Maintenance,INV-916-2026-004983,PO-2026-004983,2025-07-10,2025-08-09,30,8349.01,8265.29,8265.29,USD,USD,BANK-35136775,False,normal,8265.29,0
TXN-0004999,SUP-0086,Professional Services,INV-348-2026-004999,PO-2026-004999,2025-07-10,2025-07-28,30,7035.72,5902.88,5902.88,USD,USD,BANK-11254265,False,normal,5902.88,0
TXN-0005094,SUP-0062,Aircraft Components,INV-743-2026-005094,PO-2025-005094,2025-07-10,2025-08-26,60,1672.04,1573.75,1573.75,AED,AED,BANK-21048213,False,normal,428.53,0
TXN-0005266,SUP-0035,Facilities,INV-367-2026-005266,PO-2025-005266,2025-07-10,2025-09-04,45,333045.21,291484.33,291484.33,AED,AED,BANK-23638594,False,normal,79371.18,0
TXN-0000399,SUP-0131,Aircraft Components,INV-848-2026-000399,PO-2026-000399,2025-07-11,2025-08-24,45,695.42,570.2,570.2,USD,USD,BANK-63724249,False,normal,570.2,0
TXN-0000969,SUP-0092,Facilities,INV-371-2026-000969,PO-2026-000969,2025-07-11,2025-09-11,60,19374.72,18710.28,18710.28,AED,AED,BANK-70989279,False,normal,5094.81,0
TXN-0001786,SUP-0051,Facilities,INV-662-2026-001786,PO-2025-001786,2025-07-11,2025-09-04,60,8904.48,8760.8,8760.8,USD,USD,BANK-43629195,False,normal,8760.8,0
TXN-0002465,SUP-0006,Professional Services,INV-893-2026-002465,PO-2026-002465,2025-07-11,2025-09-13,45,12186.4,11004.94,11004.94,GBP,GBP,BANK-30719258,False,normal,13976.27,0
TXN-0002483,SUP-0116,Maintenance,INV-432-2026-002483,PO-2026-002483,2025-07-11,2025-07-31,30,16437.13,13630.84,13630.84,EUR,EUR,BANK-45782037,False,normal,14857.62,0
TXN-0003039,SUP-0047,Information Technology,INV-647-2026-003039,PO-2026-003039,2025-07-11,2025-09-21,60,10171.42,9594.84,9594.84,USD,USD,BANK-79481118,False,normal,9594.84,0
TXN-0003105,SUP-0018,Facilities,INV-261-2026-003105,PO-2026-003105,2025-07-11,2025-08-23,30,4683.29,3872.93,3872.93,USD,USD,BANK-95760944,False,normal,3872.93,0
TXN-0003262,SUP-0158,Aircraft Components,INV-157-2026-003262,PO-2025-003262,2025-07-11,2025-08-11,30,2084.58,1526.99,1526.99,AED,AED,BANK-32546185,False,normal,415.8,0
TXN-0003323,SUP-0084,Information Technology,INV-394-2026-003323,PO-2026-003323,2025-07-11,2025-07-23,30,9820.69,9254.73,9254.73,USD,USD,BANK-22950775,False,normal,9254.73,0
TXN-0004354,SUP-0150,Maintenance,INV-435-2026-004354,PO-2025-004354,2025-07-11,2025-09-03,60,34517.02,26953.59,26953.59,USD,USD,BANK-67087104,False,normal,26953.59,0
TXN-0004507,SUP-0159,Facilities,INV-453-2026-004507,PO-2026-004507,2025-07-11,2025-08-14,45,4773.19,3543.55,3543.55,AED,AED,BANK-81713537,False,normal,964.91,0
TXN-0004968,SUP-0126,Ground Services,INV-748-2026-004968,PO-2025-004968,2025-07-11,2025-09-27,60,9122.09,7023.27,7023.27,AED,AED,BANK-35780160,False,normal,1912.44,0
TXN-0005230,SUP-0070,Ground Services,INV-346-2026-005230,PO-2025-005230,2025-07-11,2025-08-15,30,8833.88,8158.56,8158.56,USD,USD,BANK-63944450,False,normal,8158.56,0
TXN-0005481,SUP-0115,Aircraft Components,INV-756-2026-005481,PO-2026-005481,2025-07-11,2025-08-18,60,6691.15,6640.27,6640.27,USD,USD,BANK-17278259,False,normal,6640.27,0
TXN-0001538,SUP-0096,Professional Services,INV-371-2026-001538,PO-2025-001538,2025-07-12,2025-08-05,30,21067.2,18400.02,18400.02,AED,AED,BANK-55569693,False,normal,5010.33,0
TXN-0002679,SUP-0021,Aircraft Components,INV-532-2026-002679,PO-2026-002679,2025-07-12,2025-08-20,30,4525.74,4450.38,4450.38,EUR,EUR,BANK-65967398,False,normal,4850.91,0
TXN-0002704,SUP-0134,Facilities,INV-889-2026-002704,PO-2025-002704,2025-07-12,2025-09-15,60,17970.93,17918.23,17918.23,USD,USD,BANK-67057759,False,normal,17918.23,0
TXN-0002713,SUP-0157,Aircraft Components,INV-605-2026-002713,PO-2026-002713,2025-07-12,2025-09-15,60,6338.49,4577.84,7452.19,USD,USD,BANK-84648574,False,overpayment,7452.19,1
TXN-0003731,SUP-0079,Information Technology,INV-361-2026-003731,PO-2026-003731,2025-07-12,2025-08-21,30,5593.1,4436.48,4436.48,AED,AED,BANK-38837550,False,normal,1208.05,0
TXN-0000110,SUP-0129,Aircraft Components,INV-253-2026-000110,PO-2025-000110,2025-07-13,2025-09-03,30,3282.6,2416.45,2416.45,USD,USD,BANK-54924829,False,normal,2416.45,0
TXN-0000170,SUP-0086,Ground Services,INV-638-2026-000170,PO-2025-000170,2025-07-13,2025-09-21,60,21947.47,17354.31,17354.31,USD,USD,BANK-11254265,False,normal,17354.31,0
TXN-0000848,SUP-0130,Ground Services,INV-663-2026-000848,PO-2025-000848,2025-07-13,2025-09-10,60,14453.42,12967.63,12967.63,AED,AED,BANK-12237354,False,normal,3531.09,0
TXN-0001227,SUP-0141,Facilities,INV-343-2026-001227,PO-2026-001227,2025-07-13,2025-08-17,30,2444.05,1860.41,1860.41,AED,AED,BANK-10585992,False,normal,506.59,0
TXN-0001477,SUP-0023,Aircraft Components,INV-146-2026-001477,PO-2026-001477,2025-07-13,2025-08-28,45,10774.96,9821.06,9821.06,GBP,GBP,BANK-91497896,False,normal,12472.75,0
TXN-0001678,SUP-0147,Information Technology,INV-609-2026-001678,PO-2025-001678,2025-07-13,2025-08-17,45,18695.36,16690.68,16690.68,USD,USD,BANK-82392481,False,normal,16690.68,0
TXN-0002466,SUP-0082,Ground Services,INV-718-2026-002466,PO-2025-002466,2025-07-13,2025-08-30,30,116791.33,106752.01,106752.01,USD,USD,BANK-55066706,False,normal,106752.01,0
TXN-0003134,SUP-0014,Maintenance,INV-222-2026-003134,PO-2025-003134,2025-07-13,2025-08-23,30,12215.2,9231.57,9231.57,EUR,EUR,BANK-51403053,False,normal,10062.41,0
TXN-0005123,SUP-0098,Ground Services,INV-335-2026-005123,PO-2026-005123,2025-07-13,2025-08-22,30,21361.61,16954.93,16954.93,USD,USD,BANK-72483618,False,normal,16954.93,0
TXN-0005245,SUP-0134,Maintenance,INV-243-2026-005245,PO-2026-005245,2025-07-13,2025-09-01,45,19927.43,19215.8,19215.8,USD,USD,BANK-67057759,False,normal,19215.8,0
TXN-0005565,SUP-0067,Maintenance,INV-490-2026-005565,PO-2026-005565,2025-07-13,2025-09-09,45,13148.28,11750.41,11750.41,AED,AED,BANK-77206550,False,normal,3199.64,0
TXN-0000775,SUP-0043,Ground Services,INV-922-2026-000775,PO-2026-000775,2025-07-14,2025-10-10,90,10178.14,7464.6,7464.6,AED,AED,BANK-56697251,False,normal,2032.61,0
TXN-0000792,SUP-0124,Information Technology,INV-323-2026-000792,PO-2025-000792,2025-07-14,2025-09-20,60,9459.95,7715.09,7715.09,USD,USD,BANK-96006092,False,normal,7715.09,0
TXN-0000878,SUP-0033,Professional Services,INV-196-2026-000878,PO-2025-000878,2025-07-14,2025-08-03,30,6982.5,5230.61,5230.61,USD,USD,BANK-97243596,False,normal,5230.61,0
TXN-0001188,SUP-0122,Aircraft Components,INV-387-2026-001188,PO-2025-001188,2025-07-14,2025-09-15,60,40795.84,36399.98,36399.98,AED,AED,BANK-69657778,False,normal,9911.71,0
TXN-0001750,SUP-0127,Facilities,INV-126-2026-001750,PO-2025-001750,2025-07-14,2025-08-07,30,13535.31,12404.45,12404.45,USD,USD,BANK-96425599,False,normal,12404.45,0
TXN-0001970,SUP-0077,Ground Services,INV-988-2026-001970,PO-2025-001970,2025-07-14,2025-08-14,30,6041.43,5714.79,5714.79,USD,USD,BANK-99822506,False,normal,5714.79,0
TXN-0002036,SUP-0008,Ground Services,INV-726-2026-002036,PO-2025-002036,2025-07-14,2025-10-10,90,2264.83,1938.92,1938.92,EUR,EUR,BANK-22713593,False,normal,2113.42,0
TXN-0002420,SUP-0139,Professional Services,INV-632-2026-002420,PO-2025-002420,2025-07-14,2025-08-30,45,7208.21,5931.48,5931.48,EUR,EUR,BANK-77394363,False,normal,6465.31,0
TXN-0002459,SUP-0132,Aircraft Components,INV-826-2026-002459,PO-2026-002459,2025-07-14,2025-08-23,45,1270.48,1055.9,1055.9,GBP,GBP,BANK-59967823,False,normal,1340.99,0
TXN-0002801,SUP-0021,Information Technology,INV-620-2026-002801,PO-2026-002801,2025-07-14,2025-07-20,30,13830.96,11846.36,11846.36,EUR,EUR,BANK-65967398,False,normal,12912.53,0
TXN-0002934,SUP-0046,Maintenance,INV-795-2026-002934,PO-2025-002934,2025-07-14,2025-08-14,45,16761.81,14410.47,14410.47,EUR,EUR,BANK-11990275,False,normal,15707.41,0
TXN-0003192,SUP-0124,Aircraft Components,INV-637-2026-003192,PO-2025-003192,2025-07-14,2025-08-10,45,12454.89,9705.74,9705.74,USD,USD,BANK-96006092,False,normal,9705.74,0
TXN-0003197,SUP-0035,Ground Services,INV-833-2026-003197,PO-2026-003197,2025-07-14,2025-09-15,45,7378.36,5427.61,5427.61,AED,AED,BANK-23638594,False,normal,1477.94,0
TXN-0003412,SUP-0003,Professional Services,INV-245-2026-003412,PO-2025-003412,2025-07-14,2025-09-03,45,6688.09,5787.82,5787.82,EUR,EUR,BANK-65317853,False,normal,6308.72,0
TXN-0004574,SUP-0102,Ground Services,INV-598-2026-004574,PO-2025-004574,2025-07-14,2025-09-02,60,9153.5,8573.14,8573.14,AED,AED,BANK-27979808,False,normal,2334.47,0
TXN-0005089,SUP-0115,Professional Services,INV-387-2026-005089,PO-2026-005089,2025-07-14,2025-09-06,60,14267.54,12291.93,12291.93,USD,USD,BANK-17278259,False,normal,12291.93,0
TXN-0002992,SUP-0086,Professional Services,INV-340-2026-002992,PO-2025-002992,2025-07-15,2025-09-07,60,16067.35,14445.45,14445.45,USD,USD,BANK-11254265,False,normal,14445.45,0
TXN-0003174,SUP-0079,Ground Services,INV-658-2026-003174,PO-2025-003174,2025-07-15,2025-09-13,60,17887.86,13296.67,13296.67,AED,AED,BANK-38837550,False,normal,3620.68,0
TXN-0003347,SUP-0130,Aircraft Components,INV-425-2026-003347,PO-2026-003347,2025-07-15,2025-09-09,60,7652.87,10183.67,10183.67,AED,AED,BANK-12237354,False,invoice_above_po,2773.01,1
TXN-0004188,SUP-0139,Maintenance,INV-856-2026-004188,PO-2025-004188,2025-07-15,2025-09-04,45,4943.58,3652.17,3652.17,EUR,EUR,BANK-77394363,False,normal,3980.87,0
TXN-0004934,SUP-0103,Facilities,INV-732-2026-004934,PO-2025-004934,2025-07-15,2025-08-05,30,23970.82,20034.47,20034.47,USD,USD,BANK-87788293,False,normal,20034.47,0
TXN-0004991,SUP-0042,Aircraft Components,INV-733-2026-004991,PO-2026-004991,2025-07-15,2025-08-14,30,5189.73,4398.52,4398.52,EUR,EUR,BANK-20438281,False,normal,4794.39,0
TXN-0005298,SUP-0158,Information Technology,INV-323-2026-005298,PO-2025-005298,2025-07-15,2025-09-20,45,3096.93,2885.08,2885.08,AED,AED,BANK-32546185,False,normal,785.61,0
TXN-0000174,SUP-0047,Aircraft Components,INV-846-2026-000174,PO-2025-000174,2025-07-16,2025-08-24,30,4525.59,3624.83,3624.83,USD,USD,BANK-79481118,False,normal,3624.83,0
TXN-0000938,SUP-0108,Information Technology,INV-897-2026-000938,PO-2025-000938,2025-07-16,2025-08-28,45,3346.05,3299.83,3299.83,USD,USD,BANK-76508559,False,normal,3299.83,0
TXN-0001210,SUP-0110,Information Technology,INV-540-2026-001210,PO-2025-001210,2025-07-16,2025-09-16,45,8445.28,7676.16,7676.16,EUR,EUR,BANK-21795197,False,normal,8367.01,0
TXN-0001828,SUP-0009,Maintenance,INV-925-2026-001828,PO-2025-001828,2025-07-16,2025-09-02,45,2153.29,1621.86,1621.86,USD,USD,BANK-59936721,False,normal,1621.86,0
TXN-0003449,SUP-0030,Professional Services,INV-660-2026-003449,PO-2026-003449,2025-07-16,2025-08-07,30,16513.98,16188.81,16188.81,AED,AED,BANK-14041955,False,normal,4408.21,0
TXN-0004620,SUP-0103,Facilities,INV-699-2026-004620,PO-2025-004620,2025-07-16,2025-08-12,30,9835.29,8536.43,8536.43,USD,USD,BANK-87788293,False,normal,8536.43,0
TXN-0004633,SUP-0140,Maintenance,INV-572-2026-004633,PO-2026-004633,2025-07-16,2025-08-02,30,177337.1,129527.34,129527.34,USD,USD,BANK-47720288,False,normal,129527.34,0
TXN-0004843,SUP-0030,Maintenance,INV-113-2026-004843,PO-2026-004843,2025-07-16,2025-09-13,45,1990.88,1524.18,1524.18,AED,AED,BANK-14041955,False,normal,415.03,0
TXN-0004950,SUP-0159,Professional Services,INV-683-2026-004950,PO-2025-004950,2025-07-16,2025-10-09,90,14595.15,14053.24,14053.24,AED,AED,BANK-81713537,False,normal,3826.7,0
TXN-0005147,SUP-0084,Ground Services,INV-313-2026-005147,PO-2026-005147,2025-07-16,2025-09-09,60,9785.79,8489.04,8489.04,USD,USD,BANK-22950775,False,normal,8489.04,0
TXN-0000702,SUP-0096,Ground Services,INV-868-2026-000702,PO-2025-000702,2025-07-17,2025-08-22,30,40135.78,33713.87,33713.87,AED,AED,BANK-55569693,False,normal,9180.29,0
TXN-0000800,SUP-0008,Ground Services,INV-193-2026-000800,PO-2025-000800,2025-07-17,2025-09-17,60,3557.08,3490.57,3490.57,EUR,EUR,BANK-22713593,False,normal,3804.72,0
TXN-0001573,SUP-0064,Aircraft Components,INV-377-2026-001573,PO-2026-001573,2025-07-17,2025-09-11,60,9838.7,9072.54,9072.54,EUR,EUR,BANK-84800139,False,normal,9889.07,0
TXN-0001664,SUP-0137,Information Technology,INV-700-2026-001664,PO-2025-001664,2025-07-17,2025-08-24,30,1919.79,1913.81,1913.81,GBP,GBP,BANK-75099036,False,normal,2430.54,0
TXN-0001934,SUP-0067,Aircraft Components,INV-196-2026-001934,PO-2025-001934,2025-07-17,2025-09-26,60,2281.95,1724.37,1724.37,AED,AED,BANK-77206550,False,normal,469.55,0
TXN-0002261,SUP-0036,Aircraft Components,INV-307-2026-002261,PO-2026-002261,2025-07-17,2025-08-27,30,18605.51,17536.08,17536.08,USD,USD,BANK-90250953,False,normal,17536.08,0
TXN-0002727,SUP-0055,Professional Services,INV-210-2026-002727,PO-2026-002727,2025-07-17,2025-09-15,60,14600.72,13333.11,13333.11,AED,AED,BANK-44199230,False,normal,3630.61,0
TXN-0003716,SUP-0120,Maintenance,INV-412-2026-003716,PO-2025-003716,2025-07-17,2025-08-11,30,6146.47,4810.89,4810.89,AED,AED,BANK-53972563,False,normal,1310.01,0
TXN-0004818,SUP-0068,Aircraft Components,INV-556-2026-004818,PO-2025-004818,2025-07-17,2025-09-13,60,4377.32,3727.34,3727.34,USD,EUR,BANK-26134147,False,currency_mismatch,4062.8,1
TXN-0005141,SUP-0067,Maintenance,INV-963-2026-005141,PO-2026-005141,2025-07-17,2025-10-10,90,8643.75,7361.57,7361.57,AED,AED,BANK-77206550,False,normal,2004.56,0
TXN-0000063,SUP-0083,Maintenance,INV-446-2026-000063,PO-2026-000063,2025-07-18,2025-08-13,45,15046.28,12118.96,12118.96,EUR,EUR,BANK-49032895,False,normal,13209.67,0
TXN-0000825,SUP-0084,Ground Services,INV-394-2026-000825,PO-2026-000825,2025-07-18,2025-08-09,30,4685.71,4258.88,4258.88,USD,USD,BANK-22950775,False,normal,4258.88,0
TXN-0001012,SUP-0125,Professional Services,INV-146-2026-001012,PO-2025-001012,2025-07-18,2025-09-20,60,27620.11,27346.95,27346.95,USD,USD,BANK-56892046,False,normal,27346.95,0
TXN-0001318,SUP-0042,Information Technology,INV-924-2026-001318,PO-2025-001318,2025-07-18,2025-09-20,45,20342.45,19415.11,19415.11,EUR,EUR,BANK-20438281,False,normal,21162.47,0
TXN-0002535,SUP-0056,Professional Services,INV-114-2026-002535,PO-2026-002535,2025-07-18,2025-10-08,90,4133.91,3372.55,3372.55,EUR,EUR,BANK-33621446,False,normal,3676.08,0
TXN-0003657,SUP-0027,Maintenance,INV-856-2026-003657,PO-2026-003657,2025-07-18,2025-08-16,45,5969.27,5788.73,5788.73,AED,AED,BANK-26263179,False,normal,1576.27,0
TXN-0004521,SUP-0080,Maintenance,INV-373-2026-004521,PO-2026-004521,2025-07-18,2025-08-18,30,4041.25,3060.7,3060.7,EUR,EUR,BANK-97464377,False,normal,3336.16,0
TXN-0004683,SUP-0057,Aircraft Components,INV-312-2026-004683,PO-2026-004683,2025-07-18,2025-09-24,60,7762.03,7146.4,7146.4,USD,USD,BANK-10477636,False,normal,7146.4,0
TXN-0000147,SUP-0070,Aircraft Components,INV-131-2026-000147,PO-2026-000147,2025-07-19,2025-09-17,45,25036.51,22309.78,22309.78,USD,USD,BANK-63944450,False,normal,22309.78,0
TXN-0000536,SUP-0012,Aircraft Components,INV-876-2026-000536,PO-2025-000536,2025-07-19,2025-09-13,60,5643.46,4255.6,4255.6,GBP,GBP,BANK-37895989,False,normal,5404.61,0
TXN-0000644,SUP-0104,Facilities,INV-278-2026-000644,PO-2025-000644,2025-07-19,2025-08-09,30,4363.92,3901.0,3901.0,GBP,GBP,BANK-82371206,False,normal,4954.27,0
TXN-0000845,SUP-0072,Facilities,INV-103-2026-000845,PO-2026-000845,2025-07-19,2025-07-20,90,16655.34,12689.46,12689.46,USD,USD,BANK-88710582,False,rapid_payment,12689.46,1
TXN-0002681,SUP-0120,Professional Services,INV-627-2026-002681,PO-2026-002681,2025-07-19,2025-09-04,45,1001.16,881.9,881.9,AED,AED,BANK-53972563,False,normal,240.14,0
TXN-0002700,SUP-0152,Facilities,INV-935-2026-002700,PO-2025-002700,2025-07-19,2025-09-26,60,8471.26,7155.74,7155.74,EUR,EUR,BANK-86228158,False,normal,7799.76,0
TXN-0004305,SUP-0032,Maintenance,INV-185-2026-004305,PO-2026-004305,2025-07-19,2025-09-07,45,5972.76,4427.52,4427.52,GBP,GBP,BANK-49158734,False,normal,5622.95,0
TXN-0004562,SUP-0101,Facilities,INV-309-2026-004562,PO-2025-004562,2025-07-19,2025-10-21,90,45581.11,39861.72,39861.72,EUR,EUR,BANK-47533220,False,normal,43449.27,0
TXN-0004812,SUP-0107,Professional Services,INV-614-2026-004812,PO-2025-004812,2025-07-19,2025-08-13,30,22006.28,21982.54,21982.54,USD,USD,BANK-17594929,False,normal,21982.54,0
TXN-0000626,SUP-0038,Information Technology,INV-586-2026-000626,PO-2025-000626,2025-07-20,2025-09-06,45,14483.02,11026.18,11026.18,AED,AED,BANK-86107842,False,normal,3002.43,0
TXN-0002162,SUP-0126,Aircraft Components,INV-869-2026-002162,PO-2025-002162,2025-07-20,2025-09-06,45,22705.32,16463.11,16463.11,AED,AED,BANK-35780160,False,normal,4482.9,0
TXN-0002279,SUP-0033,Professional Services,INV-833-2026-002279,PO-2026-002279,2025-07-20,2025-09-23,60,15220.63,21303.76,21303.76,USD,USD,BANK-97243596,False,invoice_above_po,21303.76,1
TXN-0003372,SUP-0003,Aircraft Components,INV-687-2026-003372,PO-2025-003372,2025-07-20,2025-09-02,45,28396.87,25561.47,25561.47,EUR,EUR,BANK-65317853,False,normal,27862.0,0
TXN-0003469,SUP-0095,Aircraft Components,INV-191-2026-003469,PO-2026-003469,2025-07-20,2025-08-27,45,1762.93,1536.41,1536.41,USD,USD,BANK-36688168,False,normal,1536.41,0
TXN-0003624,SUP-0052,Information Technology,INV-458-2026-003624,PO-2025-003624,2025-07-20,2025-09-24,60,12901.47,9819.69,9819.69,USD,USD,BANK-89766631,False,normal,9819.69,0
TXN-0003921,SUP-0042,Aircraft Components,INV-330-2026-003921,PO-2026-003921,2025-07-20,2025-09-15,60,29710.65,22075.3,22075.3,EUR,EUR,BANK-20438281,False,normal,24062.08,0
TXN-0005156,SUP-0047,Aircraft Components,INV-127-2026-005156,PO-2025-005156,2025-07-20,2025-10-03,60,115244.37,104076.63,104076.63,USD,USD,BANK-79481118,False,normal,104076.63,0
TXN-0005513,SUP-0121,Ground Services,INV-387-2026-005513,PO-2026-005513,2025-07-20,2025-07-20,30,25069.81,20850.03,20850.03,AED,AED,BANK-55753531,False,rapid_payment,5677.46,1
TXN-0001204,SUP-0016,Aircraft Components,INV-652-2026-001204,PO-2025-001204,2025-07-21,2025-08-22,30,7994.35,5921.19,5921.19,USD,USD,BANK-96689067,False,normal,5921.19,0
TXN-0002256,SUP-0016,Aircraft Components,INV-804-2026-002256,PO-2025-002256,2025-07-21,2025-08-12,30,3748.82,2777.83,2777.83,USD,USD,BANK-96689067,False,normal,2777.83,0
TXN-0002648,SUP-0013,Aircraft Components,INV-266-2026-002648,PO-2025-002648,2025-07-21,2025-09-04,45,13824.96,12988.31,12988.31,AED,AED,BANK-84681076,False,normal,3536.72,0
TXN-0002712,SUP-0130,Ground Services,INV-690-2026-002712,PO-2025-002712,2025-07-21,2025-09-12,60,10906.85,9733.5,9733.5,AED,AED,BANK-12237354,False,normal,2650.43,0
TXN-0002936,SUP-0127,Ground Services,INV-398-2026-002936,PO-2025-002936,2025-07-21,2025-09-07,45,6379.53,5815.8,5815.8,USD,USD,BANK-96425599,False,normal,5815.8,0
TXN-0004483,SUP-0006,Professional Services,INV-960-2026-004483,PO-2026-004483,2025-07-21,2025-09-04,60,4328.53,4196.75,4196.75,GBP,GBP,BANK-30719258,False,normal,5329.87,0
TXN-0005157,SUP-0108,Aircraft Components,INV-782-2026-005157,PO-2026-005157,2025-07-21,2025-08-29,30,3540.77,3287.94,3287.94,USD,USD,BANK-76508559,False,normal,3287.94,0
TXN-0005530,SUP-0018,Maintenance,INV-585-2026-005530,PO-2025-005530,2025-07-21,2025-08-18,30,3247.88,2542.27,2542.27,USD,USD,BANK-95760944,False,normal,2542.27,0
TXN-0000638,SUP-0039,Aircraft Components,INV-637-2026-000638,PO-2025-000638,2025-07-22,2025-09-13,60,11824.63,8727.56,8727.56,USD,USD,BANK-90171323,False,normal,8727.56,0
TXN-0001057,SUP-0015,Maintenance,INV-618-2026-001057,PO-2026-001057,2025-07-22,2025-09-14,60,9834.1,9428.9,9428.9,USD,USD,BANK-82742631,False,normal,9428.9,0
TXN-0001383,SUP-0005,Aircraft Components,INV-720-2026-001383,PO-2026-001383,2025-07-22,2025-09-22,60,8588.55,7704.44,7704.44,USD,USD,BANK-97763977,False,normal,7704.44,0
TXN-0002290,SUP-0049,Aircraft Components,INV-873-2026-002290,PO-2025-002290,2025-07-22,2025-09-23,60,9188.82,9159.61,9159.61,AED,AED,BANK-69549513,False,normal,2494.16,0
TXN-0002861,SUP-0097,Information Technology,INV-352-2026-002861,PO-2026-002861,2025-07-22,2025-10-22,90,44029.86,33341.09,33341.09,USD,USD,BANK-93475211,False,normal,33341.09,0
TXN-0003040,SUP-0034,Aircraft Components,INV-303-2026-003040,PO-2025-003040,2025-07-22,2025-09-02,30,6015.86,4772.34,4772.34,USD,USD,BANK-99313799,False,normal,4772.34,0
TXN-0003083,SUP-0121,Maintenance,INV-789-2026-003083,PO-2026-003083,2025-07-22,2025-10-18,90,5939.16,5204.35,5204.35,AED,AED,BANK-55753531,False,normal,1417.14,0
TXN-0003232,SUP-0041,Ground Services,INV-189-2026-003232,PO-2025-003232,2025-07-22,2025-08-05,30,3943.79,3152.9,3152.9,USD,USD,BANK-90410196,False,normal,3152.9,0
TXN-0003417,SUP-0082,Maintenance,INV-436-2026-003417,PO-2026-003417,2025-07-22,2025-09-03,30,6468.2,5055.33,5055.33,USD,USD,BANK-55066706,False,normal,5055.33,0
TXN-0004902,SUP-0158,Maintenance,INV-545-2026-004902,PO-2025-004902,2025-07-22,2025-08-28,30,10475.97,8356.1,8356.1,AED,AED,BANK-32546185,False,normal,2275.37,0
TXN-0000305,SUP-0016,Professional Services,INV-544-2026-000305,PO-2026-000305,2025-07-23,2025-08-22,30,20909.94,19996.81,19996.81,USD,USD,BANK-96689067,False,normal,19996.81,0
TXN-0000915,SUP-0137,Aircraft Components,INV-352-2026-000915,PO-2026-000915,2025-07-23,2025-10-29,90,5703.12,5142.54,5142.54,GBP,GBP,BANK-75099036,False,normal,6531.03,0
TXN-0001613,SUP-0121,Facilities,INV-320-2026-001613,PO-2026-001613,2025-07-23,2025-08-25,30,9128.04,6631.31,6631.31,AED,AED,BANK-55753531,False,normal,1805.71,0
TXN-0002178,SUP-0080,Information Technology,INV-101-2026-002178,PO-2025-002178,2025-07-23,2025-09-14,45,8667.9,7334.35,7334.35,EUR,EUR,BANK-97464377,False,normal,7994.44,0
TXN-0002875,SUP-0158,Professional Services,INV-103-2026-002875,PO-2026-002875,2025-07-23,2025-09-09,45,8249.94,7300.31,7300.31,AED,AED,BANK-32546185,False,normal,1987.87,0
TXN-0002963,SUP-0097,Ground Services,INV-331-2026-002963,PO-2026-002963,2025-07-23,2025-08-26,30,11653.19,11151.14,11151.14,USD,USD,BANK-93475211,False,normal,11151.14,0
TXN-0004492,SUP-0018,Facilities,INV-686-2026-004492,PO-2025-004492,2025-07-23,2025-08-10,30,7000.13,5388.89,5388.89,USD,USD,BANK-95760944,False,normal,5388.89,0
TXN-0004592,SUP-0002,Aircraft Components,INV-721-2026-004592,PO-2025-004592,2025-07-23,2025-09-08,60,14241.65,10968.47,10968.47,USD,USD,BANK-19696685,False,normal,10968.47,0
TXN-0004776,SUP-0014,Information Technology,INV-582-2026-004776,PO-2025-004776,2025-07-23,2025-09-14,45,4172.88,3328.57,3328.57,EUR,EUR,NEW-55374671,True,bank_change,3628.14,1
TXN-0005150,SUP-0096,Facilities,INV-982-2026-005150,PO-2025-005150,2025-07-23,2025-08-26,30,43215.17,42454.34,42454.34,AED,AED,BANK-55569693,False,normal,11560.32,0
TXN-0000006,SUP-0139,Maintenance,INV-916-2026-000006,PO-2025-000006,2025-07-24,2025-09-04,45,4981.64,4057.92,4057.92,EUR,EUR,BANK-77394363,False,normal,4423.13,0
TXN-0000037,SUP-0031,Maintenance,INV-633-2026-000037,PO-2026-000037,2025-07-24,2025-09-01,45,11388.53,9161.05,9161.05,EUR,EUR,BANK-36891816,False,normal,9985.54,0
TXN-0000180,SUP-0112,Ground Services,INV-899-2026-000180,PO-2025-000180,2025-07-24,2025-09-14,60,2212.03,1672.56,1672.56,USD,USD,BANK-21137842,False,normal,1672.56,0
TXN-0001380,SUP-0065,Maintenance,INV-513-2026-001380,PO-2025-001380,2025-07-24,2025-08-27,45,6228.5,5994.94,5994.94,AED,AED,BANK-90272029,False,normal,1632.42,0
TXN-0001446,SUP-0021,Aircraft Components,INV-532-2026-002679,PO-2026-002679,2025-07-24,2025-08-23,30,4525.74,4450.38,4450.38,EUR,EUR,BANK-65967398,False,exact_duplicate,4850.91,1
TXN-0002051,SUP-0053,Facilities,INV-325-2026-002051,PO-2026-002051,2025-07-24,2025-09-16,45,7129.99,6520.03,6520.03,EUR,EUR,BANK-76295561,False,normal,7106.83,0
TXN-0002412,SUP-0101,Information Technology,INV-520-2026-002412,PO-2025-002412,2025-07-24,2025-08-26,45,4995.22,4060.37,4060.37,EUR,EUR,BANK-47533220,False,normal,4425.8,0
TXN-0002593,SUP-0033,Maintenance,INV-682-2026-002593,PO-2026-002593,2025-07-24,2025-09-12,60,26832.36,24377.58,24377.58,USD,USD,BANK-97243596,False,normal,24377.58,0
TXN-0003946,SUP-0015,Aircraft Components,INV-352-2026-003946,PO-2025-003946,2025-07-24,2025-09-05,30,5751.24,4495.98,4495.98,USD,USD,BANK-82742631,False,normal,4495.98,0
TXN-0004194,SUP-0012,Ground Services,INV-536-2026-004194,PO-2025-004194,2025-07-24,2025-08-28,30,6357.36,5271.61,5271.61,GBP,GBP,BANK-37895989,False,normal,6694.94,0
TXN-0004821,SUP-0063,Professional Services,INV-482-2026-004821,PO-2026-004821,2025-07-24,2025-10-18,90,4766.96,4126.64,4126.64,AED,AED,BANK-16087857,False,normal,1123.68,0
TXN-0000077,SUP-0079,Aircraft Components,INV-336-2026-000077,PO-2026-000077,2025-07-25,2025-08-16,30,1998.67,1686.45,1686.45,AED,AED,BANK-38837550,False,normal,459.22,0
TXN-0000572,SUP-0124,Ground Services,INV-743-2026-000572,PO-2025-000572,2025-07-25,2025-08-21,30,6303.29,5178.59,5178.59,USD,USD,BANK-96006092,False,normal,5178.59,0
TXN-0000677,SUP-0006,Professional Services,INV-960-2026-004483,PO-2026-004483,2025-07-25,2025-09-23,60,4328.53,4196.75,4196.75,GBP,GBP,BANK-30719258,False,exact_duplicate,5329.87,1
TXN-0001138,SUP-0003,Aircraft Components,INV-862-2026-001138,PO-2025-001138,2025-07-25,2025-08-25,30,10538.63,10083.65,10083.65,EUR,EUR,BANK-65317853,False,normal,10991.18,0
TXN-0001163,SUP-0157,Aircraft Components,INV-417-2026-001163,PO-2026-001163,2025-07-25,2025-09-02,45,3732.09,2690.84,2690.84,USD,USD,BANK-84648574,False,normal,2690.84,0
TXN-0003598,SUP-0127,Professional Services,INV-704-2026-003598,PO-2025-003598,2025-07-25,2025-10-02,60,5262.83,4186.98,4186.98,USD,USD,BANK-96425599,False,normal,4186.98,0
TXN-0003903,SUP-0054,Ground Services,INV-688-2026-003903,PO-2026-003903,2025-07-25,2025-09-08,45,23370.33,21833.48,21833.48,AED,AED,BANK-77211064,False,normal,5945.26,0
TXN-0005553,SUP-0070,Ground Services,INV-225-2026-005553,PO-2026-005553,2025-07-25,2025-10-28,90,6934.05,5840.23,5840.23,USD,USD,BANK-63944450,False,normal,5840.23,0
TXN-0000934,SUP-0077,Aircraft Components,INV-792-2026-000934,PO-2025-000934,2025-07-26,2025-09-19,60,119324.13,118297.75,118297.75,USD,USD,BANK-99822506,False,normal,118297.75,0
TXN-0001017,SUP-0037,Facilities,INV-888-2026-001017,PO-2026-001017,2025-07-26,2025-09-26,60,2126.18,1822.7,1822.7,USD,USD,BANK-18183594,False,normal,1822.7,0
TXN-0001633,SUP-0088,Aircraft Components,INV-753-2026-001633,PO-2026-001633,2025-07-26,2025-09-02,45,7600.61,6936.1,6936.1,AED,AED,BANK-30669042,False,normal,1888.7,0
TXN-0002106,SUP-0061,Maintenance,INV-617-2026-002106,PO-2025-002106,2025-07-26,2025-07-26,30,16861.06,14478.17,14478.17,AED,AED,BANK-12871994,False,rapid_payment,3942.41,1
TXN-0002338,SUP-0157,Ground Services,INV-373-2026-002338,PO-2025-002338,2025-07-26,2025-10-22,90,3636.54,3510.21,3510.21,USD,USD,BANK-84648574,False,normal,3510.21,0
TXN-0002974,SUP-0064,Professional Services,INV-651-2026-002974,PO-2025-002974,2025-07-26,2025-10-05,60,5242.22,5193.26,5193.26,EUR,EUR,BANK-84800139,False,normal,5660.65,0
TXN-0002997,SUP-0128,Information Technology,INV-682-2026-002997,PO-2026-002997,2025-07-26,2025-08-14,30,22039.39,21469.64,21469.64,USD,USD,BANK-93232757,False,normal,21469.64,0
TXN-0004567,SUP-0155,Professional Services,INV-298-2026-004567,PO-2026-004567,2025-07-26,2025-08-25,30,3112.91,2554.18,2554.18,USD,USD,BANK-19822959,False,normal,2554.18,0
TXN-0000337,SUP-0022,Maintenance,INV-220-2026-000337,PO-2026-000337,2025-07-27,2025-09-12,30,16576.17,12718.78,12718.78,USD,USD,BANK-56355141,False,normal,12718.78,0
TXN-0000356,SUP-0106,Ground Services,INV-456-2026-000356,PO-2025-000356,2025-07-27,2025-09-07,30,31912.63,28235.45,28235.45,AED,AED,BANK-74386640,False,normal,7688.51,0
TXN-0000899,SUP-0062,Aircraft Components,INV-170-2026-000899,PO-2026-000899,2025-07-27,2025-09-08,30,62586.68,55016.78,55016.78,AED,AED,BANK-21048213,False,normal,14981.07,0
TXN-0001091,SUP-0088,Information Technology,INV-580-2026-001091,PO-2026-001091,2025-07-27,2025-08-30,30,27251.27,23536.98,23536.98,AED,AED,BANK-30669042,False,normal,6409.12,0
TXN-0001643,SUP-0011,Maintenance,INV-988-2026-001643,PO-2026-001643,2025-07-27,2025-08-26,30,4467.01,4112.98,4112.98,USD,USD,BANK-43383005,False,normal,4112.98,0
TXN-0002198,SUP-0130,Maintenance,INV-545-2026-002198,PO-2025-002198,2025-07-27,2025-09-27,60,5248.86,5007.84,5007.84,AED,AED,BANK-12237354,False,normal,1363.63,0
TXN-0002219,SUP-0012,Aircraft Components,INV-725-2026-002219,PO-2026-002219,2025-07-27,2025-10-15,90,21036.7,20702.08,20702.08,GBP,GBP,BANK-37895989,False,normal,26291.64,0
TXN-0002725,SUP-0154,Maintenance,INV-932-2026-002725,PO-2026-002725,2025-07-27,2025-09-17,45,12887.66,12599.37,12599.37,AED,AED,BANK-69720522,False,normal,3430.81,0
TXN-0003648,SUP-0081,Aircraft Components,INV-275-2026-003648,PO-2025-003648,2025-07-27,2025-09-18,45,59049.92,45848.55,45848.55,AED,AED,BANK-54937628,False,normal,12484.56,0
TXN-0004616,SUP-0087,Information Technology,INV-454-2026-004616,PO-2025-004616,2025-07-27,2025-09-28,45,12959.76,12851.34,12851.34,AED,AED,BANK-25685067,False,normal,3499.42,0
TXN-0000143,SUP-0081,Ground Services,INV-720-2026-000143,PO-2026-000143,2025-07-28,2025-09-27,60,5236.59,4858.29,4858.29,AED,AED,BANK-54937628,False,normal,1322.91,0
TXN-0000463,SUP-0152,Information Technology,INV-901-2026-000463,PO-2026-000463,2025-07-28,2025-09-19,45,6462.42,5331.36,5331.36,EUR,EUR,BANK-86228158,False,normal,5811.18,0
TXN-0000611,SUP-0134,Maintenance,INV-542-2026-000611,PO-2026-000611,2025-07-28,2025-10-25,90,13890.73,11132.51,11132.51,USD,USD,BANK-67057759,False,normal,11132.51,0
TXN-0000694,SUP-0004,Ground Services,INV-814-2026-000694,PO-2025-000694,2025-07-28,2025-09-22,60,4409.16,3307.84,3307.84,AED,AED,BANK-92441065,False,normal,900.72,0
TXN-0000817,SUP-0112,Information Technology,INV-763-2026-000817,PO-2026-000817,2025-07-28,2025-08-19,30,8312.19,6820.72,6820.72,USD,USD,BANK-21137842,False,normal,6820.72,0
TXN-0001531,SUP-0067,Professional Services,INV-887-2026-001531,PO-2026-001531,2025-07-28,2025-08-17,30,76040.05,71113.06,71113.06,AED,AED,BANK-77206550,False,normal,19364.09,0
TXN-0001635,SUP-0124,Aircraft Components,INV-485-2026-001635,PO-2026-001635,2025-07-28,2025-09-15,60,12738.88,10811.71,10811.71,USD,USD,BANK-96006092,False,normal,10811.71,0
TXN-0002364,SUP-0058,Aircraft Components,INV-729-2026-002364,PO-2025-002364,2025-07-28,2025-09-03,30,46297.44,42854.77,42854.77,AED,AED,BANK-94313182,False,normal,11669.35,0
TXN-0002703,SUP-0010,Aircraft Components,INV-250-2026-002703,PO-2026-002703,2025-07-28,2025-08-28,30,30854.14,25604.27,25604.27,USD,USD,BANK-59212295,False,normal,25604.27,0
TXN-0004153,SUP-0099,Aircraft Components,INV-556-2026-004153,PO-2026-004153,2025-07-28,2025-08-23,30,8533.13,7731.51,7731.51,USD,USD,BANK-78956930,False,normal,7731.51,0
TXN-0004239,SUP-0047,Aircraft Components,INV-801-2026-004239,PO-2026-004239,2025-07-28,2025-08-19,30,41656.73,38260.81,38260.81,USD,USD,BANK-79481118,False,normal,38260.81,0
TXN-0004542,SUP-0003,Aircraft Components,INV-687-2026-003372,PO-2025-003372,2025-07-28,2025-09-11,45,28396.87,25561.47,25561.47,EUR,EUR,BANK-65317853,False,exact_duplicate,27862.0,1
TXN-0004854,SUP-0075,Aircraft Components,INV-909-2026-004854,PO-2025-004854,2025-07-28,2025-10-18,90,50030.26,47601.19,47601.19,USD,USD,BANK-35245775,False,normal,47601.19,0
TXN-0004936,SUP-0156,Information Technology,INV-378-2026-004936,PO-2025-004936,2025-07-28,2025-08-29,30,8263.74,6060.42,6060.42,AED,AED,BANK-35913857,False,normal,1650.25,0
TXN-0000139,SUP-0097,Information Technology,INV-138-2026-000139,PO-2026-000139,2025-07-29,2025-08-24,30,8279.53,6867.61,6867.61,USD,USD,BANK-93475211,False,normal,6867.61,0
TXN-0000438,SUP-0024,Ground Services,INV-683-2026-000438,PO-2025-000438,2025-07-29,2025-09-24,60,25321.65,21538.89,21538.89,EUR,EUR,BANK-33036857,False,normal,23477.39,0
TXN-0000910,SUP-0095,Ground Services,INV-357-2026-000910,PO-2025-000910,2025-07-29,2025-09-12,45,16969.67,14699.02,14699.02,USD,USD,BANK-36688168,False,normal,14699.02,0
TXN-0002291,SUP-0084,Maintenance,INV-398-2026-002291,PO-2026-002291,2025-07-29,2025-09-28,60,128007.46,107305.09,107305.09,USD,USD,BANK-22950775,False,normal,107305.09,0
TXN-0002411,SUP-0106,Facilities,INV-329-2026-002411,PO-2026-002411,2025-07-29,2025-08-16,30,17155.42,15638.5,15638.5,AED,AED,BANK-74386640,False,normal,4258.36,0
TXN-0002830,SUP-0136,Aircraft Components,INV-152-2026-002830,PO-2025-002830,2025-07-29,2025-10-19,90,5361.92,4927.22,4927.22,USD,USD,BANK-19530766,False,normal,4927.22,0
TXN-0003376,SUP-0104,Ground Services,INV-400-2026-003376,PO-2025-003376,2025-07-29,2025-08-17,30,3044.49,2637.9,2637.9,GBP,GBP,BANK-82371206,False,normal,3350.13,0
TXN-0004213,SUP-0049,Information Technology,INV-360-2026-004213,PO-2026-004213,2025-07-29,2025-08-19,30,31136.86,25301.28,25301.28,AED,AED,BANK-69549513,False,normal,6889.54,0
TXN-0004336,SUP-0110,Maintenance,INV-353-2026-004336,PO-2025-004336,2025-07-29,2025-08-22,30,142103.22,133084.28,133084.28,EUR,EUR,BANK-21795197,False,normal,145061.87,0
TXN-0004409,SUP-0078,Maintenance,INV-186-2026-004409,PO-2026-004409,2025-07-29,2025-09-27,60,3246.88,2363.46,2363.46,AED,AED,BANK-79966434,False,normal,643.57,0
TXN-0000384,SUP-0007,Professional Services,INV-385-2026-000384,PO-2025-000384,2025-07-30,2025-08-29,30,7839.57,5738.69,5738.69,EUR,EUR,BANK-31280989,False,normal,6255.17,0
TXN-0000423,SUP-0060,Ground Services,INV-723-2026-000423,PO-2026-000423,2025-07-30,2025-08-22,30,6136.42,5653.61,5653.61,USD,USD,BANK-31687351,False,normal,5653.61,0
TXN-0000658,SUP-0136,Maintenance,INV-144-2026-000658,PO-2025-000658,2025-07-30,2025-09-30,45,2160.49,1950.84,1950.84,USD,USD,BANK-19530766,False,normal,1950.84,0
TXN-0001043,SUP-0004,Information Technology,INV-179-2026-001043,PO-2026-001043,2025-07-30,2025-08-30,30,1857.05,1679.29,1679.29,AED,AED,BANK-92441065,False,normal,457.27,0
TXN-0001174,SUP-0041,Aircraft Components,INV-959-2026-001174,PO-2025-001174,2025-07-30,2025-09-23,45,8479.59,7674.37,7674.37,USD,USD,BANK-90410196,False,normal,7674.37,0
TXN-0002410,SUP-0086,Aircraft Components,INV-253-2026-002410,PO-2025-002410,2025-07-30,2025-09-05,30,17227.79,13416.41,13416.41,USD,USD,BANK-11254265,False,normal,13416.41,0
TXN-0003210,SUP-0103,Maintenance,INV-774-2026-003210,PO-2025-003210,2025-07-30,2025-09-11,45,615.58,575.71,575.71,USD,USD,BANK-87788293,False,normal,575.71,0
TXN-0003369,SUP-0078,Information Technology,INV-788-2026-003369,PO-2026-003369,2025-07-30,2025-09-26,60,8523.3,6241.69,6241.69,AED,AED,BANK-79966434,False,normal,1699.61,0
TXN-0004190,SUP-0060,Maintenance,INV-598-2026-004190,PO-2025-004190,2025-07-30,2025-09-28,60,18069.16,15137.91,15137.91,USD,USD,BANK-31687351,False,normal,15137.91,0
TXN-0004584,SUP-0154,Facilities,INV-799-2026-004584,PO-2025-004584,2025-07-30,2025-10-30,90,591.88,436.23,436.23,AED,AED,BANK-69720522,False,normal,118.79,0
TXN-0000232,SUP-0079,Professional Services,INV-163-2026-000232,PO-2025-000232,2025-07-31,2025-08-30,30,2313.38,2103.18,2103.18,AED,AED,BANK-38837550,False,normal,572.7,0
TXN-0000416,SUP-0007,Professional Services,INV-727-2026-000416,PO-2025-000416,2025-07-31,2025-09-07,45,1068.93,772.97,772.97,EUR,EUR,BANK-31280989,False,normal,842.54,0
TXN-0001232,SUP-0061,Aircraft Components,INV-666-2026-001232,PO-2025-001232,2025-07-31,2025-09-04,30,18867.3,13645.42,13645.42,AED,AED,BANK-12871994,False,normal,3715.65,0
TXN-0001243,SUP-0072,Facilities,INV-130-2026-001243,PO-2026-001243,2025-07-31,2025-10-02,60,19372.05,16712.24,16712.24,USD,USD,BANK-88710582,False,normal,16712.24,0
TXN-0001306,SUP-0141,Professional Services,INV-845-2026-001306,PO-2025-001306,2025-07-31,2025-09-08,30,5938.81,5325.49,5325.49,AED,AED,BANK-10585992,False,normal,1450.13,0
TXN-0001775,SUP-0004,Information Technology,INV-113-2026-001775,PO-2026-001775,2025-07-31,2025-09-19,45,52744.99,45711.68,45711.68,AED,AED,BANK-92441065,False,normal,12447.29,0
TXN-0001922,SUP-0114,Aircraft Components,INV-794-2026-001922,PO-2025-001922,2025-07-31,2025-09-05,30,10395.68,8126.2,13500.91,AED,AED,BANK-93480628,False,overpayment,3676.3,1
TXN-0001959,SUP-0096,Professional Services,INV-704-2026-001959,PO-2026-001959,2025-07-31,2025-09-11,30,8839.7,6702.54,6702.54,AED,AED,BANK-55569693,False,normal,1825.1,0
TXN-0002181,SUP-0039,Information Technology,INV-281-2026-002181,PO-2026-002181,2025-07-31,2025-09-15,30,56269.83,56076.99,56076.99,USD,USD,BANK-90171323,False,normal,56076.99,0
TXN-0003404,SUP-0132,Information Technology,INV-580-2026-003404,PO-2025-003404,2025-07-31,2025-09-06,45,25040.32,20640.5,20640.5,GBP,GBP,BANK-59967823,False,normal,26213.44,0
TXN-0003861,SUP-0008,Information Technology,INV-284-2026-003861,PO-2026-003861,2025-07-31,2025-08-31,30,2953.55,2511.67,2511.67,EUR,EUR,BANK-22713593,False,normal,2737.72,0
TXN-0004436,SUP-0140,Facilities,INV-935-2026-004436,PO-2025-004436,2025-07-31,2025-10-05,60,4585.27,4005.27,4005.27,USD,USD,BANK-47720288,False,normal,4005.27,0
TXN-0004545,SUP-0004,Information Technology,INV-179-2026-001043,PO-2026-001043,2025-07-31,2025-08-30,30,1857.05,1679.29,1679.29,AED,AED,BANK-92441065,False,exact_duplicate,457.27,1
TXN-0000323,SUP-0063,Ground Services,INV-780-2026-000323,PO-2026-000323,2025-08-01,2025-09-21,45,8749.58,6845.65,6845.65,AED,AED,BANK-16087857,False,normal,1864.07,0
TXN-0000504,SUP-0126,Facilities,INV-248-2026-000504,PO-2025-000504,2025-08-01,2025-09-17,45,7329.43,6657.14,6657.14,AED,AED,BANK-35780160,False,normal,1812.74,0
TXN-0000814,SUP-0005,Information Technology,INV-721-2026-000814,PO-2025-000814,2025-08-01,2025-09-01,30,14627.02,10795.6,10795.6,USD,USD,BANK-97763977,False,normal,10795.6,0
TXN-0000971,SUP-0158,Information Technology,INV-282-2026-000971,PO-2026-000971,2025-08-01,2025-09-12,45,8265.93,6571.49,6571.49,AED,AED,BANK-32546185,False,normal,1789.42,0
TXN-0002547,SUP-0091,Information Technology,INV-271-2026-002547,PO-2026-002547,2025-08-01,2025-10-01,60,3620.82,3388.01,3388.01,USD,USD,BANK-11616527,False,normal,3388.01,0
TXN-0002913,SUP-0002,Information Technology,INV-817-2026-002913,PO-2026-002913,2025-08-01,2025-08-21,30,30809.68,27090.03,27090.03,USD,USD,BANK-19696685,False,normal,27090.03,0
TXN-0003107,SUP-0158,Professional Services,INV-852-2026-003107,PO-2026-003107,2025-08-01,2025-08-28,30,17448.18,17335.11,17335.11,AED,AED,BANK-32546185,False,normal,4720.35,0
TXN-0003810,SUP-0160,Maintenance,INV-114-2026-003810,PO-2025-003810,2025-08-01,2025-08-29,30,5053.99,3702.62,3702.62,EUR,EUR,BANK-51670701,False,normal,4035.86,0
TXN-0003828,SUP-0016,Information Technology,INV-871-2026-003828,PO-2025-003828,2025-08-01,2025-10-16,60,19947.13,15485.47,15485.47,USD,USD,BANK-96689067,False,normal,15485.47,0
TXN-0003869,SUP-0078,Ground Services,INV-683-2026-003869,PO-2026-003869,2025-08-01,2025-09-09,30,5599.49,4324.56,4324.56,AED,AED,BANK-79966434,False,normal,1177.58,0
TXN-0000397,SUP-0072,Maintenance,INV-987-2026-000397,PO-2026-000397,2025-08-02,2025-09-26,60,6393.3,5142.56,5142.56,USD,USD,BANK-88710582,False,normal,5142.56,0
TXN-0001107,SUP-0062,Maintenance,INV-397-2026-001107,PO-2026-001107,2025-08-02,2025-09-22,45,5077.16,5926.97,5926.97,AED,AED,BANK-21048213,False,invoice_above_po,1613.91,1
TXN-0001447,SUP-0134,Information Technology,INV-925-2026-001447,PO-2026-001447,2025-08-02,2025-10-05,60,3377.93,2447.76,2447.76,USD,USD,BANK-67057759,False,normal,2447.76,0
TXN-0002034,SUP-0160,Aircraft Components,INV-745-2026-002034,PO-2025-002034,2025-08-02,2025-09-07,45,29059.07,28112.72,28112.72,EUR,EUR,BANK-51670701,False,normal,30642.86,0
TXN-0002251,SUP-0092,Professional Services,INV-677-2026-002251,PO-2026-002251,2025-08-02,2025-09-05,30,15823.66,12764.04,12764.04,AED,AED,BANK-70989279,False,normal,3475.65,0
TXN-0002477,SUP-0078,Maintenance,INV18620260044A09,PO-2026-004409,2025-08-02,2025-10-01,60,3246.88,2363.46,2363.46,AED,AED,BANK-79966434,False,near_duplicate,643.57,1
TXN-0002728,SUP-0155,Professional Services,INV-429-2026-002728,PO-2025-002728,2025-08-02,2025-09-12,30,15885.2,11677.96,11677.96,USD,USD,BANK-19822959,False,normal,11677.96,0
TXN-0003632,SUP-0021,Aircraft Components,INV-258-2026-003632,PO-2025-003632,2025-08-02,2025-09-12,45,33660.4,33030.57,33030.57,EUR,EUR,BANK-65967398,False,normal,36003.32,0
TXN-0004313,SUP-0063,Ground Services,INV-381-2026-004313,PO-2026-004313,2025-08-02,2025-09-12,30,1729.29,1308.68,1308.68,AED,AED,BANK-16087857,False,normal,356.35,0
TXN-0004787,SUP-0039,Facilities,INV-449-2026-004787,PO-2026-004787,2025-08-02,2025-08-18,30,29963.54,27963.34,27963.34,USD,USD,BANK-90171323,False,normal,27963.34,0
TXN-0000747,SUP-0015,Maintenance,INV61820260010A57,PO-2026-001057,2025-08-03,2025-10-02,60,9834.1,9428.9,9428.9,USD,USD,BANK-82742631,False,near_duplicate,9428.9,1
TXN-0001046,SUP-0002,Aircraft Components,INV-354-2026-001046,PO-2025-001046,2025-08-03,2025-09-05,30,4845.81,3723.35,3723.35,USD,USD,BANK-19696685,False,normal,3723.35,0
TXN-0001211,SUP-0076,Professional Services,INV-720-2026-001211,PO-2026-001211,2025-08-03,2025-08-29,30,31115.36,30637.21,30637.21,USD,USD,BANK-37929130,False,normal,30637.21,0
TXN-0001601,SUP-0118,Maintenance,INV-360-2026-001601,PO-2026-001601,2025-08-03,2025-10-21,90,8357.94,10108.99,10108.99,AED,AED,BANK-37085381,False,invoice_above_po,2752.68,1
TXN-0001605,SUP-0142,Maintenance,INV-683-2026-001605,PO-2026-001605,2025-08-03,2025-11-05,90,30214.14,24309.49,24309.49,AED,AED,BANK-96960871,False,normal,6619.47,0
TXN-0001696,SUP-0039,Ground Services,INV-797-2026-001696,PO-2025-001696,2025-08-03,2025-09-23,60,1354.68,1022.73,1022.73,USD,USD,BANK-90171323,False,normal,1022.73,0
TXN-0001859,SUP-0095,Aircraft Components,INV-369-2026-001859,PO-2026-001859,2025-08-03,2025-10-29,90,5127.42,4149.58,4149.58,USD,USD,BANK-36688168,False,normal,4149.58,0
TXN-0002695,SUP-0036,Facilities,INV-589-2026-002695,PO-2026-002695,2025-08-03,2025-09-18,30,5699.37,4133.59,4133.59,USD,USD,BANK-90250953,False,normal,4133.59,0
TXN-0002848,SUP-0136,Ground Services,INV-993-2026-002848,PO-2025-002848,2025-08-03,2025-09-09,30,8410.09,7687.9,7687.9,USD,USD,BANK-19530766,False,normal,7687.9,0
TXN-0003510,SUP-0054,Aircraft Components,INV-566-2026-003510,PO-2025-003510,2025-08-03,2025-08-31,30,19079.9,17657.87,17657.87,AED,AED,BANK-77211064,False,normal,4808.24,0
TXN-0003664,SUP-0063,Information Technology,INV-305-2026-003664,PO-2025-003664,2025-08-03,2025-09-18,30,5359.61,5089.89,5089.89,AED,AED,BANK-16087857,False,normal,1385.98,0
TXN-0003679,SUP-0115,Maintenance,INV-143-2026-003679,PO-2026-003679,2025-08-03,2025-08-28,30,12104.56,10611.46,10611.46,USD,USD,BANK-17278259,False,normal,10611.46,0
TXN-0003781,SUP-0057,Information Technology,INV-123-2026-003781,PO-2026-003781,2025-08-03,2025-09-15,45,4555.27,3324.64,3324.64,USD,USD,BANK-10477636,False,normal,3324.64,0
TXN-0004111,SUP-0144,Professional Services,INV-537-2026-004111,PO-2026-004111,2025-08-03,2025-10-15,60,1703.21,1543.56,1543.56,AED,AED,BANK-63643829,False,normal,420.31,0
TXN-0004187,SUP-0034,Maintenance,INV-172-2026-004187,PO-2026-004187,2025-08-03,2025-09-23,45,37839.41,37322.75,37322.75,USD,USD,BANK-99313799,False,normal,37322.75,0
TXN-0004271,SUP-0092,Maintenance,INV-710-2026-004271,PO-2026-004271,2025-08-03,2025-09-23,45,10623.91,10398.49,10398.49,AED,AED,BANK-70989279,False,normal,2831.51,0
TXN-0005086,SUP-0111,Information Technology,INV-356-2026-005086,PO-2025-005086,2025-08-03,2025-09-08,30,47052.53,40762.62,40762.62,USD,USD,BANK-49045227,False,normal,40762.62,0
TXN-0005253,SUP-0036,Ground Services,INV-517-2026-005253,PO-2026-005253,2025-08-03,2025-09-08,30,29300.41,27949.89,27949.89,USD,USD,BANK-90250953,False,normal,27949.89,0
TXN-0000244,SUP-0106,Information Technology,INV-922-2026-000244,PO-2025-000244,2025-08-04,2025-09-08,30,14969.43,12491.85,12491.85,AED,AED,BANK-74386640,False,normal,3401.53,0
TXN-0000447,SUP-0042,Ground Services,INV-763-2026-000447,PO-2026-000447,2025-08-04,2025-09-26,45,28043.96,26458.82,26458.82,EUR,EUR,BANK-20438281,False,normal,28840.11,0
TXN-0000780,SUP-0006,Aircraft Components,INV-437-2026-000780,PO-2025-000780,2025-08-04,2025-10-15,60,120072.72,99715.92,99715.92,GBP,GBP,BANK-30719258,False,normal,126639.22,0
TXN-0001408,SUP-0114,Facilities,INV-693-2026-001408,PO-2025-001408,2025-08-04,2025-10-29,90,40945.71,34360.11,34360.11,AED,AED,BANK-93480628,False,normal,9356.26,0
TXN-0002352,SUP-0144,Maintenance,INV-119-2026-002352,PO-2025-002352,2025-08-04,2025-09-13,45,17216.7,16212.61,16212.61,AED,AED,BANK-63643829,False,normal,4414.69,0
TXN-0003351,SUP-0032,Ground Services,INV-723-2026-003351,PO-2026-003351,2025-08-04,2025-09-10,30,16524.23,16487.21,16487.21,GBP,GBP,BANK-49158734,False,normal,20938.76,0
TXN-0004693,SUP-0014,Professional Services,INV-275-2026-004693,PO-2026-004693,2025-08-04,2025-10-08,60,15884.61,14836.1,14836.1,EUR,EUR,BANK-51403053,False,normal,16171.35,0
TXN-0000206,SUP-0128,Information Technology,INV-460-2026-000206,PO-2025-000206,2025-08-05,2025-10-13,60,7333.89,6774.62,6774.62,USD,USD,BANK-93232757,False,normal,6774.62,0
TXN-0000277,SUP-0152,Aircraft Components,INV-250-2026-000277,PO-2026-000277,2025-08-05,2025-09-04,30,500.0,396.15,396.15,EUR,EUR,BANK-86228158,False,normal,431.8,0
TXN-0000358,SUP-0006,Professional Services,INV-756-2026-000358,PO-2025-000358,2025-08-05,2025-09-05,30,121930.18,97385.75,97385.75,GBP,GBP,BANK-30719258,False,normal,123679.9,0
TXN-0000441,SUP-0087,Ground Services,INV-112-2026-000441,PO-2026-000441,2025-08-05,2025-09-21,30,14082.94,12779.57,12779.57,AED,AED,BANK-25685067,False,normal,3479.88,0
TXN-0001063,SUP-0080,Ground Services,INV-179-2026-001063,PO-2026-001063,2025-08-05,2025-10-08,60,40122.02,37521.82,37521.82,EUR,EUR,BANK-97464377,False,normal,40898.78,0
TXN-0001080,SUP-0073,Maintenance,INV-218-2026-001080,PO-2025-001080,2025-08-05,2025-09-11,30,3625.96,2814.6,2814.6,EUR,EUR,BANK-14030635,False,normal,3067.91,0
TXN-0001548,SUP-0109,Information Technology,INV-294-2026-001548,PO-2025-001548,2025-08-05,2025-09-27,45,7993.42,6134.06,6134.06,USD,USD,BANK-84335845,False,normal,6134.06,0
TXN-0002253,SUP-0079,Facilities,INV-954-2026-002253,PO-2026-002253,2025-08-05,2025-09-08,30,15179.45,12358.21,12358.21,AED,AED,BANK-38837550,False,normal,3365.14,0
TXN-0002603,SUP-0038,Ground Services,INV-602-2026-002603,PO-2026-002603,2025-08-05,2025-10-15,90,10104.28,7900.08,7900.08,AED,AED,BANK-86107842,False,normal,2151.19,0
TXN-0003194,SUP-0118,Ground Services,INV-692-2026-003194,PO-2025-003194,2025-08-05,2025-09-09,45,1300.95,1160.34,1160.34,AED,AED,BANK-37085381,False,normal,315.96,0
TXN-0003862,SUP-0025,Professional Services,INV-430-2026-003862,PO-2025-003862,2025-08-05,2025-10-07,60,31217.43,24504.61,24504.61,EUR,EUR,BANK-99224451,False,normal,26710.02,0
TXN-0004443,SUP-0030,Maintenance,INV-280-2026-004443,PO-2026-004443,2025-08-05,2025-11-01,90,22180.28,20271.66,20271.66,AED,AED,BANK-14041955,False,normal,5519.97,0
TXN-0004662,SUP-0133,Information Technology,INV-995-2026-004662,PO-2025-004662,2025-08-05,2025-09-05,30,12822.05,10391.16,10391.16,AED,AED,BANK-23338758,False,normal,2829.51,0
TXN-0005371,SUP-0076,Aircraft Components,INV-148-2026-005371,PO-2026-005371,2025-08-05,2025-10-01,60,15067.03,11111.3,11111.3,USD,USD,BANK-37929130,False,normal,11111.3,0
TXN-0000452,SUP-0024,Professional Services,INV-707-2026-000452,PO-2025-000452,2025-08-06,2025-09-16,30,7039.06,5215.31,6065.2,EUR,EUR,BANK-33036857,False,overpayment,6611.07,1
TXN-0002064,SUP-0021,Maintenance,INV-834-2026-002064,PO-2025-002064,2025-08-06,2025-10-11,60,7449.15,6726.59,6726.59,EUR,EUR,BANK-65967398,False,normal,7331.98,0
TXN-0002314,SUP-0064,Maintenance,INV-374-2026-002314,PO-2025-002314,2025-08-06,2025-09-11,45,3718.9,2758.85,2758.85,EUR,EUR,BANK-84800139,False,normal,3007.15,0
TXN-0002579,SUP-0114,Ground Services,INV-212-2026-002579,PO-2026-002579,2025-08-06,2025-10-15,60,18499.15,14103.64,14103.64,AED,AED,BANK-93480628,False,normal,3840.42,0
TXN-0003055,SUP-0118,Ground Services,INV-694-2026-003055,PO-2026-003055,2025-08-06,2025-09-16,45,8344.05,6688.07,6688.07,AED,AED,BANK-37085381,False,normal,1821.16,0
TXN-0003319,SUP-0004,Information Technology,INV-235-2026-003319,PO-2026-003319,2025-08-06,2025-10-03,45,18280.7,16747.67,16747.67,AED,AED,BANK-92441065,False,normal,4560.39,0
TXN-0003793,SUP-0118,Aircraft Components,INV-860-2026-003793,PO-2026-003793,2025-08-06,2025-10-16,60,3040.63,2714.83,2714.83,AED,AED,BANK-37085381,False,normal,739.25,0
TXN-0004520,SUP-0153,Information Technology,INV-415-2026-004520,PO-2025-004520,2025-08-06,2025-10-16,90,50348.98,36253.41,36253.41,USD,USD,BANK-11605310,False,normal,36253.41,0
TXN-0004537,SUP-0110,Maintenance,INV-774-2026-004537,PO-2026-004537,2025-08-06,2025-09-15,30,9348.38,8019.86,8019.86,EUR,EUR,BANK-21795197,False,normal,8741.65,0
TXN-0004653,SUP-0013,Maintenance,INV-793-2026-004653,PO-2026-004653,2025-08-06,2025-09-12,30,100591.37,96909.82,96909.82,AED,AED,BANK-84681076,False,normal,26388.54,0
TXN-0004750,SUP-0138,Maintenance,INV-671-2026-004750,PO-2025-004750,2025-08-06,2025-10-04,60,12209.87,12166.78,12166.78,AED,AED,BANK-22630563,False,normal,3313.01,0
TXN-0004793,SUP-0061,Maintenance,INV-950-2026-004793,PO-2026-004793,2025-08-06,2025-09-19,60,8733.59,7246.33,7246.33,AED,AED,BANK-12871994,False,normal,1973.18,0
TXN-0004823,SUP-0011,Aircraft Components,INV-733-2026-004823,PO-2026-004823,2025-08-06,2025-09-14,45,66169.91,53909.23,53909.23,USD,USD,BANK-43383005,False,normal,53909.23,0
TXN-0004857,SUP-0091,Maintenance,INV-873-2026-004857,PO-2026-004857,2025-08-06,2025-08-30,30,11704.3,8959.33,8959.33,USD,USD,BANK-11616527,False,normal,8959.33,0
TXN-0005527,SUP-0106,Ground Services,INV-819-2026-005527,PO-2026-005527,2025-08-06,2025-09-11,60,47081.79,37973.33,37973.33,AED,AED,BANK-74386640,False,normal,10340.14,0
TXN-0000087,SUP-0046,Information Technology,INV-175-2026-000087,PO-2026-000087,2025-08-07,2025-09-14,45,21273.79,19439.94,19439.94,EUR,EUR,BANK-11990275,False,normal,21189.53,0
TXN-0000195,SUP-0116,Maintenance,INV-194-2026-000195,PO-2026-000195,2025-08-07,2025-10-08,60,4371.21,3152.7,3152.7,EUR,EUR,BANK-45782037,False,normal,3436.44,0
TXN-0000945,SUP-0076,Facilities,INV-196-2026-000945,PO-2026-000945,2025-08-07,2025-10-09,60,3779.43,3709.06,3709.06,USD,USD,BANK-37929130,False,normal,3709.06,0
TXN-0001235,SUP-0015,Maintenance,INV-583-2026-001235,PO-2026-001235,2025-08-07,2025-09-07,30,21384.44,15417.05,15417.05,USD,USD,BANK-82742631,False,normal,15417.05,0
TXN-0001271,SUP-0056,Aircraft Components,INV-663-2026-001271,PO-2026-001271,2025-08-07,2025-08-21,30,17654.84,14262.64,14262.64,EUR,EUR,BANK-33621446,False,normal,15546.28,0
TXN-0001292,SUP-0027,Aircraft Components,INV-381-2026-001292,PO-2025-001292,2025-08-07,2025-10-28,90,3346.03,3302.44,3302.44,AED,AED,BANK-26263179,False,normal,899.25,0
TXN-0001296,SUP-0055,Professional Services,INV-530-2026-001296,PO-2025-001296,2025-08-07,2025-10-10,60,55100.23,44511.97,44511.97,AED,AED,BANK-44199230,False,normal,12120.61,0
TXN-0001561,SUP-0073,Ground Services,INV-643-2026-001561,PO-2026-001561,2025-08-07,2025-09-27,45,13175.19,11381.12,11381.12,EUR,EUR,BANK-14030635,False,normal,12405.42,0
TXN-0002072,SUP-0139,Facilities,INV-771-2026-002072,PO-2025-002072,2025-08-07,2025-10-10,60,11186.47,11131.1,11131.1,EUR,EUR,BANK-77394363,False,normal,12132.9,0
TXN-0002138,SUP-0148,Maintenance,INV-537-2026-002138,PO-2025-002138,2025-08-07,2025-09-09,30,13757.04,11816.46,11816.46,AED,AED,BANK-48887190,False,normal,3217.62,0
TXN-0004654,SUP-0160,Professional Services,INV-849-2026-004654,PO-2025-004654,2025-08-07,2025-09-24,30,7630.55,6877.02,6877.02,EUR,EUR,BANK-51670701,False,normal,7495.95,0
TXN-0000450,SUP-0151,Ground Services,INV-215-2026-000450,PO-2025-000450,2025-08-08,2025-09-24,60,8580.08,6763.5,6763.5,EUR,EUR,BANK-80628709,False,normal,7372.22,0
TXN-0000528,SUP-0051,Aircraft Components,INV-813-2026-000528,PO-2025-000528,2025-08-08,2025-08-16,30,29750.44,27153.62,27153.62,USD,USD,BANK-43629195,False,normal,27153.62,0
TXN-0000542,SUP-0045,Professional Services,INV-774-2026-000542,PO-2025-000542,2025-08-08,2025-09-12,30,11276.67,10395.75,10395.75,EUR,EUR,BANK-38433614,False,normal,11331.37,0
TXN-0001749,SUP-0095,Maintenance,INV-865-2026-001749,PO-2026-001749,2025-08-08,2025-09-12,30,6499.96,5468.53,5468.53,USD,USD,BANK-36688168,False,normal,5468.53,0
TXN-0002074,SUP-0095,Professional Services,INV-621-2026-002074,PO-2025-002074,2025-08-08,2025-09-02,30,1519.18,1506.02,1506.02,USD,USD,BANK-36688168,False,normal,1506.02,0
TXN-0002275,SUP-0022,Maintenance,INV-688-2026-002275,PO-2026-002275,2025-08-08,2025-10-15,45,27299.03,21873.28,21873.28,USD,USD,BANK-56355141,False,normal,21873.28,0
TXN-0003067,SUP-0151,Aircraft Components,INV-911-2026-003067,PO-2026-003067,2025-08-08,2025-11-12,90,21962.13,19240.28,19240.28,EUR,EUR,BANK-80628709,False,normal,20971.91,0
TXN-0003879,SUP-0093,Information Technology,INV-936-2026-003879,PO-2026-003879,2025-08-08,2025-09-13,30,54174.64,47770.62,47770.62,USD,USD,BANK-97237891,False,normal,47770.62,0
TXN-0004323,SUP-0063,Aircraft Components,INV-110-2026-004323,PO-2026-004323,2025-08-08,2025-09-15,30,14867.74,10864.66,10864.66,AED,AED,BANK-16087857,False,normal,2958.45,0
TXN-0000314,SUP-0071,Information Technology,INV-435-2026-000314,PO-2025-000314,2025-08-09,2025-09-01,30,3185.89,3096.84,3096.84,USD,USD,BANK-74793410,False,normal,3096.84,0
TXN-0000810,SUP-0083,Maintenance,INV-927-2026-000810,PO-2025-000810,2025-08-09,2025-09-04,30,3364.44,3221.24,3221.24,EUR,EUR,BANK-49032895,False,normal,3511.15,0
TXN-0001034,SUP-0074,Information Technology,INV-597-2026-001034,PO-2025-001034,2025-08-09,2025-09-29,45,10924.67,9870.53,9870.53,USD,USD,BANK-27679119,False,normal,9870.53,0
TXN-0001449,SUP-0024,Facilities,INV-572-2026-001449,PO-2026-001449,2025-08-09,2025-09-21,30,6056.4,4766.73,4766.73,EUR,EUR,BANK-33036857,False,normal,5195.74,0
TXN-0002041,SUP-0075,Facilities,INV-728-2026-002041,PO-2026-002041,2025-08-09,2025-09-10,30,10596.94,8707.95,8707.95,USD,USD,BANK-35245775,False,normal,8707.95,0
TXN-0003000,SUP-0047,Aircraft Components,INV80120260042A39,PO-2026-004239,2025-08-09,2025-09-08,30,41656.73,38260.81,38260.81,USD,USD,BANK-79481118,False,near_duplicate,38260.81,1
TXN-0003629,SUP-0047,Information Technology,INV-978-2026-003629,PO-2026-003629,2025-08-09,2025-08-17,30,5753.88,4981.24,4981.24,USD,USD,BANK-79481118,False,normal,4981.24,0
TXN-0003742,SUP-0099,Information Technology,INV-475-2026-003742,PO-2025-003742,2025-08-09,2025-09-27,45,3260.96,3025.25,3025.25,USD,USD,BANK-78956930,False,normal,3025.25,0
TXN-0004118,SUP-0122,Information Technology,INV-696-2026-004118,PO-2025-004118,2025-08-09,2025-10-23,60,28911.8,22068.92,22068.92,AED,AED,BANK-69657778,False,normal,6009.37,0
TXN-0005096,SUP-0134,Maintenance,INV-194-2026-005096,PO-2025-005096,2025-08-09,2025-09-20,30,10421.23,10031.43,10031.43,USD,USD,BANK-67057759,False,normal,10031.43,0
TXN-0005272,SUP-0085,Information Technology,INV-955-2026-005272,PO-2025-005272,2025-08-09,2025-09-09,30,13227.61,10160.8,10160.8,USD,USD,BANK-94093522,False,normal,10160.8,0
TXN-0000556,SUP-0138,Information Technology,INV-877-2026-000556,PO-2025-000556,2025-08-10,2025-09-05,45,17188.72,15153.81,15153.81,AED,AED,BANK-22630563,False,normal,4126.38,0
TXN-0000985,SUP-0144,Information Technology,INV-967-2026-000985,PO-2026-000985,2025-08-10,2025-11-06,90,13254.16,10146.82,10146.82,AED,AED,NEW-75591302,True,bank_change,2762.98,1
TXN-0002267,SUP-0094,Information Technology,INV-517-2026-002267,PO-2026-002267,2025-08-10,2025-09-11,30,12641.64,10806.22,10806.22,USD,USD,BANK-20964925,False,normal,10806.22,0
TXN-0003230,SUP-0046,Aircraft Components,INV-549-2026-003230,PO-2025-003230,2025-08-10,2025-10-12,45,1078.31,992.25,992.25,EUR,EUR,BANK-11990275,False,normal,1081.55,0
TXN-0004757,SUP-0146,Aircraft Components,INV-993-2026-004757,PO-2026-004757,2025-08-10,2025-09-11,30,58417.28,53520.04,53520.04,USD,USD,BANK-76449297,False,normal,53520.04,0
TXN-0000635,SUP-0003,Maintenance,INV-540-2026-000635,PO-2026-000635,2025-08-11,2025-09-04,30,3670.53,2800.68,2800.68,EUR,EUR,BANK-65317853,False,normal,3052.74,0
TXN-0002417,SUP-0139,Ground Services,INV-227-2026-002417,PO-2026-002417,2025-08-11,2025-10-03,45,50880.95,45982.88,45982.88,EUR,EUR,BANK-77394363,False,normal,50121.34,0
TXN-0002550,SUP-0153,Aircraft Components,INV-166-2026-002550,PO-2025-002550,2025-08-11,2025-09-08,30,36159.27,35171.25,35171.25,USD,USD,BANK-11605310,False,normal,35171.25,0
TXN-0000021,SUP-0085,Maintenance,INV-829-2026-000021,PO-2026-000021,2025-08-12,2025-10-11,60,26281.52,24242.79,24242.79,USD,USD,BANK-94093522,False,normal,24242.79,0
TXN-0000218,SUP-0028,Ground Services,INV-839-2026-000218,PO-2025-000218,2025-08-12,2025-09-10,30,4190.47,4152.83,4152.83,USD,USD,BANK-24814703,False,normal,4152.83,0
TXN-0000288,SUP-0087,Ground Services,INV11220260004A41,PO-2026-000441,2025-08-12,2025-09-11,30,14082.94,12779.57,12779.57,AED,AED,BANK-25685067,False,near_duplicate,3479.88,1
TXN-0001497,SUP-0009,Aircraft Components,INV-217-2026-001497,PO-2026-001497,2025-08-12,2025-10-14,60,14595.33,12652.08,12652.08,USD,USD,BANK-59936721,False,normal,12652.08,0
TXN-0001713,SUP-0092,Maintenance,INV-337-2026-001713,PO-2026-001713,2025-08-12,2025-09-14,30,9499.25,9236.33,9236.33,AED,AED,BANK-70989279,False,normal,2515.05,0
TXN-0002211,SUP-0021,Professional Services,INV-351-2026-002211,PO-2026-002211,2025-08-12,2025-09-18,30,5333.14,4710.15,4710.15,EUR,EUR,BANK-65967398,False,normal,5134.06,0
TXN-0002385,SUP-0046,Facilities,INV-215-2026-002385,PO-2026-002385,2025-08-12,2025-09-05,30,22996.08,18293.37,18293.37,EUR,EUR,BANK-11990275,False,normal,19939.77,0
TXN-0003867,SUP-0089,Professional Services,INV-919-2026-003867,PO-2026-003867,2025-08-12,2025-09-20,45,8174.73,8065.21,8065.21,USD,USD,BANK-35136775,False,normal,8065.21,0
TXN-0004703,SUP-0131,Information Technology,INV-938-2026-004703,PO-2026-004703,2025-08-12,2025-09-08,30,3129.64,2614.37,2614.37,USD,USD,BANK-63724249,False,normal,2614.37,0
TXN-0004836,SUP-0135,Facilities,INV-129-2026-004836,PO-2025-004836,2025-08-12,2025-08-29,30,3262.56,2979.07,2979.07,AED,AED,BANK-85671420,False,normal,811.2,0
TXN-0005380,SUP-0091,Facilities,INV-175-2026-005380,PO-2025-005380,2025-08-12,2025-10-06,60,73851.3,53282.02,53282.02,USD,USD,BANK-11616527,False,normal,53282.02,0
TXN-0000011,SUP-0020,Ground Services,INV-108-2026-000011,PO-2026-000011,2025-08-13,2025-09-28,60,6152.18,4578.41,4578.41,AED,AED,BANK-36182605,False,normal,1246.7,0
TXN-0001059,SUP-0037,Information Technology,INV-944-2026-001059,PO-2026-001059,2025-08-13,2025-09-01,30,16973.6,12296.77,12296.77,USD,USD,BANK-18183594,False,normal,12296.77,0
TXN-0002389,SUP-0062,Ground Services,INV-634-2026-002389,PO-2026-002389,2025-08-13,2025-09-19,45,19743.49,15217.96,15217.96,AED,AED,BANK-21048213,False,normal,4143.85,0
TXN-0002511,SUP-0049,Ground Services,INV-587-2026-002511,PO-2026-002511,2025-08-13,2025-11-13,90,6078.23,5008.2,5008.2,AED,AED,BANK-69549513,False,normal,1363.73,0
TXN-0003011,SUP-0017,Aircraft Components,INV-897-2026-003011,PO-2026-003011,2025-08-13,2025-10-04,60,6661.48,6296.42,6296.42,AED,AED,BANK-38542500,False,normal,1714.52,0
TXN-0003223,SUP-0079,Aircraft Components,INV-800-2026-003223,PO-2026-003223,2025-08-13,2025-09-29,30,13300.35,10379.08,10379.08,AED,AED,BANK-38837550,False,normal,2826.22,0
TXN-0003737,SUP-0133,Maintenance,INV-231-2026-003737,PO-2026-003737,2025-08-13,2025-09-20,45,7573.35,5493.59,5493.59,AED,AED,BANK-23338758,False,normal,1495.9,0
TXN-0003878,SUP-0155,Professional Services,INV-232-2026-003878,PO-2025-003878,2025-08-13,2025-09-28,45,20926.86,18718.31,18718.31,USD,USD,BANK-19822959,False,normal,18718.31,0
TXN-0004861,SUP-0080,Facilities,INV-302-2026-004861,PO-2026-004861,2025-08-13,2025-10-18,60,8762.74,7254.59,7254.59,EUR,EUR,BANK-97464377,False,normal,7907.5,0
TXN-0005382,SUP-0142,Information Technology,INV-674-2026-005382,PO-2025-005382,2025-08-13,2025-10-09,45,6083.53,6075.43,6075.43,AED,AED,BANK-96960871,False,normal,1654.34,0
TXN-0005497,SUP-0149,Aircraft Components,INV-456-2026-005497,PO-2026-005497,2025-08-13,2025-10-16,60,32013.87,29687.43,29687.43,USD,USD,BANK-52064343,False,normal,29687.43,0
TXN-0005526,SUP-0124,Professional Services,INV-520-2026-005526,PO-2025-005526,2025-08-13,2025-09-24,45,7011.25,6441.85,6441.85,USD,USD,BANK-96006092,False,normal,6441.85,0
TXN-0000649,SUP-0099,Aircraft Components,INV-956-2026-000649,PO-2026-000649,2025-08-14,2025-09-25,30,8008.81,6674.09,6674.09,USD,USD,BANK-78956930,False,normal,6674.09,0
TXN-0001860,SUP-0042,Professional Services,INV-217-2026-001860,PO-2025-001860,2025-08-14,2025-10-15,60,26804.96,26408.3,26408.3,EUR,EUR,BANK-20438281,False,normal,28785.05,0
TXN-0002309,SUP-0072,Maintenance,INV98720260003A97,PO-2026-000397,2025-08-14,2025-10-13,60,6393.3,5142.56,5142.56,USD,USD,BANK-88710582,False,near_duplicate,5142.56,1
TXN-0002675,SUP-0019,Aircraft Components,INV-665-2026-002675,PO-2026-002675,2025-08-14,2025-09-28,60,7045.09,6659.84,6659.84,EUR,EUR,BANK-67134797,False,normal,7259.23,0
TXN-0003012,SUP-0077,Aircraft Components,INV-197-2026-003012,PO-2025-003012,2025-08-14,2025-09-16,30,2238.62,1682.19,1682.19,USD,USD,BANK-99822506,False,normal,1682.19,0
TXN-0003031,SUP-0028,Professional Services,INV-180-2026-003031,PO-2026-003031,2025-08-14,2025-09-05,30,55625.48,54698.31,54698.31,USD,USD,BANK-24814703,False,normal,54698.31,0
TXN-0003138,SUP-0071,Information Technology,INV-643-2026-003138,PO-2025-003138,2025-08-14,2025-09-13,30,14135.01,12465.52,12465.52,USD,USD,BANK-74793410,False,normal,12465.52,0
TXN-0003354,SUP-0153,Aircraft Components,INV-727-2026-003354,PO-2025-003354,2025-08-14,2025-09-20,30,26225.69,24533.13,24533.13,USD,USD,BANK-11605310,False,normal,24533.13,0
TXN-0003501,SUP-0050,Maintenance,INV-956-2026-003501,PO-2026-003501,2025-08-14,2025-10-19,60,4634.1,4044.01,4044.01,USD,USD,BANK-46919792,False,normal,4044.01,0
TXN-0004852,SUP-0092,Ground Services,INV-127-2026-004852,PO-2025-004852,2025-08-14,2025-10-08,45,2486.91,2077.31,2077.31,AED,AED,BANK-70989279,False,normal,565.65,0
TXN-0005418,SUP-0125,Ground Services,INV-216-2026-005418,PO-2025-005418,2025-08-14,2025-10-14,60,19686.16,16126.1,16126.1,USD,USD,BANK-56892046,False,normal,16126.1,0
TXN-0000126,SUP-0075,Ground Services,INV-539-2026-000126,PO-2025-000126,2025-08-15,2025-09-18,45,8868.11,8204.91,8204.91,USD,USD,NEW-38288682,True,bank_change,8204.91,1
TXN-0000517,SUP-0090,Ground Services,INV-164-2026-000517,PO-2026-000517,2025-08-15,2025-10-05,45,56341.42,51292.92,51292.92,AED,AED,BANK-21863999,False,normal,13967.06,0
TXN-0000980,SUP-0018,Facilities,INV-948-2026-000980,PO-2025-000980,2025-08-15,2025-09-01,30,1016.65,1015.4,1015.4,USD,USD,BANK-95760944,False,normal,1015.4,0
TXN-0001347,SUP-0095,Aircraft Components,INV-742-2026-001347,PO-2026-001347,2025-08-15,2025-09-24,45,90509.16,72346.74,72346.74,USD,USD,BANK-36688168,False,normal,72346.74,0
TXN-0001387,SUP-0097,Maintenance,INV-475-2026-001387,PO-2026-001387,2025-08-15,2025-09-21,30,90653.72,83923.57,83923.57,USD,USD,BANK-93475211,False,normal,83923.57,0
TXN-0001478,SUP-0131,Maintenance,INV-607-2026-001478,PO-2025-001478,2025-08-15,2025-11-20,90,31496.17,27316.89,27316.89,USD,USD,BANK-63724249,False,normal,27316.89,0
TXN-0002099,SUP-0057,Maintenance,INV-374-2026-002099,PO-2026-002099,2025-08-15,2025-08-29,30,20081.57,17136.34,17136.34,USD,USD,BANK-10477636,False,normal,17136.34,0
TXN-0002369,SUP-0116,Maintenance,INV-391-2026-002369,PO-2026-002369,2025-08-15,2025-10-17,60,16159.88,15547.33,15547.33,EUR,EUR,BANK-45782037,False,normal,16946.59,0
TXN-0003483,SUP-0095,Maintenance,INV-424-2026-003483,PO-2026-003483,2025-08-15,2025-09-16,45,38884.2,35914.77,35914.77,USD,USD,BANK-36688168,False,normal,35914.77,0
TXN-0004157,SUP-0153,Maintenance,INV-890-2026-004157,PO-2026-004157,2025-08-15,2025-09-16,30,31275.02,24670.58,24670.58,USD,USD,BANK-11605310,False,normal,24670.58,0
TXN-0004397,SUP-0080,Facilities,INV-732-2026-004397,PO-2026-004397,2025-08-15,2025-09-22,45,7614.22,7393.04,7393.04,EUR,EUR,BANK-97464377,False,normal,8058.41,0
TXN-0004822,SUP-0120,Information Technology,INV-274-2026-004822,PO-2025-004822,2025-08-15,2025-09-05,30,56743.99,41156.34,41156.34,AED,AED,BANK-53972563,False,normal,11206.87,0
TXN-0005005,SUP-0076,Information Technology,INV-630-2026-005005,PO-2026-005005,2025-08-15,2025-09-18,30,4065.69,3212.62,3212.62,USD,USD,BANK-37929130,False,normal,3212.62,0
TXN-0005053,SUP-0131,Aircraft Components,INV-631-2026-005053,PO-2026-005053,2025-08-15,2025-10-10,60,13887.14,10639.87,10639.87,USD,USD,BANK-63724249,False,normal,10639.87,0
TXN-0005421,SUP-0075,Ground Services,INV-481-2026-005421,PO-2026-005421,2025-08-15,2025-10-17,60,37353.3,33131.51,33131.51,USD,USD,BANK-35245775,False,normal,33131.51,0
TXN-0000047,SUP-0025,Professional Services,INV-796-2026-000047,PO-2026-000047,2025-08-16,2025-09-23,30,30266.62,26532.9,26532.9,EUR,EUR,BANK-99224451,False,normal,28920.86,0
TXN-0000246,SUP-0067,Information Technology,INV-564-2026-000246,PO-2025-000246,2025-08-16,2025-10-03,45,43371.3,34050.21,34050.21,AED,AED,BANK-77206550,False,normal,9271.87,0
TXN-0001388,SUP-0151,Facilities,INV-861-2026-001388,PO-2025-001388,2025-08-16,2025-10-06,45,14019.15,11627.77,11627.77,EUR,EUR,BANK-80628709,False,normal,12674.27,0
TXN-0001701,SUP-0049,Aircraft Components,INV-632-2026-001701,PO-2026-001701,2025-08-16,2025-09-25,30,14638.93,14118.76,14118.76,AED,AED,BANK-69549513,False,normal,3844.54,0
TXN-0002919,SUP-0063,Information Technology,INV-981-2026-002919,PO-2026-002919,2025-08-16,2025-11-14,90,7458.28,6711.59,6711.59,AED,AED,BANK-16087857,False,normal,1827.57,0
TXN-0003120,SUP-0022,Information Technology,INV-237-2026-003120,PO-2025-003120,2025-08-16,2025-10-24,60,31700.27,31342.32,31342.32,USD,AED,BANK-56355141,False,currency_mismatch,8534.51,1
TXN-0003129,SUP-0121,Maintenance,INV-515-2026-003129,PO-2026-003129,2025-08-16,2025-09-17,30,6277.55,5104.68,5104.68,AED,AED,BANK-55753531,False,normal,1390.0,0
TXN-0003509,SUP-0082,Professional Services,INV-796-2026-003509,PO-2026-003509,2025-08-16,2025-09-23,45,3173.82,2830.75,2830.75,USD,USD,BANK-55066706,False,normal,2830.75,0
TXN-0003571,SUP-0136,Facilities,INV-845-2026-003571,PO-2026-003571,2025-08-16,2025-10-03,45,30714.04,24945.06,24945.06,USD,USD,BANK-19530766,False,normal,24945.06,0
TXN-0003594,SUP-0123,Ground Services,INV-506-2026-003594,PO-2025-003594,2025-08-16,2025-09-12,30,4973.67,4331.39,4331.39,USD,USD,BANK-38236379,False,normal,4331.39,0
TXN-0003870,SUP-0132,Professional Services,INV-541-2026-003870,PO-2025-003870,2025-08-16,2025-10-17,60,2848.2,2586.0,2586.0,GBP,GBP,BANK-59967823,False,normal,3284.22,0
TXN-0004418,SUP-0116,Information Technology,INV-795-2026-004418,PO-2025-004418,2025-08-16,2025-10-14,60,33854.47,31992.22,31992.22,EUR,EUR,BANK-45782037,False,normal,34871.52,0
TXN-0004947,SUP-0054,Information Technology,INV-815-2026-004947,PO-2026-004947,2025-08-16,2025-10-09,60,4662.26,4291.22,4291.22,AED,AED,BANK-77211064,False,normal,1168.5,0
TXN-0002127,SUP-0030,Ground Services,INV-723-2026-002127,PO-2026-002127,2025-08-17,2025-08-29,30,1273.07,979.59,979.59,AED,AED,BANK-14041955,False,normal,266.74,0
TXN-0002441,SUP-0099,Facilities,INV-930-2026-002441,PO-2026-002441,2025-08-17,2025-09-24,45,2632.35,2107.49,2107.49,USD,USD,BANK-78956930,False,normal,2107.49,0
TXN-0002446,SUP-0108,Professional Services,INV-462-2026-002446,PO-2025-002446,2025-08-17,2025-09-05,30,12099.09,10525.19,10525.19,USD,USD,BANK-76508559,False,normal,10525.19,0
TXN-0003179,SUP-0083,Information Technology,INV-966-2026-003179,PO-2026-003179,2025-08-17,2025-11-23,90,28164.01,27843.36,27843.36,EUR,EUR,BANK-49032895,False,normal,30349.26,0
TXN-0003310,SUP-0045,Information Technology,INV-336-2026-003310,PO-2025-003310,2025-08-17,2025-10-16,60,4739.05,4046.46,4046.46,EUR,EUR,BANK-38433614,False,normal,4410.64,0
TXN-0003560,SUP-0003,Aircraft Components,INV-393-2026-003560,PO-2025-003560,2025-08-17,2025-10-04,60,58874.56,58345.63,58345.63,EUR,EUR,BANK-65317853,False,normal,63596.74,0
TXN-0003860,SUP-0081,Maintenance,INV-166-2026-003860,PO-2025-003860,2025-08-17,2025-09-22,30,13772.05,13669.65,13669.65,AED,AED,BANK-54937628,False,normal,3722.25,0
TXN-0004260,SUP-0049,Information Technology,INV-521-2026-004260,PO-2025-004260,2025-08-17,2025-10-18,60,36198.54,31160.65,31160.65,AED,AED,BANK-69549513,False,normal,8485.04,0
TXN-0005125,SUP-0045,Aircraft Components,INV-713-2026-005125,PO-2026-005125,2025-08-17,2025-10-13,60,4378.43,3319.92,3319.92,EUR,EUR,BANK-38433614,False,normal,3618.71,0
TXN-0000034,SUP-0096,Ground Services,INV-916-2026-000034,PO-2025-000034,2025-08-18,2025-10-20,60,8484.0,6269.42,6269.42,AED,AED,BANK-55569693,False,normal,1707.16,0
TXN-0000115,SUP-0099,Facilities,INV-982-2026-000115,PO-2026-000115,2025-08-18,2025-09-25,60,3017.2,2922.66,2922.66,USD,USD,BANK-78956930,False,normal,2922.66,0
TXN-0000291,SUP-0068,Maintenance,INV-905-2026-000291,PO-2026-000291,2025-08-18,2025-10-19,60,10539.53,8243.23,8243.23,USD,USD,BANK-26134147,False,normal,8243.23,0
TXN-0000894,SUP-0087,Ground Services,INV-878-2026-000894,PO-2025-000894,2025-08-18,2025-10-02,45,1785.11,1606.63,1606.63,AED,AED,BANK-25685067,False,normal,437.49,0
TXN-0002028,SUP-0121,Maintenance,INV-966-2026-002028,PO-2025-002028,2025-08-18,2025-10-07,60,8332.78,6878.32,6878.32,AED,AED,BANK-55753531,False,normal,1872.97,0
TXN-0002110,SUP-0027,Aircraft Components,INV-170-2026-002110,PO-2025-002110,2025-08-18,2025-12-04,90,35224.58,32901.26,32901.26,AED,AED,BANK-26263179,False,normal,8959.01,0
TXN-0003246,SUP-0138,Facilities,INV-216-2026-003246,PO-2025-003246,2025-08-18,2025-10-09,60,46124.33,38213.97,38213.97,AED,AED,BANK-22630563,False,normal,10405.66,0
TXN-0003572,SUP-0085,Aircraft Components,INV-294-2026-003572,PO-2025-003572,2025-08-18,2025-10-14,60,11404.43,8399.37,8399.37,USD,USD,BANK-94093522,False,normal,8399.37,0
TXN-0004043,SUP-0071,Professional Services,INV-634-2026-004043,PO-2026-004043,2025-08-18,2025-09-18,30,7596.83,7463.48,7463.48,USD,USD,BANK-74793410,False,normal,7463.48,0
TXN-0004212,SUP-0015,Aircraft Components,INV-772-2026-004212,PO-2025-004212,2025-08-18,2025-10-11,45,22579.5,20460.64,20460.64,USD,USD,BANK-82742631,False,normal,20460.64,0
TXN-0004603,SUP-0023,Aircraft Components,INV-313-2026-004603,PO-2026-004603,2025-08-18,2025-09-24,45,10611.04,10117.66,10117.66,GBP,GBP,BANK-91497896,False,normal,12849.43,0
TXN-0004865,SUP-0037,Information Technology,INV-325-2026-004865,PO-2026-004865,2025-08-18,2025-11-19,90,26015.52,22278.26,22278.26,USD,USD,BANK-18183594,False,normal,22278.26,0
TXN-0004942,SUP-0023,Aircraft Components,INV-243-2026-004942,PO-2025-004942,2025-08-18,2025-09-13,30,35228.39,26371.02,26371.02,GBP,GBP,BANK-91497896,False,normal,33491.2,0
TXN-0005068,SUP-0104,Maintenance,INV-320-2026-005068,PO-2025-005068,2025-08-18,2025-09-12,30,9187.64,7336.11,7336.11,GBP,GBP,BANK-82371206,False,normal,9316.86,0
TXN-0005412,SUP-0154,Aircraft Components,INV-695-2026-005412,PO-2025-005412,2025-08-18,2025-09-17,30,9212.65,7016.01,7016.01,AED,AED,BANK-69720522,False,normal,1910.46,0
TXN-0001076,SUP-0041,Information Technology,INV-520-2026-001076,PO-2025-001076,2025-08-19,2025-09-26,30,20510.05,20004.01,20004.01,USD,USD,BANK-90410196,False,normal,20004.01,0
TXN-0001488,SUP-0027,Aircraft Components,INV38120260012A92,PO-2025-001292,2025-08-19,2025-11-17,90,3346.03,3302.44,3302.44,AED,AED,BANK-26263179,False,near_duplicate,899.25,1
TXN-0001941,SUP-0026,Maintenance,INV-985-2026-001941,PO-2026-001941,2025-08-19,2025-10-03,45,6429.36,5687.1,5687.1,USD,USD,BANK-94243920,False,normal,5687.1,0
TXN-0003329,SUP-0062,Facilities,INV-476-2026-003329,PO-2026-003329,2025-08-19,2025-10-06,45,3917.0,2995.21,2995.21,AED,AED,BANK-21048213,False,normal,815.6,0
TXN-0003917,SUP-0064,Maintenance,INV-106-2026-003917,PO-2026-003917,2025-08-19,2025-11-05,60,13269.94,9566.17,9566.17,EUR,EUR,BANK-84800139,False,normal,10427.13,0
TXN-0004548,SUP-0024,Facilities,INV-976-2026-004548,PO-2025-004548,2025-08-19,2025-11-22,90,4575.18,4414.48,4414.48,EUR,EUR,BANK-33036857,False,normal,4811.78,0
TXN-0000704,SUP-0002,Professional Services,INV-305-2026-000704,PO-2025-000704,2025-08-20,2025-10-24,60,8430.52,7742.51,7742.51,USD,USD,BANK-19696685,False,normal,7742.51,0
TXN-0001417,SUP-0116,Information Technology,INV-805-2026-001417,PO-2026-001417,2025-08-20,2025-10-09,45,4989.05,4553.7,4553.7,EUR,EUR,BANK-45782037,False,normal,4963.53,0
TXN-0001519,SUP-0128,Maintenance,INV-294-2026-001519,PO-2026-001519,2025-08-20,2025-10-05,60,5062.31,4572.26,4572.26,USD,USD,BANK-93232757,False,normal,4572.26,0
TXN-0001697,SUP-0097,Aircraft Components,INV-613-2026-001697,PO-2026-001697,2025-08-20,2025-10-27,60,2461.06,2173.12,2173.12,USD,USD,BANK-93475211,False,normal,2173.12,0
TXN-0002008,SUP-0098,Information Technology,INV-385-2026-002008,PO-2025-002008,2025-08-20,2025-10-14,45,1372.7,1238.41,1238.41,USD,USD,BANK-72483618,False,normal,1238.41,0
TXN-0002810,SUP-0128,Maintenance,INV-211-2026-002810,PO-2025-002810,2025-08-20,2025-09-07,30,9365.12,7314.52,7314.52,USD,USD,BANK-93232757,False,normal,7314.52,0
TXN-0003109,SUP-0040,Maintenance,INV-533-2026-003109,PO-2026-003109,2025-08-20,2025-09-29,45,10672.29,8671.26,8671.26,AED,AED,BANK-30107614,False,normal,2361.18,0
TXN-0003155,SUP-0116,Information Technology,INV-885-2026-003155,PO-2026-003155,2025-08-20,2025-09-25,45,6873.26,5727.03,5727.03,EUR,EUR,BANK-45782037,False,normal,6242.46,0
TXN-0003271,SUP-0102,Ground Services,INV-453-2026-003271,PO-2026-003271,2025-08-20,2025-10-08,45,6229.88,4881.12,4881.12,AED,AED,BANK-27979808,False,normal,1329.13,0
TXN-0003902,SUP-0010,Professional Services,INV-357-2026-003902,PO-2025-003902,2025-08-20,2025-11-22,90,17308.03,17238.26,17238.26,USD,USD,BANK-59212295,False,normal,17238.26,0
TXN-0004074,SUP-0104,Ground Services,INV-467-2026-004074,PO-2025-004074,2025-08-20,2025-10-01,45,116644.59,94296.42,94296.42,GBP,GBP,BANK-82371206,False,normal,119756.45,0
TXN-0004250,SUP-0067,Aircraft Components,INV-194-2026-004250,PO-2025-004250,2025-08-20,2025-10-29,60,6718.27,6555.19,6555.19,AED,AED,BANK-77206550,False,normal,1784.98,0
TXN-0004663,SUP-0060,Aircraft Components,INV-179-2026-004663,PO-2026-004663,2025-08-20,2025-09-28,30,25515.62,21957.59,21957.59,USD,USD,BANK-31687351,False,normal,21957.59,0
TXN-0004727,SUP-0074,Aircraft Components,INV-200-2026-004727,PO-2026-004727,2025-08-20,2025-10-04,60,30941.83,22854.7,22854.7,USD,USD,BANK-27679119,False,normal,22854.7,0
TXN-0004777,SUP-0095,Ground Services,INV-844-2026-004777,PO-2026-004777,2025-08-20,2025-09-21,30,11928.0,10626.48,10626.48,USD,USD,BANK-36688168,False,normal,10626.48,0
TXN-0004932,SUP-0028,Facilities,INV-593-2026-004932,PO-2025-004932,2025-08-20,2025-10-28,60,3880.34,3120.44,3120.44,USD,USD,BANK-24814703,False,normal,3120.44,0
TXN-0005502,SUP-0088,Information Technology,INV-455-2026-005502,PO-2025-005502,2025-08-20,2025-10-14,60,4766.48,3443.49,3443.49,AED,AED,BANK-30669042,False,normal,937.66,0
TXN-0000544,SUP-0054,Information Technology,INV-812-2026-000544,PO-2025-000544,2025-08-21,2025-09-16,30,2326.14,1897.45,1897.45,AED,AED,BANK-77211064,False,normal,516.68,0
TXN-0001049,SUP-0131,Professional Services,INV-587-2026-001049,PO-2026-001049,2025-08-21,2025-10-04,45,5137.84,4138.68,4138.68,USD,USD,BANK-63724249,False,normal,4138.68,0
TXN-0001141,SUP-0093,Facilities,INV-414-2026-001141,PO-2026-001141,2025-08-21,2025-10-10,45,1716.33,1563.23,1563.23,USD,USD,BANK-97237891,False,normal,1563.23,0
TXN-0001234,SUP-0083,Professional Services,INV-153-2026-001234,PO-2025-001234,2025-08-21,2025-09-25,45,10478.09,7596.1,7596.1,EUR,EUR,BANK-49032895,False,normal,8279.75,0
TXN-0001323,SUP-0015,Information Technology,INV-134-2026-001323,PO-2026-001323,2025-08-21,2025-09-22,30,3549.41,2908.45,2908.45,USD,USD,BANK-82742631,False,normal,2908.45,0
TXN-0002481,SUP-0039,Maintenance,INV-224-2026-002481,PO-2026-002481,2025-08-21,2025-09-21,45,139752.68,105300.36,105300.36,USD,USD,BANK-90171323,False,normal,105300.36,0
TXN-0003305,SUP-0018,Information Technology,INV-833-2026-003305,PO-2026-003305,2025-08-21,2025-11-18,90,20798.0,19342.51,19342.51,USD,USD,BANK-95760944,False,normal,19342.51,0
TXN-0003846,SUP-0044,Ground Services,INV-632-2026-003846,PO-2025-003846,2025-08-21,2025-09-04,30,12648.65,10695.5,10695.5,USD,USD,BANK-52259076,False,normal,10695.5,0
TXN-0003884,SUP-0085,Facilities,INV-527-2026-003884,PO-2025-003884,2025-08-21,2025-09-15,30,1643.56,1285.32,1285.32,USD,USD,BANK-94093522,False,normal,1285.32,0
TXN-0004362,SUP-0016,Aircraft Components,INV-303-2026-004362,PO-2025-004362,2025-08-21,2025-10-13,60,6968.59,6170.06,6170.06,USD,USD,BANK-96689067,False,normal,6170.06,0
TXN-0004665,SUP-0026,Maintenance,INV-223-2026-004665,PO-2026-004665,2025-08-21,2025-10-15,60,7033.59,5568.9,5568.9,USD,USD,BANK-94243920,False,normal,5568.9,0
TXN-0004756,SUP-0141,Maintenance,INV-120-2026-004756,PO-2025-004756,2025-08-21,2025-09-23,30,3393.64,2900.03,2900.03,AED,AED,BANK-10585992,False,normal,789.68,0
TXN-0005589,SUP-0146,Aircraft Components,INV-543-2026-005589,PO-2026-005589,2025-08-21,2025-10-13,45,14509.11,12945.93,12945.93,USD,USD,BANK-76449297,False,normal,12945.93,0
TXN-0000869,SUP-0036,Professional Services,INV-272-2026-000869,PO-2026-000869,2025-08-22,2025-09-04,30,26196.53,25040.75,25040.75,USD,USD,BANK-90250953,False,normal,25040.75,0
TXN-0002133,SUP-0106,Aircraft Components,INV-972-2026-002133,PO-2026-002133,2025-08-22,2025-09-22,30,30155.14,24668.56,24668.56,AED,AED,BANK-74386640,False,normal,6717.25,0
TXN-0002859,SUP-0087,Aircraft Components,INV-575-2026-002859,PO-2026-002859,2025-08-22,2025-09-29,45,12312.95,10015.99,10015.99,AED,AED,BANK-25685067,False,normal,2727.35,0
TXN-0003924,SUP-0052,Aircraft Components,INV-478-2026-003924,PO-2025-003924,2025-08-22,2025-09-25,45,20402.28,17325.56,17325.56,USD,USD,BANK-89766631,False,normal,17325.56,0
TXN-0004850,SUP-0012,Aircraft Components,INV-600-2026-004850,PO-2025-004850,2025-08-22,2025-10-03,45,15291.7,15238.28,15238.28,GBP,GBP,BANK-37895989,False,normal,19352.62,0
TXN-0004914,SUP-0140,Maintenance,INV-592-2026-004914,PO-2025-004914,2025-08-22,2025-09-21,30,10489.35,10198.89,10198.89,USD,USD,BANK-47720288,False,normal,10198.89,0
TXN-0005357,SUP-0089,Information Technology,INV-925-2026-005357,PO-2026-005357,2025-08-22,2025-10-14,45,13215.45,12053.7,12053.7,USD,USD,BANK-35136775,False,normal,12053.7,0
TXN-0000761,SUP-0138,Aircraft Components,INV-175-2026-000761,PO-2026-000761,2025-08-23,2025-10-14,45,2392.85,2324.51,2324.51,AED,AED,BANK-22630563,False,normal,632.96,0
TXN-0000944,SUP-0127,Information Technology,INV-466-2026-000944,PO-2025-000944,2025-08-23,2025-10-25,45,5895.57,5333.17,5333.17,USD,USD,BANK-96425599,False,normal,5333.17,0
TXN-0001359,SUP-0119,Aircraft Components,INV-938-2026-001359,PO-2026-001359,2025-08-23,2025-09-11,30,10270.65,8832.84,8832.84,USD,USD,BANK-21899503,False,normal,8832.84,0
TXN-0002337,SUP-0021,Aircraft Components,INV-284-2026-002337,PO-2026-002337,2025-08-23,2025-09-16,30,8300.46,7292.65,7292.65,EUR,EUR,BANK-65967398,False,normal,7948.99,0
TXN-0003337,SUP-0088,Ground Services,INV-378-2026-003337,PO-2026-003337,2025-08-23,2025-09-25,45,18872.55,18386.57,18386.57,AED,AED,BANK-30669042,False,normal,5006.66,0
TXN-0003435,SUP-0151,Maintenance,INV-292-2026-003435,PO-2026-003435,2025-08-23,2025-09-26,30,3715.93,3067.29,3067.29,EUR,EUR,BANK-80628709,False,normal,3343.35,0
TXN-0003450,SUP-0136,Aircraft Components,INV-811-2026-003450,PO-2025-003450,2025-08-23,2025-10-31,60,7706.88,6127.2,6127.2,USD,USD,BANK-19530766,False,normal,6127.2,0
TXN-0003670,SUP-0030,Ground Services,INV-547-2026-003670,PO-2025-003670,2025-08-23,2025-10-06,60,52797.07,45623.11,45623.11,AED,AED,BANK-14041955,False,normal,12423.17,0
TXN-0003766,SUP-0062,Professional Services,INV-671-2026-003766,PO-2025-003766,2025-08-23,2025-11-05,60,7952.23,6082.74,6082.74,AED,AED,BANK-21048213,False,normal,1656.33,0
TXN-0004138,SUP-0013,Information Technology,INV-122-2026-004138,PO-2025-004138,2025-08-23,2025-10-02,30,4537.05,3718.85,3718.85,AED,AED,BANK-84681076,False,normal,1012.64,0
TXN-0004337,SUP-0146,Maintenance,INV-365-2026-004337,PO-2026-004337,2025-08-23,2025-09-22,30,21386.26,15449.59,15449.59,USD,USD,BANK-76449297,False,normal,15449.59,0
TXN-0005292,SUP-0018,Ground Services,INV-736-2026-005292,PO-2025-005292,2025-08-23,2025-11-21,90,12852.71,11466.46,11466.46,USD,USD,BANK-95760944,False,normal,11466.46,0
TXN-0005458,SUP-0105,Professional Services,INV-859-2026-005458,PO-2025-005458,2025-08-23,2025-09-22,30,11763.64,10122.27,10122.27,EUR,EUR,BANK-12259119,False,normal,11033.27,0
TXN-0000996,SUP-0001,Professional Services,INV-138-2026-000996,PO-2025-000996,2025-08-24,2025-09-30,30,13764.9,11638.98,11638.98,EUR,EUR,BANK-38861149,False,normal,12686.49,0
TXN-0001237,SUP-0105,Aircraft Components,INV-523-2026-001237,PO-2026-001237,2025-08-24,2025-11-17,90,9689.32,8391.21,8391.21,EUR,EUR,BANK-12259119,False,normal,9146.42,0
TXN-0001377,SUP-0136,Maintenance,INV-648-2026-001377,PO-2026-001377,2025-08-24,2025-10-08,30,83841.31,69901.97,69901.97,USD,USD,BANK-19530766,False,normal,69901.97,0
TXN-0001738,SUP-0068,Facilities,INV-872-2026-001738,PO-2025-001738,2025-08-24,2025-11-22,90,3656.42,3363.72,3363.72,USD,USD,BANK-26134147,False,normal,3363.72,0
TXN-0001811,SUP-0027,Aircraft Components,INV-558-2026-001811,PO-2026-001811,2025-08-24,2025-10-12,60,15579.7,13887.14,13887.14,AED,AED,BANK-26263179,False,normal,3781.47,0
TXN-0002141,SUP-0157,Aircraft Components,INV-781-2026-002141,PO-2026-002141,2025-08-24,2025-09-29,45,3098.45,3036.77,3036.77,USD,USD,BANK-84648574,False,normal,3036.77,0
TXN-0002189,SUP-0149,Maintenance,INV-559-2026-002189,PO-2026-002189,2025-08-24,2025-11-23,90,11250.43,10080.97,10080.97,USD,USD,BANK-52064343,False,normal,10080.97,0
TXN-0002946,SUP-0124,Information Technology,INV-959-2026-002946,PO-2025-002946,2025-08-24,2025-09-27,30,11979.07,11539.22,11539.22,USD,USD,BANK-96006092,False,normal,11539.22,0
TXN-0003171,SUP-0083,Maintenance,INV-466-2026-003171,PO-2026-003171,2025-08-24,2025-10-30,60,56169.9,53987.93,53987.93,EUR,EUR,BANK-49032895,False,normal,58846.84,0
TXN-0004789,SUP-0099,Aircraft Components,INV-359-2026-004789,PO-2026-004789,2025-08-24,2025-09-26,30,3354.96,3284.64,3284.64,USD,USD,BANK-78956930,False,normal,3284.64,0
TXN-0000592,SUP-0027,Aircraft Components,INV-515-2026-000592,PO-2025-000592,2025-08-25,2025-11-03,60,8072.86,6338.24,6338.24,AED,AED,BANK-26263179,False,normal,1725.9,0
TXN-0000613,SUP-0007,Aircraft Components,INV-561-2026-000613,PO-2026-000613,2025-08-25,2025-10-02,30,5881.95,5582.07,5582.07,EUR,EUR,BANK-31280989,False,normal,6084.46,0
TXN-0001946,SUP-0084,Aircraft Components,INV-199-2026-001946,PO-2025-001946,2025-08-25,2025-11-27,90,9603.53,8819.14,8819.14,USD,AED,BANK-22950775,False,currency_mismatch,2401.45,1
TXN-0002025,SUP-0032,Maintenance,INV-858-2026-002025,PO-2026-002025,2025-08-25,2025-10-05,30,5530.87,5020.47,5020.47,GBP,GBP,BANK-49158734,False,normal,6376.0,0
TXN-0002226,SUP-0004,Information Technology,INV-416-2026-002226,PO-2025-002226,2025-08-25,2025-10-28,60,18442.89,15048.47,15048.47,AED,AED,BANK-92441065,False,normal,4097.7,0
TXN-0002937,SUP-0097,Information Technology,INV-297-2026-002937,PO-2026-002937,2025-08-25,2025-10-09,45,156028.04,119773.72,119773.72,USD,USD,BANK-93475211,False,normal,119773.72,0
TXN-0002943,SUP-0125,Aircraft Components,INV-377-2026-002943,PO-2026-002943,2025-08-25,2025-10-17,45,32470.74,24182.76,24182.76,USD,USD,BANK-56892046,False,normal,24182.76,0
TXN-0002989,SUP-0048,Aircraft Components,INV-924-2026-002989,PO-2026-002989,2025-08-25,2025-10-30,60,6771.61,5255.66,5255.66,USD,USD,BANK-40202528,False,normal,5255.66,0
TXN-0003280,SUP-0066,Aircraft Components,INV-512-2026-003280,PO-2025-003280,2025-08-25,2025-09-22,45,42598.14,42210.61,42210.61,AED,AED,BANK-23795588,False,normal,11493.95,0
TXN-0003565,SUP-0052,Aircraft Components,INV-311-2026-003565,PO-2026-003565,2025-08-25,2025-10-20,45,38936.55,36721.47,36721.47,USD,USD,BANK-89766631,False,normal,36721.47,0
TXN-0003702,SUP-0035,Aircraft Components,INV-936-2026-003702,PO-2025-003702,2025-08-25,2025-10-01,30,2673.43,2595.41,2595.41,AED,AED,BANK-23638594,False,normal,706.73,0
TXN-0004689,SUP-0033,Maintenance,INV-865-2026-004689,PO-2026-004689,2025-08-25,2025-09-27,30,3143.51,2481.39,2481.39,USD,USD,BANK-97243596,False,normal,2481.39,0
TXN-0005188,SUP-0104,Aircraft Components,INV-951-2026-005188,PO-2025-005188,2025-08-25,2025-09-28,30,17722.45,14904.77,14904.77,GBP,GBP,BANK-82371206,False,normal,18929.06,0
TXN-0000564,SUP-0020,Maintenance,INV-216-2026-000564,PO-2025-000564,2025-08-26,2025-10-16,60,3503.49,3162.18,3162.18,AED,AED,BANK-36182605,False,normal,861.06,0
TXN-0000833,SUP-0072,Aircraft Components,INV-908-2026-000833,PO-2026-000833,2025-08-26,2025-12-10,90,11802.44,8742.47,8742.47,USD,USD,BANK-88710582,False,normal,8742.47,0
TXN-0001570,SUP-0059,Information Technology,INV-697-2026-001570,PO-2025-001570,2025-08-26,2025-09-20,30,11117.7,9062.48,9062.48,USD,USD,BANK-95295830,False,normal,9062.48,0
TXN-0002287,SUP-0033,Professional Services,INV-413-2026-002287,PO-2026-002287,2025-08-26,2025-10-15,45,6517.33,5361.79,5361.79,USD,USD,BANK-97243596,False,normal,5361.79,0
TXN-0003263,SUP-0148,Ground Services,INV-925-2026-003263,PO-2026-003263,2025-08-26,2025-09-21,30,12796.49,10712.65,10712.65,AED,AED,BANK-48887190,False,normal,2917.05,0
TXN-0003325,SUP-0037,Information Technology,INV-964-2026-003325,PO-2026-003325,2025-08-26,2025-09-27,30,5980.74,5350.94,5350.94,USD,USD,BANK-18183594,False,normal,5350.94,0
TXN-0003506,SUP-0121,Maintenance,INV-269-2026-003506,PO-2025-003506,2025-08-26,2025-10-03,45,2477.88,2389.25,2389.25,AED,AED,BANK-55753531,False,normal,650.59,0
TXN-0003958,SUP-0073,Facilities,INV-264-2026-003958,PO-2025-003958,2025-08-26,2025-09-27,30,15182.44,12123.96,12123.96,EUR,EUR,BANK-14030635,False,normal,13215.12,0
TXN-0004163,SUP-0047,Information Technology,INV-297-2026-004163,PO-2026-004163,2025-08-26,2025-09-21,30,3845.25,2983.92,2983.92,USD,USD,BANK-79481118,False,normal,2983.92,0
TXN-0000165,SUP-0079,Aircraft Components,INV-768-2026-000165,PO-2026-000165,2025-08-27,2025-10-04,30,4134.04,3028.58,3028.58,AED,AED,BANK-38837550,False,normal,824.68,0
TXN-0001800,SUP-0134,Information Technology,INV-262-2026-001800,PO-2025-001800,2025-08-27,2025-09-29,30,3743.29,3272.56,3272.56,USD,USD,BANK-67057759,False,normal,3272.56,0
TXN-0001927,SUP-0149,Ground Services,INV-764-2026-001927,PO-2026-001927,2025-08-27,2025-09-19,30,9707.6,9602.02,9602.02,USD,USD,BANK-52064343,False,normal,9602.02,0
TXN-0002332,SUP-0139,Ground Services,INV-359-2026-002332,PO-2025-002332,2025-08-27,2025-09-29,30,3202.55,3173.43,3173.43,EUR,EUR,BANK-77394363,False,normal,3459.04,0
TXN-0002941,SUP-0077,Ground Services,INV-600-2026-002941,PO-2026-002941,2025-08-27,2025-09-16,30,3411.26,2827.58,2827.58,USD,USD,BANK-99822506,False,normal,2827.58,0
TXN-0003985,SUP-0065,Ground Services,INV-657-2026-003985,PO-2026-003985,2025-08-27,2025-09-20,30,11363.54,8843.54,8843.54,AED,AED,BANK-90272029,False,normal,2408.1,0
TXN-0000532,SUP-0080,Maintenance,INV-662-2026-000532,PO-2025-000532,2025-08-28,2025-10-02,30,1035.0,883.99,883.99,EUR,EUR,BANK-97464377,False,normal,963.55,0
TXN-0001549,SUP-0158,Ground Services,INV-832-2026-001549,PO-2026-001549,2025-08-28,2025-09-21,30,4850.23,4422.21,4422.21,AED,AED,BANK-32546185,False,normal,1204.17,0
TXN-0002368,SUP-0131,Maintenance,INV60720260014A78,PO-2025-001478,2025-08-28,2025-11-26,90,31496.17,27316.89,27316.89,USD,USD,BANK-63724249,False,near_duplicate,27316.89,1
TXN-0002953,SUP-0150,Ground Services,INV-339-2026-002953,PO-2026-002953,2025-08-28,2025-10-18,45,22675.02,17406.26,17406.26,USD,USD,BANK-67087104,False,normal,17406.26,0
TXN-0003023,SUP-0010,Information Technology,INV-869-2026-003023,PO-2026-003023,2025-08-28,2025-10-15,30,10591.61,8485.32,8485.32,USD,USD,BANK-59212295,False,normal,8485.32,0
TXN-0004018,SUP-0124,Aircraft Components,INV-539-2026-004018,PO-2025-004018,2025-08-28,2025-10-13,45,14536.31,11501.95,11501.95,USD,USD,NEW-57280920,True,bank_change,11501.95,1
TXN-0004413,SUP-0122,Professional Services,INV-227-2026-004413,PO-2026-004413,2025-08-28,2025-11-11,60,46680.73,39966.41,39966.41,AED,AED,BANK-69657778,False,normal,10882.85,0
TXN-0004671,SUP-0149,Maintenance,INV-466-2026-004671,PO-2026-004671,2025-08-28,2025-09-24,30,15093.16,13082.47,13082.47,USD,USD,BANK-52064343,False,normal,13082.47,0
TXN-0004952,SUP-0002,Maintenance,INV-254-2026-004952,PO-2025-004952,2025-08-28,2025-09-30,30,10030.84,8727.18,8727.18,USD,USD,BANK-19696685,False,normal,8727.18,0
TXN-0005341,SUP-0025,Aircraft Components,INV-684-2026-005341,PO-2026-005341,2025-08-28,2025-10-03,45,2872.64,2774.51,2774.51,EUR,EUR,BANK-99224451,False,normal,3024.22,0
TXN-0001715,SUP-0059,Aircraft Components,INV-300-2026-001715,PO-2026-001715,2025-08-29,2025-10-29,60,4046.38,3294.27,3294.27,USD,USD,BANK-95295830,False,normal,3294.27,0
TXN-0001847,SUP-0043,Maintenance,INV-490-2026-001847,PO-2026-001847,2025-08-29,2025-11-02,60,3859.11,2801.28,2801.28,AED,AED,BANK-56697251,False,normal,762.79,0
TXN-0001973,SUP-0076,Information Technology,INV-479-2026-001973,PO-2026-001973,2025-08-29,2025-10-21,60,5882.34,5214.84,5214.84,USD,USD,BANK-37929130,False,normal,5214.84,0
TXN-0004511,SUP-0120,Ground Services,INV-748-2026-004511,PO-2026-004511,2025-08-29,2025-09-26,45,6618.98,6256.82,6256.82,AED,AED,BANK-53972563,False,normal,1703.73,0
TXN-0004893,SUP-0078,Aircraft Components,INV-411-2026-004893,PO-2026-004893,2025-08-29,2025-10-07,30,42868.91,40642.43,40642.43,AED,AED,BANK-79966434,False,normal,11066.93,0
TXN-0005317,SUP-0070,Aircraft Components,INV-815-2026-005317,PO-2026-005317,2025-08-29,2025-10-25,60,11680.29,9226.38,9226.38,USD,USD,BANK-63944450,False,normal,9226.38,0
TXN-0005511,SUP-0137,Professional Services,INV-926-2026-005511,PO-2026-005511,2025-08-29,2025-10-24,45,15532.08,14048.02,14048.02,GBP,GBP,NEW-89918428,True,bank_change,17840.99,1
TXN-0001120,SUP-0143,Maintenance,INV-494-2026-001120,PO-2025-001120,2025-08-30,2025-11-25,90,3443.95,2497.98,2497.98,GBP,GBP,NEW-55784927,True,bank_change,3172.43,1
TXN-0001279,SUP-0093,Ground Services,INV-645-2026-001279,PO-2026-001279,2025-08-30,2025-09-29,30,10872.47,8275.82,8275.82,USD,USD,BANK-97237891,False,normal,8275.82,0
TXN-0001438,SUP-0070,Ground Services,INV-638-2026-001438,PO-2025-001438,2025-08-30,2025-10-29,60,4612.44,3917.46,3917.46,USD,USD,BANK-63944450,False,normal,3917.46,0
TXN-0002096,SUP-0074,Professional Services,INV-342-2026-002096,PO-2025-002096,2025-08-30,2025-11-08,60,1932.03,1849.67,1849.67,USD,USD,BANK-27679119,False,normal,1849.67,0
TXN-0002632,SUP-0103,Facilities,INV-592-2026-002632,PO-2025-002632,2025-08-30,2025-09-24,30,23482.02,20433.22,20433.22,USD,USD,BANK-87788293,False,normal,20433.22,0
TXN-0002706,SUP-0110,Facilities,INV-721-2026-002706,PO-2025-002706,2025-08-30,2025-10-14,60,19158.85,14083.4,14083.4,EUR,EUR,BANK-21795197,False,normal,15350.91,0
TXN-0002825,SUP-0083,Aircraft Components,INV-379-2026-002825,PO-2026-002825,2025-08-30,2025-10-05,45,9628.7,7787.27,7787.27,EUR,EUR,BANK-49032895,False,normal,8488.12,0
TXN-0003165,SUP-0020,Aircraft Components,INV-227-2026-003165,PO-2026-003165,2025-08-30,2025-11-03,60,24112.34,20320.75,20320.75,AED,AED,BANK-36182605,False,normal,5533.34,0
TXN-0003395,SUP-0139,Professional Services,INV-413-2026-003395,PO-2026-003395,2025-08-30,2025-10-27,45,3038.11,2791.34,2791.34,EUR,EUR,BANK-77394363,False,normal,3042.56,0
TXN-0003669,SUP-0037,Maintenance,INV-417-2026-003669,PO-2026-003669,2025-08-30,2025-11-21,90,15036.93,12859.41,12859.41,USD,USD,BANK-18183594,False,normal,12859.41,0
TXN-0004257,SUP-0069,Information Technology,INV-338-2026-004257,PO-2026-004257,2025-08-30,2025-10-30,60,2486.81,2128.11,2128.11,USD,USD,BANK-43048809,False,normal,2128.11,0
TXN-0000083,SUP-0103,Information Technology,INV-912-2026-000083,PO-2026-000083,2025-08-31,2025-10-13,30,25082.73,18929.41,18929.41,USD,USD,BANK-87788293,False,normal,18929.41,0
TXN-0000268,SUP-0150,Facilities,INV-832-2026-000268,PO-2025-000268,2025-08-31,2025-09-28,30,3643.04,2641.75,2641.75,USD,USD,BANK-67087104,False,normal,2641.75,0
TXN-0000612,SUP-0121,Aircraft Components,INV-665-2026-000612,PO-2025-000612,2025-08-31,2025-10-16,45,14185.76,13912.04,13912.04,AED,AED,BANK-55753531,False,normal,3788.25,0
TXN-0000736,SUP-0089,Facilities,INV-670-2026-000736,PO-2025-000736,2025-08-31,2025-09-17,30,37780.3,36330.9,36330.9,USD,USD,BANK-35136775,False,normal,36330.9,0
TXN-0000930,SUP-0126,Aircraft Components,INV-239-2026-000930,PO-2025-000930,2025-08-31,2025-10-02,30,16356.26,14172.04,14172.04,AED,AED,BANK-35780160,False,normal,3859.05,0
TXN-0002362,SUP-0062,Ground Services,INV-976-2026-002362,PO-2025-002362,2025-08-31,2025-10-14,30,1672.65,1642.86,1642.86,AED,AED,BANK-21048213,False,normal,447.35,0
TXN-0003415,SUP-0083,Information Technology,INV-841-2026-003415,PO-2026-003415,2025-08-31,2025-09-30,30,5676.43,4104.96,4104.96,EUR,EUR,BANK-49032895,False,normal,4474.41,0
TXN-0003835,SUP-0106,Ground Services,INV-865-2026-003835,PO-2026-003835,2025-08-31,2025-10-27,60,8072.92,6315.82,6315.82,AED,AED,BANK-74386640,False,normal,1719.8,0
TXN-0004063,SUP-0084,Ground Services,INV-362-2026-004063,PO-2026-004063,2025-08-31,2025-11-19,90,16567.79,15948.0,15948.0,USD,USD,BANK-22950775,False,normal,15948.0,0
TXN-0004810,SUP-0128,Information Technology,INV-190-2026-004810,PO-2025-004810,2025-08-31,2025-09-28,30,38372.21,36452.73,36452.73,USD,USD,BANK-93232757,False,normal,36452.73,0
TXN-0001010,SUP-0070,Information Technology,INV-740-2026-001010,PO-2025-001010,2025-09-01,2025-10-22,60,30375.99,28735.24,28735.24,USD,USD,BANK-63944450,False,normal,28735.24,0
TXN-0002638,SUP-0099,Maintenance,INV-968-2026-002638,PO-2025-002638,2025-09-01,2025-10-11,30,8367.29,6446.49,6446.49,USD,USD,BANK-78956930,False,normal,6446.49,0
TXN-0002915,SUP-0131,Ground Services,INV-515-2026-002915,PO-2026-002915,2025-09-01,2025-09-27,30,7290.64,5694.94,5694.94,USD,USD,BANK-63724249,False,normal,5694.94,0
TXN-0002952,SUP-0106,Maintenance,INV-585-2026-002952,PO-2025-002952,2025-09-01,2025-10-13,30,3735.98,3311.34,3311.34,AED,AED,BANK-74386640,False,normal,901.68,0
TXN-0003698,SUP-0137,Maintenance,INV-483-2026-003698,PO-2025-003698,2025-09-01,2025-12-16,90,15405.67,11456.73,11456.73,GBP,GBP,BANK-75099036,False,normal,14550.05,0
TXN-0004133,SUP-0102,Aircraft Components,INV-350-2026-004133,PO-2026-004133,2025-09-01,2025-11-25,90,14814.03,12838.02,12838.02,AED,AED,BANK-27979808,False,normal,3495.79,0
TXN-0004668,SUP-0112,Professional Services,INV-662-2026-004668,PO-2025-004668,2025-09-01,2025-10-13,45,13078.98,13078.17,13078.17,USD,USD,BANK-21137842,False,normal,13078.17,0
TXN-0004930,SUP-0037,Aircraft Components,INV-821-2026-004930,PO-2025-004930,2025-09-01,2025-10-21,45,47232.57,42412.3,42412.3,USD,USD,BANK-18183594,False,normal,42412.3,0
TXN-0005173,SUP-0084,Professional Services,INV-138-2026-005173,PO-2026-005173,2025-09-01,2025-10-12,45,10139.07,7654.71,9535.43,USD,USD,BANK-22950775,False,overpayment,9535.43,1
TXN-0005493,SUP-0033,Aircraft Components,INV-485-2026-005493,PO-2026-005493,2025-09-01,2025-10-23,60,6991.81,6030.92,6030.92,USD,USD,BANK-97243596,False,normal,6030.92,0
TXN-0000811,SUP-0043,Ground Services,INV-465-2026-000811,PO-2026-000811,2025-09-02,2025-10-07,30,2143.33,2075.59,2075.59,AED,AED,BANK-56697251,False,normal,565.18,0
TXN-0002244,SUP-0074,Information Technology,INV-182-2026-002244,PO-2025-002244,2025-09-02,2025-10-01,30,8030.5,6014.95,6014.95,USD,USD,BANK-27679119,False,normal,6014.95,0
TXN-0003231,SUP-0056,Aircraft Components,INV-169-2026-003231,PO-2026-003231,2025-09-02,2025-12-19,90,72049.34,66411.35,66411.35,EUR,EUR,BANK-33621446,False,normal,72388.37,0
TXN-0003753,SUP-0122,Professional Services,INV-186-2026-003753,PO-2026-003753,2025-09-02,2025-12-06,90,2356.9,2243.44,2243.44,AED,AED,BANK-69657778,False,normal,610.89,0
TXN-0004416,SUP-0106,Ground Services,INV-197-2026-004416,PO-2025-004416,2025-09-02,2025-11-25,90,26990.72,20629.57,20629.57,AED,AED,BANK-74386640,False,normal,5617.43,0
TXN-0000061,SUP-0069,Ground Services,INV-979-2026-000061,PO-2026-000061,2025-09-03,2025-10-20,60,15319.83,11842.95,11842.95,USD,USD,BANK-43048809,False,normal,11842.95,0
TXN-0000217,SUP-0027,Aircraft Components,INV-578-2026-000217,PO-2026-000217,2025-09-03,2025-11-08,60,12101.25,11792.46,11792.46,AED,AED,BANK-26263179,False,normal,3211.09,0
TXN-0001075,SUP-0047,Maintenance,INV-922-2026-001075,PO-2026-001075,2025-09-03,2025-10-17,30,7919.84,6099.6,6099.6,USD,USD,BANK-79481118,False,normal,6099.6,0
TXN-0001582,SUP-0146,Ground Services,INV-292-2026-001582,PO-2025-001582,2025-09-03,2025-10-05,30,6208.34,5749.04,5749.04,USD,USD,BANK-76449297,False,normal,5749.04,0
TXN-0001727,SUP-0097,Ground Services,INV-554-2026-001727,PO-2026-001727,2025-09-03,2025-11-25,90,12262.26,9956.38,9956.38,USD,USD,BANK-93475211,False,normal,9956.38,0
TXN-0001841,SUP-0055,Professional Services,INV-758-2026-001841,PO-2026-001841,2025-09-03,2025-12-10,90,8330.33,6435.78,8794.0,AED,AED,BANK-44199230,False,overpayment,2394.61,1
TXN-0001871,SUP-0066,Maintenance,INV-514-2026-001871,PO-2026-001871,2025-09-03,2025-09-28,30,5057.75,4749.86,4749.86,AED,AED,BANK-23795588,False,normal,1293.39,0
TXN-0002372,SUP-0125,Information Technology,INV-238-2026-002372,PO-2025-002372,2025-09-03,2025-12-10,90,22607.81,19340.68,19340.68,USD,USD,BANK-56892046,False,normal,19340.68,0
TXN-0002735,SUP-0112,Ground Services,INV-831-2026-002735,PO-2026-002735,2025-09-03,2025-10-22,45,1956.24,1938.34,1938.34,USD,USD,BANK-21137842,False,normal,1938.34,0
TXN-0002841,SUP-0026,Information Technology,INV-343-2026-002841,PO-2026-002841,2025-09-03,2025-10-14,45,17635.74,13562.27,13562.27,USD,USD,BANK-94243920,False,normal,13562.27,0
TXN-0003906,SUP-0131,Facilities,INV-674-2026-003906,PO-2025-003906,2025-09-03,2025-09-30,30,1069.7,877.92,877.92,USD,USD,BANK-63724249,False,normal,877.92,0
TXN-0004456,SUP-0072,Aircraft Components,INV-457-2026-004456,PO-2025-004456,2025-09-03,2025-10-10,45,15493.89,14535.87,14535.87,USD,USD,BANK-88710582,False,normal,14535.87,0
TXN-0004602,SUP-0040,Maintenance,INV-773-2026-004602,PO-2025-004602,2025-09-03,2025-10-20,45,3528.79,2671.93,2671.93,AED,AED,BANK-30107614,False,normal,727.57,0
TXN-0005498,SUP-0132,Aircraft Components,INV-574-2026-005498,PO-2025-005498,2025-09-03,2025-09-26,45,9917.79,8201.81,10660.21,GBP,GBP,BANK-59967823,False,overpayment,13538.47,1
TXN-0000048,SUP-0046,Facilities,INV-850-2026-000048,PO-2025-000048,2025-09-04,2025-10-08,30,14020.87,11040.56,11040.56,EUR,EUR,BANK-11990275,False,normal,12034.21,0
TXN-0001897,SUP-0147,Professional Services,INV-740-2026-001897,PO-2026-001897,2025-09-04,2025-09-14,30,179703.28,156410.21,156410.21,USD,USD,BANK-82392481,False,normal,156410.21,0
TXN-0002263,SUP-0067,Facilities,INV-413-2026-002263,PO-2026-002263,2025-09-04,2025-09-19,30,3257.65,2407.72,2407.72,AED,AED,BANK-77206550,False,normal,655.62,0
TXN-0004032,SUP-0010,Information Technology,INV-818-2026-004032,PO-2025-004032,2025-09-04,2025-10-25,45,5098.47,4889.87,4889.87,USD,USD,BANK-59212295,False,normal,4889.87,0
TXN-0004139,SUP-0063,Ground Services,INV-134-2026-004139,PO-2026-004139,2025-09-04,2025-11-13,60,2794.94,2430.8,2430.8,AED,AED,BANK-16087857,False,normal,661.91,0
TXN-0004790,SUP-0034,Ground Services,INV-422-2026-004790,PO-2025-004790,2025-09-04,2025-10-16,45,5906.82,4446.33,4446.33,USD,USD,BANK-99313799,False,normal,4446.33,0
TXN-0002014,SUP-0149,Information Technology,INV-791-2026-002014,PO-2025-002014,2025-09-05,2025-11-23,60,51427.94,44900.24,44900.24,USD,USD,BANK-52064343,False,normal,44900.24,0
TXN-0002029,SUP-0017,Information Technology,INV-707-2026-002029,PO-2026-002029,2025-09-05,2025-10-06,30,25818.03,25674.9,25674.9,AED,AED,NEW-59929414,True,bank_change,6991.28,1
TXN-0002197,SUP-0063,Aircraft Components,INV-355-2026-002197,PO-2026-002197,2025-09-05,2025-10-03,30,3387.57,3234.31,3234.31,AED,AED,BANK-16087857,False,normal,880.7,0
TXN-0002545,SUP-0118,Information Technology,INV-486-2026-002545,PO-2026-002545,2025-09-05,2025-10-31,60,4094.75,3587.74,3587.74,AED,AED,BANK-37085381,False,normal,976.94,0
TXN-0003475,SUP-0152,Aircraft Components,INV-662-2026-003475,PO-2026-003475,2025-09-05,2025-11-04,60,29452.05,26835.6,26835.6,EUR,EUR,BANK-86228158,False,normal,29250.8,0
TXN-0004077,SUP-0004,Maintenance,INV-893-2026-004077,PO-2026-004077,2025-09-05,2025-09-27,30,17126.77,15573.5,15573.5,AED,AED,BANK-92441065,False,normal,4240.66,0
TXN-0005480,SUP-0016,Maintenance,INV-934-2026-005480,PO-2025-005480,2025-09-05,2025-11-03,60,12406.19,10500.47,10500.47,USD,USD,BANK-96689067,False,normal,10500.47,0
TXN-0000012,SUP-0060,Information Technology,INV-182-2026-000012,PO-2025-000012,2025-09-06,2025-10-17,30,12730.8,10159.83,10159.83,USD,USD,BANK-31687351,False,normal,10159.83,0
TXN-0000155,SUP-0108,Aircraft Components,INV-613-2026-000155,PO-2026-000155,2025-09-06,2025-10-23,60,15953.75,12857.38,12857.38,USD,USD,BANK-76508559,False,normal,12857.38,0
TXN-0001787,SUP-0048,Ground Services,INV-520-2026-001787,PO-2026-001787,2025-09-06,2025-11-09,45,3670.25,2801.64,2801.64,USD,USD,BANK-40202528,False,normal,2801.64,0
TXN-0002071,SUP-0128,Aircraft Components,INV-515-2026-002071,PO-2026-002071,2025-09-06,2025-10-01,30,3020.4,2345.52,2345.52,USD,USD,BANK-93232757,False,normal,2345.52,0
TXN-0002636,SUP-0160,Maintenance,INV-561-2026-002636,PO-2025-002636,2025-09-06,2025-10-20,45,9393.08,9002.45,9002.45,EUR,EUR,BANK-51670701,False,normal,9812.67,0
TXN-0004377,SUP-0143,Aircraft Components,INV-287-2026-004377,PO-2026-004377,2025-09-06,2025-10-30,60,1654.29,1623.07,1623.07,GBP,GBP,BANK-24937333,False,normal,2061.3,0
TXN-0005438,SUP-0156,Aircraft Components,INV-994-2026-005438,PO-2025-005438,2025-09-06,2025-09-29,30,6642.94,4842.66,4842.66,AED,AED,BANK-35913857,False,normal,1318.66,0
TXN-0005451,SUP-0026,Ground Services,INV-109-2026-005451,PO-2026-005451,2025-09-06,2025-10-04,30,16153.32,14281.03,14281.03,USD,USD,BANK-94243920,False,normal,14281.03,0
TXN-0000779,SUP-0039,Information Technology,INV-780-2026-000779,PO-2026-000779,2025-09-07,2025-11-08,60,9674.26,9248.73,9248.73,USD,USD,BANK-90171323,False,normal,9248.73,0
TXN-0000784,SUP-0008,Maintenance,INV-348-2026-000784,PO-2025-000784,2025-09-07,2025-10-23,45,14821.03,10713.73,10713.73,EUR,EUR,BANK-22713593,False,normal,11677.97,0
TXN-0000908,SUP-0119,Facilities,INV-678-2026-000908,PO-2025-000908,2025-09-07,2025-10-10,45,5136.14,4554.01,4554.01,USD,USD,BANK-21899503,False,normal,4554.01,0
TXN-0001007,SUP-0005,Facilities,INV-223-2026-001007,PO-2026-001007,2025-09-07,2025-09-24,30,15723.73,13104.99,13104.99,USD,USD,BANK-97763977,False,normal,13104.99,0
TXN-0001028,SUP-0053,Ground Services,INV-362-2026-001028,PO-2025-001028,2025-09-07,2025-10-21,30,2277.55,1937.13,1937.13,EUR,EUR,BANK-76295561,False,normal,2111.47,0
TXN-0001731,SUP-0073,Aircraft Components,INV-634-2026-001731,PO-2026-001731,2025-09-07,2025-10-11,30,7412.55,7335.88,7335.88,EUR,EUR,BANK-14030635,False,normal,7996.11,0
TXN-0002573,SUP-0063,Information Technology,INV-972-2026-002573,PO-2026-002573,2025-09-07,2025-10-12,30,5631.16,5350.41,5350.41,AED,AED,BANK-16087857,False,normal,1456.92,0
TXN-0003855,SUP-0009,Ground Services,INV-873-2026-003855,PO-2026-003855,2025-09-07,2025-10-06,30,8921.72,7773.85,7773.85,USD,USD,BANK-59936721,False,normal,7773.85,0
TXN-0004612,SUP-0052,Professional Services,INV-844-2026-004612,PO-2025-004612,2025-09-07,2025-12-11,90,5970.47,4335.42,4335.42,USD,USD,BANK-89766631,False,normal,4335.42,0
TXN-0005216,SUP-0061,Information Technology,INV-280-2026-005216,PO-2025-005216,2025-09-07,2025-10-10,45,2371.31,1751.14,1751.14,AED,AED,BANK-12871994,False,normal,476.84,0
TXN-0005424,SUP-0083,Information Technology,INV-651-2026-005424,PO-2025-005424,2025-09-07,2025-10-30,45,500.0,440.05,440.05,EUR,EUR,BANK-49032895,False,normal,479.65,0
TXN-0000710,SUP-0102,Professional Services,INV-828-2026-000710,PO-2025-000710,2025-09-08,2025-10-22,45,16922.3,15336.73,15336.73,AED,AED,BANK-27979808,False,normal,4176.19,0
TXN-0001096,SUP-0035,Professional Services,INV-282-2026-001096,PO-2025-001096,2025-09-08,2025-11-02,45,9114.63,8724.2,8724.2,AED,AED,BANK-23638594,False,normal,2375.6,0
TXN-0001476,SUP-0159,Maintenance,INV-518-2026-001476,PO-2025-001476,2025-09-08,2025-10-23,45,32752.15,24493.13,24493.13,AED,AED,BANK-81713537,False,normal,6669.48,0
TXN-0001522,SUP-0025,Ground Services,INV-127-2026-001522,PO-2025-001522,2025-09-08,2025-11-04,60,9490.37,8087.8,8087.8,EUR,EUR,BANK-99224451,False,normal,8815.7,0
TXN-0001621,SUP-0123,Information Technology,INV-995-2026-001621,PO-2026-001621,2025-09-08,2025-10-13,30,18029.54,13833.9,13833.9,USD,USD,BANK-38236379,False,normal,13833.9,0
TXN-0003049,SUP-0015,Ground Services,INV-804-2026-003049,PO-2026-003049,2025-09-08,2025-11-09,60,6345.68,5598.97,5598.97,USD,USD,BANK-82742631,False,normal,5598.97,0
TXN-0003175,SUP-0090,Aircraft Components,INV-489-2026-003175,PO-2026-003175,2025-09-08,2025-09-29,30,10427.59,8899.51,8899.51,AED,AED,BANK-21863999,False,normal,2423.34,0
TXN-0003567,SUP-0123,Ground Services,INV-541-2026-003567,PO-2026-003567,2025-09-08,2025-10-06,30,10211.66,7524.84,7524.84,USD,USD,BANK-38236379,False,normal,7524.84,0
TXN-0004186,SUP-0111,Facilities,INV-231-2026-004186,PO-2025-004186,2025-09-08,2025-10-10,30,5997.76,4424.03,4424.03,USD,USD,BANK-49045227,False,normal,4424.03,0
TXN-0004502,SUP-0148,Maintenance,INV-221-2026-004502,PO-2025-004502,2025-09-08,2025-10-05,30,4876.95,3725.87,5737.37,AED,AED,BANK-48887190,False,overpayment,1562.29,1
TXN-0005206,SUP-0095,Aircraft Components,INV-113-2026-005206,PO-2025-005206,2025-09-08,2025-12-08,90,20611.14,14923.61,14923.61,USD,USD,BANK-36688168,False,normal,14923.61,0
TXN-0005479,SUP-0120,Facilities,INV-766-2026-005479,PO-2026-005479,2025-09-08,2025-11-08,60,19877.68,17545.41,17545.41,AED,AED,BANK-53972563,False,normal,4777.62,0
TXN-0000109,SUP-0052,Maintenance,INV-236-2026-000109,PO-2026-000109,2025-09-09,2025-10-12,45,2161.51,2092.08,2092.08,USD,USD,BANK-89766631,False,normal,2092.08,0
TXN-0001130,SUP-0146,Ground Services,INV29220260015A82,PO-2025-001582,2025-09-09,2025-10-09,30,6208.34,5749.04,5749.04,USD,USD,BANK-76449297,False,near_duplicate,5749.04,1
TXN-0001326,SUP-0105,Information Technology,INV-263-2026-001326,PO-2025-001326,2025-09-09,2025-10-10,30,20255.67,19020.57,19020.57,EUR,EUR,BANK-12259119,False,normal,20732.42,0
TXN-0001367,SUP-0073,Maintenance,INV-291-2026-001367,PO-2026-001367,2025-09-09,2025-11-02,60,34413.93,24852.63,24852.63,EUR,EUR,BANK-14030635,False,normal,27089.37,0
TXN-0001743,SUP-0047,Maintenance,INV-776-2026-001743,PO-2026-001743,2025-09-09,2025-09-25,30,1795.98,1533.2,1533.2,USD,USD,BANK-79481118,False,normal,1533.2,0
TXN-0002108,SUP-0016,Aircraft Components,INV-506-2026-002108,PO-2025-002108,2025-09-09,2025-11-13,60,23799.44,23043.55,23043.55,USD,USD,BANK-96689067,False,normal,23043.55,0
TXN-0002395,SUP-0007,Facilities,INV-365-2026-002395,PO-2026-002395,2025-09-09,2025-10-15,45,55392.09,46803.64,46803.64,EUR,EUR,BANK-31280989,False,normal,51015.97,0
TXN-0003307,SUP-0041,Professional Services,INV-669-2026-003307,PO-2026-003307,2025-09-09,2025-10-09,30,16086.83,14437.47,14437.47,USD,USD,BANK-90410196,False,normal,14437.47,0
TXN-0003371,SUP-0058,Information Technology,INV-411-2026-003371,PO-2026-003371,2025-09-09,2025-10-16,30,12179.14,10828.1,10828.1,AED,AED,BANK-94313182,False,normal,2948.49,0
TXN-0003745,SUP-0012,Professional Services,INV-986-2026-003745,PO-2026-003745,2025-09-09,2025-10-18,30,33437.92,25371.88,25371.88,GBP,GBP,BANK-37895989,False,normal,32222.29,0
TXN-0004226,SUP-0128,Maintenance,INV-268-2026-004226,PO-2025-004226,2025-09-09,2025-10-14,30,9739.91,7529.2,7529.2,USD,USD,BANK-93232757,False,normal,7529.2,0
TXN-0004276,SUP-0136,Maintenance,INV-336-2026-004276,PO-2025-004276,2025-09-09,2025-11-21,60,4621.91,3926.05,3926.05,USD,USD,BANK-19530766,False,normal,3926.05,0
TXN-0004437,SUP-0089,Information Technology,INV-265-2026-004437,PO-2026-004437,2025-09-09,2025-09-20,30,19277.78,14939.77,14939.77,USD,USD,BANK-35136775,False,normal,14939.77,0
TXN-0005151,SUP-0041,Facilities,INV-873-2026-005151,PO-2026-005151,2025-09-09,2025-10-29,45,7204.75,5222.8,5222.8,USD,USD,BANK-90410196,False,normal,5222.8,0
TXN-0000876,SUP-0011,Information Technology,INV-676-2026-000876,PO-2025-000876,2025-09-10,2025-11-20,60,5536.43,4836.99,4836.99,USD,USD,BANK-43383005,False,normal,4836.99,0
TXN-0002365,SUP-0032,Maintenance,INV-542-2026-002365,PO-2026-002365,2025-09-10,2025-11-09,45,3315.67,3065.78,3065.78,GBP,GBP,BANK-49158734,False,normal,3893.54,0
TXN-0003407,SUP-0070,Maintenance,INV-622-2026-003407,PO-2026-003407,2025-09-10,2025-11-04,45,30221.56,24199.31,24199.31,USD,USD,BANK-63944450,False,normal,24199.31,0
TXN-0003652,SUP-0042,Maintenance,INV-995-2026-003652,PO-2025-003652,2025-09-10,2025-11-29,90,5512.56,4192.06,4192.06,EUR,EUR,BANK-20438281,False,normal,4569.35,0
TXN-0003899,SUP-0062,Information Technology,INV-110-2026-003899,PO-2026-003899,2025-09-10,2025-10-31,45,13489.05,11564.3,11564.3,AED,AED,BANK-21048213,False,normal,3148.96,0
TXN-0004561,SUP-0124,Facilities,INV-591-2026-004561,PO-2026-004561,2025-09-10,2025-09-28,30,29185.11,26032.02,26032.02,USD,USD,BANK-96006092,False,normal,26032.02,0
TXN-0005239,SUP-0035,Maintenance,INV-946-2026-005239,PO-2026-005239,2025-09-10,2025-10-11,30,2379.18,2231.89,2231.89,AED,AED,BANK-23638594,False,normal,607.74,0
TXN-0005279,SUP-0051,Aircraft Components,INV-118-2026-005279,PO-2026-005279,2025-09-10,2025-10-05,30,13120.86,12167.92,12167.92,USD,USD,BANK-43629195,False,normal,12167.92,0
TXN-0000137,SUP-0027,Facilities,INV-964-2026-000137,PO-2026-000137,2025-09-11,2025-11-07,45,22136.76,19823.85,19823.85,AED,AED,BANK-26263179,False,normal,5398.03,0
TXN-0000451,SUP-0026,Aircraft Components,INV-425-2026-000451,PO-2026-000451,2025-09-11,2025-10-19,30,13497.26,9838.18,11119.19,USD,USD,BANK-94243920,False,overpayment,11119.19,1
TXN-0000566,SUP-0059,Maintenance,INV-326-2026-000566,PO-2025-000566,2025-09-11,2025-10-22,45,52344.47,38944.68,38944.68,USD,USD,BANK-95295830,False,normal,38944.68,0
TXN-0000585,SUP-0108,Ground Services,INV-473-2026-000585,PO-2026-000585,2025-09-11,2025-10-01,30,17073.07,14158.59,14158.59,USD,USD,BANK-76508559,False,normal,14158.59,0
TXN-0000877,SUP-0063,Ground Services,INV-134-2026-004139,PO-2026-004139,2025-09-11,2025-11-10,60,2794.94,2430.8,2430.8,AED,AED,BANK-16087857,False,exact_duplicate,661.91,1
TXN-0001024,SUP-0110,Ground Services,INV-312-2026-001024,PO-2025-001024,2025-09-11,2025-10-24,30,1770.42,1664.45,1664.45,EUR,EUR,BANK-21795197,False,normal,1814.25,0
TXN-0001115,SUP-0049,Information Technology,INV-631-2026-001115,PO-2026-001115,2025-09-11,2025-10-19,45,3230.68,2736.38,2736.38,AED,AED,BANK-69549513,False,normal,745.12,0
TXN-0001248,SUP-0139,Aircraft Components,INV-520-2026-001248,PO-2025-001248,2025-09-11,2025-11-09,45,43622.7,42801.72,42801.72,EUR,EUR,BANK-77394363,False,normal,46653.87,0
TXN-0001364,SUP-0027,Maintenance,INV-373-2026-001364,PO-2025-001364,2025-09-11,2025-12-11,90,7041.93,6681.74,6681.74,AED,AED,BANK-26263179,False,normal,1819.44,0
TXN-0001481,SUP-0060,Professional Services,INV-929-2026-001481,PO-2026-001481,2025-09-11,2025-12-29,90,1005.68,794.37,794.37,USD,USD,BANK-31687351,False,normal,794.37,0
TXN-0002721,SUP-0160,Information Technology,INV-865-2026-002721,PO-2026-002721,2025-09-11,2025-10-12,30,2562.99,1936.73,1936.73,EUR,EUR,BANK-51670701,False,normal,2111.04,0
TXN-0003270,SUP-0052,Aircraft Components,INV-357-2026-003270,PO-2025-003270,2025-09-11,2025-10-06,30,3085.4,2224.67,2224.67,USD,USD,BANK-89766631,False,normal,2224.67,0
TXN-0003882,SUP-0023,Aircraft Components,INV-963-2026-003882,PO-2025-003882,2025-09-11,2025-10-19,30,24302.5,20972.52,20972.52,GBP,GBP,BANK-91497896,False,normal,26635.1,0
TXN-0004108,SUP-0117,Professional Services,INV-913-2026-004108,PO-2025-004108,2025-09-11,2025-10-10,30,1664.18,1501.48,1501.48,EUR,EUR,BANK-97580845,False,normal,1636.61,0
TXN-0000065,SUP-0129,Aircraft Components,INV-831-2026-000065,PO-2026-000065,2025-09-12,2025-11-07,60,13404.09,11288.2,11288.2,USD,USD,BANK-54924829,False,normal,11288.2,0
TXN-0001208,SUP-0064,Aircraft Components,INV-682-2026-001208,PO-2025-001208,2025-09-12,2025-11-09,60,18886.45,18299.69,18299.69,EUR,EUR,BANK-84800139,False,normal,19946.66,0
TXN-0002087,SUP-0117,Maintenance,INV-224-2026-002087,PO-2026-002087,2025-09-12,2025-11-17,60,40572.62,36361.66,36361.66,EUR,EUR,BANK-97580845,False,normal,39634.21,0
TXN-0002390,SUP-0083,Information Technology,INV-706-2026-002390,PO-2025-002390,2025-09-12,2025-11-14,60,14831.31,13806.23,13806.23,EUR,EUR,BANK-49032895,False,normal,15048.79,0
TXN-0002806,SUP-0075,Professional Services,INV-652-2026-002806,PO-2025-002806,2025-09-12,2025-10-22,45,30271.51,25934.58,25934.58,USD,USD,BANK-35245775,False,normal,25934.58,0
TXN-0003102,SUP-0111,Ground Services,INV-128-2026-003102,PO-2025-003102,2025-09-12,2025-10-30,45,42495.36,36495.59,36495.59,USD,USD,BANK-49045227,False,normal,36495.59,0
TXN-0003424,SUP-0145,Professional Services,INV-505-2026-003424,PO-2025-003424,2025-09-12,2025-10-10,30,1407.08,1267.94,1267.94,AED,AED,BANK-26332140,False,normal,345.26,0
TXN-0003548,SUP-0045,Ground Services,INV-423-2026-003548,PO-2025-003548,2025-09-12,2025-10-13,30,14904.54,14872.57,14872.57,EUR,EUR,BANK-38433614,False,normal,16211.1,0
TXN-0005443,SUP-0019,Facilities,INV-754-2026-005443,PO-2026-005443,2025-09-12,2025-11-09,60,4174.86,3044.92,3044.92,EUR,EUR,BANK-67134797,False,normal,3318.96,0
TXN-0000446,SUP-0112,Information Technology,INV-917-2026-000446,PO-2025-000446,2025-09-13,2025-10-23,30,5277.05,4801.98,4801.98,USD,USD,BANK-21137842,False,normal,4801.98,0
TXN-0000807,SUP-0072,Information Technology,INV-916-2026-000807,PO-2026-000807,2025-09-13,2025-10-13,30,21122.48,19756.67,19756.67,USD,USD,BANK-88710582,False,normal,19756.67,0
TXN-0000815,SUP-0122,Ground Services,INV-821-2026-000815,PO-2026-000815,2025-09-13,2025-10-10,30,22387.93,21815.15,21815.15,AED,AED,BANK-69657778,False,normal,5940.27,0
TXN-0000965,SUP-0047,Aircraft Components,INV-731-2026-000965,PO-2026-000965,2025-09-13,2025-11-05,45,5183.74,4900.61,4900.61,USD,USD,BANK-79481118,False,normal,4900.61,0
TXN-0002423,SUP-0021,Professional Services,INV-237-2026-002423,PO-2026-002423,2025-09-13,2025-10-24,45,3595.69,3467.84,3467.84,EUR,EUR,BANK-65967398,False,normal,3779.95,0
TXN-0002833,SUP-0041,Ground Services,INV-161-2026-002833,PO-2026-002833,2025-09-13,2025-11-07,60,13670.48,13208.09,13208.09,USD,USD,BANK-90410196,False,normal,13208.09,0
TXN-0003248,SUP-0150,Facilities,INV-286-2026-003248,PO-2025-003248,2025-09-13,2025-10-20,30,18982.71,16385.98,16385.98,USD,USD,BANK-67087104,False,normal,16385.98,0
TXN-0003383,SUP-0036,Aircraft Components,INV-353-2026-003383,PO-2026-003383,2025-09-13,2025-11-19,60,43159.39,55056.64,55056.64,USD,USD,BANK-90250953,False,invoice_above_po,55056.64,1
TXN-0003397,SUP-0093,Information Technology,INV-105-2026-003397,PO-2026-003397,2025-09-13,2025-10-01,30,31706.64,24094.53,24094.53,USD,USD,BANK-97237891,False,normal,24094.53,0
TXN-0003798,SUP-0070,Facilities,INV-793-2026-003798,PO-2025-003798,2025-09-13,2025-11-05,60,51508.87,40847.19,40847.19,USD,USD,BANK-63944450,False,normal,40847.19,0
TXN-0003910,SUP-0082,Ground Services,INV-527-2026-003910,PO-2025-003910,2025-09-13,2025-11-03,60,3107.03,2937.03,2937.03,USD,USD,BANK-55066706,False,normal,2937.03,0
TXN-0003951,SUP-0105,Professional Services,INV-166-2026-003951,PO-2026-003951,2025-09-13,2025-10-09,30,15048.24,12606.32,12606.32,EUR,EUR,BANK-12259119,False,normal,13740.89,0
TXN-0005395,SUP-0025,Facilities,INV-672-2026-005395,PO-2026-005395,2025-09-13,2025-10-05,30,3802.01,2968.48,2968.48,EUR,EUR,BANK-99224451,False,normal,3235.64,0
TXN-0000097,SUP-0137,Maintenance,INV-483-2026-003698,PO-2025-003698,2025-09-14,2025-12-13,90,15405.67,11456.73,11456.73,GBP,GBP,BANK-75099036,False,exact_duplicate,14550.05,1
TXN-0000307,SUP-0116,Aircraft Components,INV-176-2026-000307,PO-2026-000307,2025-09-14,2025-11-06,60,9288.5,6959.67,6959.67,EUR,EUR,BANK-45782037,False,normal,7586.04,0
TXN-0000555,SUP-0113,Facilities,INV-562-2026-000555,PO-2026-000555,2025-09-14,2025-11-20,60,8806.9,8343.86,8343.86,USD,USD,BANK-61055398,False,normal,8343.86,0
TXN-0000624,SUP-0008,Aircraft Components,INV-809-2026-000624,PO-2025-000624,2025-09-14,2025-12-22,90,8478.04,6159.7,6159.7,EUR,EUR,BANK-22713593,False,normal,6714.07,0
TXN-0000655,SUP-0141,Aircraft Components,INV-817-2026-000655,PO-2026-000655,2025-09-14,2025-10-22,60,2976.31,2162.72,2162.72,AED,AED,BANK-10585992,False,normal,588.91,0
TXN-0000942,SUP-0145,Aircraft Components,INV-879-2026-000942,PO-2025-000942,2025-09-14,2025-10-24,30,13500.25,10317.5,10317.5,AED,AED,BANK-26332140,False,normal,2809.46,0
TXN-0003071,SUP-0113,Maintenance,INV-414-2026-003071,PO-2026-003071,2025-09-14,2025-11-13,45,2977.8,2952.52,2952.52,USD,USD,BANK-61055398,False,normal,2952.52,0
TXN-0003616,SUP-0159,Information Technology,INV-431-2026-003616,PO-2025-003616,2025-09-14,2025-10-11,30,27115.87,23244.53,23244.53,AED,AED,BANK-81713537,False,normal,6329.49,0
TXN-0004600,SUP-0055,Ground Services,INV-427-2026-004600,PO-2025-004600,2025-09-14,2025-10-13,30,6577.33,4738.76,4738.76,AED,AED,BANK-44199230,False,normal,1290.36,0
TXN-0004829,SUP-0035,Maintenance,INV-946-2026-005239,PO-2026-005239,2025-09-14,2025-10-14,30,2379.18,2231.89,2231.89,AED,AED,BANK-23638594,False,exact_duplicate,607.74,1
TXN-0005224,SUP-0122,Aircraft Components,INV-592-2026-005224,PO-2025-005224,2025-09-14,2025-10-28,45,2680.35,2347.08,2347.08,AED,AED,BANK-69657778,False,normal,639.11,0
TXN-0000308,SUP-0133,Aircraft Components,INV-113-2026-000308,PO-2025-000308,2025-09-15,2025-10-28,30,7036.02,5211.67,5211.67,AED,AED,BANK-23338758,False,normal,1419.14,0
TXN-0000619,SUP-0050,Facilities,INV-749-2026-000619,PO-2026-000619,2025-09-15,2025-11-17,60,13415.27,12489.91,12489.91,USD,USD,BANK-46919792,False,normal,12489.91,0
TXN-0001093,SUP-0019,Information Technology,INV-737-2026-001093,PO-2026-001093,2025-09-15,2025-10-17,30,40857.02,29655.66,29655.66,EUR,EUR,BANK-67134797,False,normal,32324.67,0
TXN-0001207,SUP-0106,Maintenance,INV-762-2026-001207,PO-2026-001207,2025-09-15,2025-09-29,30,15063.16,14028.72,14028.72,AED,AED,BANK-74386640,False,normal,3820.02,0
TXN-0001280,SUP-0150,Aircraft Components,INV-779-2026-001280,PO-2025-001280,2025-09-15,2025-12-29,90,3702.96,3078.18,3078.18,USD,USD,BANK-67087104,False,normal,3078.18,0
TXN-0002626,SUP-0123,Professional Services,INV-311-2026-002626,PO-2025-002626,2025-09-15,2025-11-07,60,753.5,627.92,627.92,USD,USD,BANK-38236379,False,normal,627.92,0
TXN-0003016,SUP-0103,Facilities,INV-291-2026-003016,PO-2025-003016,2025-09-15,2025-10-27,30,10720.8,7807.98,7807.98,USD,USD,BANK-87788293,False,normal,7807.98,0
TXN-0004185,SUP-0016,Aircraft Components,INV-391-2026-004185,PO-2026-004185,2025-09-15,2025-11-14,60,1710.31,1301.52,1301.52,USD,USD,BANK-96689067,False,normal,1301.52,0
TXN-0004270,SUP-0097,Ground Services,INV-382-2026-004270,PO-2025-004270,2025-09-15,2025-11-10,60,2760.04,2271.29,2271.29,USD,USD,BANK-93475211,False,normal,2271.29,0
TXN-0004353,SUP-0143,Aircraft Components,INV28720260043A77,PO-2026-004377,2025-09-15,2025-11-14,60,1654.29,1623.07,1623.07,GBP,GBP,BANK-24937333,False,near_duplicate,2061.3,1
TXN-0004522,SUP-0133,Facilities,INV-544-2026-004522,PO-2025-004522,2025-09-15,2025-11-22,60,25394.98,18606.99,18606.99,AED,AED,BANK-23338758,False,normal,5066.68,0
TXN-0004795,SUP-0115,Professional Services,INV-605-2026-004795,PO-2026-004795,2025-09-15,2025-10-01,30,504.81,405.34,405.34,USD,USD,BANK-17278259,False,normal,405.34,0
TXN-0000124,SUP-0138,Aircraft Components,INV-456-2026-000124,PO-2025-000124,2025-09-16,2025-11-21,60,33658.01,26037.68,26037.68,AED,AED,BANK-22630563,False,normal,7090.06,0
TXN-0000283,SUP-0023,Maintenance,INV-558-2026-000283,PO-2026-000283,2025-09-16,2025-10-29,45,34986.72,25492.07,25492.07,GBP,GBP,BANK-91497896,False,normal,32374.93,0
TXN-0000840,SUP-0031,Information Technology,INV-819-2026-000840,PO-2025-000840,2025-09-16,2025-09-27,30,48577.7,47281.68,47281.68,EUR,EUR,BANK-36891816,False,normal,51537.03,0
TXN-0001484,SUP-0025,Ground Services,INV-572-2026-001484,PO-2025-001484,2025-09-16,2025-10-21,30,12957.43,12649.5,12649.5,EUR,EUR,BANK-99224451,False,normal,13787.96,0
TXN-0001557,SUP-0120,Ground Services,INV-434-2026-001557,PO-2026-001557,2025-09-16,2025-10-13,30,6830.67,6075.45,6075.45,AED,AED,BANK-53972563,False,normal,1654.35,0
TXN-0003533,SUP-0030,Information Technology,INV-829-2026-003533,PO-2026-003533,2025-09-16,2025-10-04,30,2253.96,1780.48,1780.48,AED,AED,BANK-14041955,False,normal,484.82,0
TXN-0004034,SUP-0069,Facilities,INV-284-2026-004034,PO-2025-004034,2025-09-16,2025-11-07,60,39407.7,37045.09,37045.09,USD,USD,BANK-43048809,False,normal,37045.09,0
TXN-0004903,SUP-0080,Facilities,INV-565-2026-004903,PO-2026-004903,2025-09-16,2025-10-25,45,15997.43,13648.03,13648.03,EUR,EUR,BANK-97464377,False,normal,14876.35,0
TXN-0004992,SUP-0114,Professional Services,INV-719-2026-004992,PO-2025-004992,2025-09-16,2025-11-08,60,21579.31,20193.7,20193.7,AED,AED,BANK-93480628,False,normal,5498.74,0
TXN-0005390,SUP-0014,Ground Services,INV-645-2026-005390,PO-2025-005390,2025-09-16,2025-11-15,60,8087.79,6146.16,6146.16,EUR,EUR,BANK-51403053,False,normal,6699.31,0
TXN-0005587,SUP-0115,Information Technology,INV-813-2026-005587,PO-2026-005587,2025-09-16,2025-11-20,60,173827.34,134902.72,134902.72,USD,USD,NEW-89225389,True,bank_change,134902.72,1
TXN-0000182,SUP-0138,Professional Services,INV-220-2026-000182,PO-2025-000182,2025-09-17,2025-10-26,30,1779.71,1640.36,1640.36,AED,AED,BANK-22630563,False,normal,446.67,0
TXN-0000920,SUP-0025,Maintenance,INV-698-2026-000920,PO-2025-000920,2025-09-17,2025-11-02,45,2781.15,2721.69,2721.69,EUR,EUR,BANK-99224451,False,normal,2966.64,0
TXN-0001087,SUP-0118,Professional Services,INV-911-2026-001087,PO-2026-001087,2025-09-17,2025-10-11,30,1242.76,1130.41,1130.41,AED,AED,BANK-37085381,False,normal,307.81,0
TXN-0002714,SUP-0043,Information Technology,INV-100-2026-002714,PO-2025-002714,2025-09-17,2025-11-24,60,5034.14,3992.12,3992.12,AED,AED,BANK-56697251,False,normal,1087.05,0
TXN-0003762,SUP-0031,Professional Services,INV-211-2026-003762,PO-2025-003762,2025-09-17,2025-11-01,45,22107.05,21074.66,21074.66,EUR,EUR,BANK-36891816,False,normal,22971.38,0
TXN-0004175,SUP-0134,Maintenance,INV-805-2026-004175,PO-2026-004175,2025-09-17,2025-10-11,30,8109.83,7337.79,7337.79,USD,USD,BANK-67057759,False,normal,7337.79,0
TXN-0005162,SUP-0153,Maintenance,INV-855-2026-005162,PO-2025-005162,2025-09-17,2025-10-16,30,18589.35,13962.87,13962.87,USD,USD,BANK-11605310,False,normal,13962.87,0
TXN-0005179,SUP-0035,Professional Services,INV-282-2026-001096,PO-2025-001096,2025-09-17,2025-11-01,45,9114.63,8724.2,8724.2,AED,AED,BANK-23638594,False,exact_duplicate,2375.6,1
TXN-0005429,SUP-0084,Maintenance,INV-365-2026-005429,PO-2026-005429,2025-09-17,2025-11-02,45,8180.77,6767.18,6767.18,USD,USD,BANK-22950775,False,normal,6767.18,0
TXN-0000641,SUP-0137,Aircraft Components,INV-420-2026-000641,PO-2026-000641,2025-09-18,2025-11-12,60,2652.99,2139.14,2139.14,GBP,GBP,BANK-75099036,False,normal,2716.71,0
TXN-0002160,SUP-0001,Information Technology,INV-211-2026-002160,PO-2025-002160,2025-09-18,2025-10-17,30,8224.95,8020.15,8020.15,EUR,EUR,BANK-38861149,False,normal,8741.96,0
TXN-0002409,SUP-0042,Professional Services,INV-649-2026-002409,PO-2026-002409,2025-09-18,2025-10-09,30,3801.15,3248.28,3248.28,EUR,EUR,BANK-20438281,False,normal,3540.63,0
TXN-0004833,SUP-0123,Ground Services,INV-636-2026-004833,PO-2026-004833,2025-09-18,2025-10-15,30,6186.11,5656.99,5656.99,USD,USD,BANK-38236379,False,normal,5656.99,0
TXN-0001833,SUP-0137,Maintenance,INV-534-2026-001833,PO-2026-001833,2025-09-19,2025-10-18,45,19350.05,16690.91,16690.91,GBP,GBP,BANK-75099036,False,normal,21197.46,0
TXN-0001906,SUP-0031,Ground Services,INV-164-2026-001906,PO-2025-001906,2025-09-19,2025-11-03,60,12937.17,12040.3,12040.3,EUR,EUR,BANK-36891816,False,normal,13123.93,0
TXN-0002751,SUP-0059,Professional Services,INV-404-2026-002751,PO-2026-002751,2025-09-19,2025-11-18,60,9700.19,7263.29,7263.29,USD,USD,BANK-95295830,False,normal,7263.29,0
TXN-0002838,SUP-0103,Maintenance,INV-137-2026-002838,PO-2025-002838,2025-09-19,2025-10-20,30,10357.03,7859.93,7859.93,USD,USD,BANK-87788293,False,normal,7859.93,0
TXN-0002980,SUP-0120,Professional Services,INV-828-2026-002980,PO-2025-002980,2025-09-19,2025-12-25,90,8012.93,7449.09,7449.09,AED,AED,BANK-53972563,False,normal,2028.39,0
TXN-0003668,SUP-0157,Professional Services,INV-760-2026-003668,PO-2025-003668,2025-09-19,2025-10-17,30,4028.45,3624.47,3624.47,USD,USD,BANK-84648574,False,normal,3624.47,0
TXN-0004230,SUP-0081,Maintenance,INV-906-2026-004230,PO-2025-004230,2025-09-19,2025-11-01,45,32018.97,47383.46,47383.46,AED,AED,BANK-54937628,False,invoice_above_po,12902.52,1
TXN-0004274,SUP-0112,Facilities,INV-355-2026-004274,PO-2025-004274,2025-09-19,2025-11-27,60,3140.74,2681.49,2681.49,USD,USD,BANK-21137842,False,normal,2681.49,0
TXN-0005079,SUP-0015,Ground Services,INV-670-2026-005079,PO-2026-005079,2025-09-19,2025-11-09,60,3794.75,3194.53,3194.53,USD,USD,BANK-82742631,False,normal,3194.53,0
TXN-0000762,SUP-0075,Aircraft Components,INV-396-2026-000762,PO-2025-000762,2025-09-20,2025-11-01,45,50221.45,37527.6,37527.6,USD,USD,BANK-35245775,False,normal,37527.6,0
TXN-0001104,SUP-0005,Ground Services,INV-222-2026-001104,PO-2025-001104,2025-09-20,2025-11-03,30,4344.9,4266.39,4266.39,USD,USD,BANK-97763977,False,normal,4266.39,0
TXN-0001603,SUP-0049,Facilities,INV-689-2026-001603,PO-2026-001603,2025-09-20,2025-10-25,45,1615.66,1562.2,1562.2,AED,AED,BANK-69549513,False,normal,425.39,0
TXN-0002622,SUP-0060,Ground Services,INV-443-2026-002622,PO-2025-002622,2025-09-20,2025-10-25,45,3854.19,3569.98,3569.98,USD,USD,BANK-31687351,False,normal,3569.98,0
TXN-0003428,SUP-0089,Ground Services,INV-646-2026-003428,PO-2025-003428,2025-09-20,2025-12-21,90,38045.45,29888.06,29888.06,USD,USD,BANK-35136775,False,normal,29888.06,0
TXN-0003566,SUP-0064,Aircraft Components,INV-612-2026-003566,PO-2025-003566,2025-09-20,2025-11-06,45,5172.67,4377.46,4377.46,EUR,EUR,BANK-84800139,False,normal,4771.43,0
TXN-0003956,SUP-0057,Professional Services,INV-671-2026-003956,PO-2025-003956,2025-09-20,2025-10-08,30,38457.27,38117.38,38117.38,USD,USD,BANK-10477636,False,normal,38117.38,0
TXN-0004068,SUP-0089,Ground Services,INV-112-2026-004068,PO-2025-004068,2025-09-20,2025-11-12,45,2552.01,1890.66,1890.66,USD,USD,BANK-35136775,False,normal,1890.66,0
TXN-0005327,SUP-0048,Information Technology,INV-412-2026-005327,PO-2026-005327,2025-09-20,2025-12-05,90,15443.89,12977.9,12977.9,USD,USD,BANK-40202528,False,normal,12977.9,0
TXN-0001068,SUP-0100,Professional Services,INV-917-2026-001068,PO-2025-001068,2025-09-21,2025-10-09,30,12766.11,12199.85,12199.85,GBP,GBP,BANK-62300494,False,normal,15493.81,0
TXN-0001284,SUP-0032,Professional Services,INV-128-2026-001284,PO-2025-001284,2025-09-21,2025-10-30,45,885.63,793.08,793.08,GBP,GBP,BANK-49158734,False,normal,1007.21,0
TXN-0002146,SUP-0109,Information Technology,INV-409-2026-002146,PO-2025-002146,2025-09-21,2025-11-06,45,3927.29,3842.22,3842.22,USD,USD,BANK-84335845,False,normal,3842.22,0
TXN-0002931,SUP-0099,Facilities,INV-546-2026-002931,PO-2026-002931,2025-09-21,2025-11-05,30,7904.72,7034.96,7034.96,USD,USD,BANK-78956930,False,normal,7034.96,0
TXN-0003028,SUP-0023,Aircraft Components,INV-713-2026-003028,PO-2025-003028,2025-09-21,2025-10-15,30,24181.66,19897.51,19897.51,GBP,GBP,BANK-91497896,False,normal,25269.84,0
TXN-0003122,SUP-0111,Ground Services,INV-226-2026-003122,PO-2025-003122,2025-09-21,2025-11-17,45,10205.55,7348.74,7348.74,USD,USD,BANK-49045227,False,normal,7348.74,0
TXN-0003302,SUP-0019,Facilities,INV75420260054A43,PO-2026-005443,2025-09-21,2025-11-20,60,4174.86,3044.92,3044.92,EUR,EUR,BANK-67134797,False,near_duplicate,3318.96,1
TXN-0003338,SUP-0029,Professional Services,INV-713-2026-003338,PO-2025-003338,2025-09-21,2025-11-02,45,6490.32,4693.53,4693.53,USD,USD,BANK-57984114,False,normal,4693.53,0
TXN-0003743,SUP-0056,Information Technology,INV-228-2026-003743,PO-2026-003743,2025-09-21,2025-10-24,30,59736.32,57978.01,57978.01,EUR,EUR,BANK-33621446,False,normal,63196.03,0
TXN-0005232,SUP-0120,Maintenance,INV-892-2026-005232,PO-2025-005232,2025-09-21,2025-11-14,60,55002.49,46833.8,46833.8,AED,AED,BANK-53972563,False,normal,12752.84,0
TXN-0000106,SUP-0145,Aircraft Components,INV-264-2026-000106,PO-2025-000106,2025-09-22,2025-11-18,45,38659.59,32441.8,32441.8,AED,AED,BANK-26332140,False,normal,8833.9,0
TXN-0000720,SUP-0145,Maintenance,INV-307-2026-000720,PO-2025-000720,2025-09-22,2025-12-01,60,5276.1,4991.11,4991.11,AED,AED,BANK-26332140,False,normal,1359.08,0
TXN-0001251,SUP-0081,Professional Services,INV-476-2026-001251,PO-2026-001251,2025-09-22,2025-11-17,45,4388.0,4214.58,4214.58,AED,AED,BANK-54937628,False,normal,1147.63,0
TXN-0001528,SUP-0148,Professional Services,INV-784-2026-001528,PO-2025-001528,2025-09-22,2025-10-25,30,13231.1,10377.74,10377.74,AED,AED,BANK-48887190,False,normal,2825.86,0
TXN-0002979,SUP-0058,Aircraft Components,INV-230-2026-002979,PO-2026-002979,2025-09-22,2025-10-18,30,5974.73,4833.66,4833.66,AED,AED,BANK-94313182,False,normal,1316.21,0
TXN-0004611,SUP-0099,Aircraft Components,INV-670-2026-004611,PO-2026-004611,2025-09-22,2025-11-08,45,6483.95,4960.2,4960.2,USD,USD,BANK-78956930,False,normal,4960.2,0
TXN-0005111,SUP-0086,Ground Services,INV-959-2026-005111,PO-2026-005111,2025-09-22,2025-11-24,60,2687.63,2492.82,2492.82,USD,USD,BANK-11254265,False,normal,2492.82,0
TXN-0005210,SUP-0011,Professional Services,INV-573-2026-005210,PO-2025-005210,2025-09-22,2025-11-12,45,9561.48,8733.34,8733.34,USD,USD,BANK-43383005,False,normal,8733.34,0
TXN-0005304,SUP-0158,Aircraft Components,INV-962-2026-005304,PO-2025-005304,2025-09-22,2025-12-20,90,6706.65,5503.64,5503.64,AED,AED,BANK-32546185,False,normal,1498.64,0
TXN-0005447,SUP-0055,Aircraft Components,INV-653-2026-005447,PO-2026-005447,2025-09-22,2025-10-24,30,89275.49,80972.13,80972.13,AED,AED,BANK-44199230,False,normal,22048.71,0
TXN-0005579,SUP-0060,Aircraft Components,INV-736-2026-005579,PO-2026-005579,2025-09-22,2025-10-14,30,3398.77,2645.89,2645.89,USD,USD,BANK-31687351,False,normal,2645.89,0
TXN-0000030,SUP-0017,Ground Services,INV-393-2026-000030,PO-2025-000030,2025-09-23,2025-10-27,30,6457.96,5843.7,5843.7,AED,AED,BANK-38542500,False,normal,1591.24,0
TXN-0000045,SUP-0096,Information Technology,INV-221-2026-000045,PO-2026-000045,2025-09-23,2025-10-26,30,22068.08,20511.31,20511.31,AED,AED,BANK-55569693,False,normal,5585.23,0
TXN-0000229,SUP-0148,Ground Services,INV-577-2026-000229,PO-2026-000229,2025-09-23,2025-11-14,45,3263.62,3146.31,3146.31,AED,AED,BANK-48887190,False,normal,856.74,0
TXN-0000474,SUP-0066,Aircraft Components,INV-942-2026-000474,PO-2025-000474,2025-09-23,2025-11-08,45,89936.71,82250.17,82250.17,AED,AED,BANK-23795588,False,normal,22396.72,0
TXN-0000839,SUP-0139,Ground Services,INV-787-2026-000839,PO-2026-000839,2025-09-23,2025-12-20,90,27041.71,21647.45,21647.45,EUR,EUR,BANK-77394363,False,normal,23595.72,0
TXN-0001044,SUP-0148,Ground Services,INV-660-2026-001044,PO-2025-001044,2025-09-23,2025-11-12,45,14856.94,13264.51,13264.51,AED,AED,BANK-48887190,False,normal,3611.93,0
TXN-0001480,SUP-0119,Professional Services,INV-752-2026-001480,PO-2025-001480,2025-09-23,2025-10-24,30,1564.34,1515.88,1515.88,USD,USD,BANK-21899503,False,normal,1515.88,0
TXN-0001801,SUP-0145,Maintenance,INV-250-2026-001801,PO-2026-001801,2025-09-23,2025-10-20,30,1338.14,1262.23,1262.23,AED,AED,BANK-26332140,False,normal,343.71,0
TXN-0002237,SUP-0019,Facilities,INV-733-2026-002237,PO-2026-002237,2025-09-23,2025-10-20,30,8069.9,6242.44,6242.44,EUR,EUR,BANK-67134797,False,normal,6804.26,0
TXN-0002555,SUP-0064,Information Technology,INV-360-2026-002555,PO-2026-002555,2025-09-23,2025-11-10,30,22131.07,17062.89,17062.89,EUR,EUR,BANK-84800139,False,normal,18598.55,0
TXN-0002697,SUP-0120,Ground Services,INV-635-2026-002697,PO-2026-002697,2025-09-23,2025-11-05,45,12854.65,9450.71,9450.71,AED,AED,BANK-53972563,False,normal,2573.43,0
TXN-0002701,SUP-0123,Ground Services,INV-720-2026-002701,PO-2026-002701,2025-09-23,2025-11-09,45,122612.86,94861.1,94861.1,USD,USD,BANK-38236379,False,normal,94861.1,0
TXN-0002815,SUP-0102,Information Technology,INV-748-2026-002815,PO-2026-002815,2025-09-23,2025-10-11,30,14391.48,11668.78,11668.78,AED,AED,BANK-27979808,False,normal,3177.41,0
TXN-0003418,SUP-0002,Professional Services,INV-463-2026-003418,PO-2025-003418,2025-09-23,2025-12-05,60,5385.86,5349.01,5349.01,USD,USD,BANK-19696685,False,normal,5349.01,0
TXN-0003667,SUP-0146,Aircraft Components,INV-857-2026-003667,PO-2026-003667,2025-09-23,2025-10-24,30,1565.46,1542.85,1542.85,USD,USD,BANK-76449297,False,normal,1542.85,0
TXN-0004632,SUP-0075,Information Technology,INV-212-2026-004632,PO-2025-004632,2025-09-23,2025-11-12,45,16041.61,14748.59,14748.59,USD,USD,BANK-35245775,False,normal,14748.59,0
TXN-0004965,SUP-0041,Professional Services,INV-901-2026-004965,PO-2026-004965,2025-09-23,2025-11-29,60,36532.78,36087.1,36087.1,USD,USD,BANK-90410196,False,normal,36087.1,0
TXN-0000049,SUP-0093,Professional Services,INV-381-2026-000049,PO-2026-000049,2025-09-24,2025-10-27,30,5046.22,4333.83,4333.83,USD,USD,BANK-97237891,False,normal,4333.83,0
TXN-0000158,SUP-0077,Facilities,INV-731-2026-000158,PO-2025-000158,2025-09-24,2025-10-16,30,18618.82,14363.31,18100.75,USD,USD,BANK-99822506,False,overpayment,18100.75,1
TXN-0000261,SUP-0086,Ground Services,INV-857-2026-000261,PO-2026-000261,2025-09-24,2025-10-28,30,37117.76,31020.86,31020.86,USD,USD,BANK-11254265,False,normal,31020.86,0
TXN-0000721,SUP-0083,Aircraft Components,INV-139-2026-000721,PO-2026-000721,2025-09-24,2025-10-23,30,14437.33,12457.94,12457.94,EUR,EUR,BANK-49032895,False,normal,13579.15,0
TXN-0001198,SUP-0128,Professional Services,INV-441-2026-001198,PO-2025-001198,2025-09-24,2025-10-30,45,2038.75,1889.82,1889.82,USD,USD,BANK-93232757,False,normal,1889.82,0
TXN-0001782,SUP-0117,Maintenance,INV-188-2026-001782,PO-2025-001782,2025-09-24,2025-10-12,30,3470.92,2507.45,2507.45,EUR,EUR,BANK-97580845,False,normal,2733.12,0
TXN-0001904,SUP-0140,Professional Services,INV-176-2026-001904,PO-2025-001904,2025-09-24,2025-11-30,60,13329.66,11183.39,11183.39,USD,USD,BANK-47720288,False,normal,11183.39,0
TXN-0003137,SUP-0053,Aircraft Components,INV-408-2026-003137,PO-2026-003137,2025-09-24,2025-12-09,60,21754.32,20888.99,20888.99,EUR,EUR,BANK-76295561,False,normal,22769.0,0
TXN-0003529,SUP-0046,Ground Services,INV-823-2026-003529,PO-2026-003529,2025-09-24,2025-11-17,45,6232.89,4994.63,4994.63,EUR,EUR,BANK-11990275,False,normal,5444.15,0
TXN-0003582,SUP-0068,Facilities,INV-194-2026-003582,PO-2025-003582,2025-09-24,2025-11-13,60,4729.8,3513.67,3513.67,USD,USD,BANK-26134147,False,normal,3513.67,0
TXN-0004434,SUP-0085,Maintenance,INV-615-2026-004434,PO-2025-004434,2025-09-24,2026-01-04,90,1764.22,1309.85,1309.85,USD,USD,BANK-94093522,False,normal,1309.85,0
TXN-0004772,SUP-0047,Maintenance,INV-763-2026-004772,PO-2025-004772,2025-09-24,2025-11-06,45,4271.54,3287.21,3287.21,USD,USD,BANK-79481118,False,normal,3287.21,0
TXN-0000484,SUP-0145,Professional Services,INV50520260034A24,PO-2025-003424,2025-09-25,2025-10-25,30,1407.08,1267.94,1267.94,AED,AED,BANK-26332140,False,near_duplicate,345.26,1
TXN-0000605,SUP-0081,Maintenance,INV-152-2026-000605,PO-2026-000605,2025-09-25,2025-11-11,45,4494.09,3469.23,3469.23,AED,AED,BANK-54937628,False,normal,944.67,0
TXN-0000988,SUP-0034,Maintenance,INV-652-2026-000988,PO-2025-000988,2025-09-25,2025-12-04,60,25206.22,21966.26,21966.26,USD,USD,BANK-99313799,False,normal,21966.26,0
TXN-0001070,SUP-0027,Information Technology,INV-636-2026-001070,PO-2025-001070,2025-09-25,2025-11-26,60,9726.09,9594.7,9594.7,AED,AED,BANK-26263179,False,normal,2612.64,0
TXN-0001543,SUP-0085,Information Technology,INV-918-2026-001543,PO-2026-001543,2025-09-25,2025-11-27,60,13243.9,11096.86,11096.86,USD,USD,BANK-94093522,False,normal,11096.86,0
TXN-0002370,SUP-0013,Aircraft Components,INV-372-2026-002370,PO-2025-002370,2025-09-25,2025-11-03,45,51979.95,37589.31,37589.31,AED,AED,BANK-84681076,False,normal,10235.57,0
TXN-0003477,SUP-0106,Facilities,INV-201-2026-003477,PO-2026-003477,2025-09-25,2025-11-25,45,12298.84,10783.94,10783.94,AED,AED,BANK-74386640,False,normal,2936.47,0
TXN-0004470,SUP-0031,Ground Services,INV-968-2026-004470,PO-2025-004470,2025-09-25,2025-11-11,45,20639.76,17826.46,17826.46,EUR,EUR,BANK-36891816,False,normal,19430.84,0
TXN-0005369,SUP-0066,Ground Services,INV-354-2026-005369,PO-2026-005369,2025-09-25,2025-11-20,60,4499.84,4099.62,4099.62,AED,AED,BANK-23795588,False,normal,1116.33,0
TXN-0000119,SUP-0133,Aircraft Components,INV-268-2026-000119,PO-2026-000119,2025-09-26,2025-11-20,45,10805.68,9564.76,9564.76,AED,AED,BANK-23338758,False,normal,2604.48,0
TXN-0000453,SUP-0074,Ground Services,INV-893-2026-000453,PO-2026-000453,2025-09-26,2025-10-20,30,35954.74,26355.96,26355.96,USD,USD,BANK-27679119,False,normal,26355.96,0
TXN-0000940,SUP-0131,Maintenance,INV-929-2026-000940,PO-2025-000940,2025-09-26,2025-10-24,30,19897.63,19339.56,19339.56,USD,USD,BANK-63724249,False,normal,19339.56,0
TXN-0001576,SUP-0090,Information Technology,INV-787-2026-001576,PO-2025-001576,2025-09-26,2025-10-28,30,9545.94,7081.12,7081.12,AED,AED,BANK-21863999,False,normal,1928.19,0
TXN-0001779,SUP-0017,Ground Services,INV-121-2026-001779,PO-2026-001779,2025-09-26,2025-11-10,45,5530.33,5511.19,5511.19,AED,AED,BANK-38542500,False,normal,1500.7,0
TXN-0002006,SUP-0043,Facilities,INV-727-2026-002006,PO-2025-002006,2025-09-26,2025-09-27,30,2947.04,2529.65,2529.65,AED,AED,BANK-56697251,False,rapid_payment,688.82,1
TXN-0002091,SUP-0044,Professional Services,INV-422-2026-002091,PO-2026-002091,2025-09-26,2025-11-03,45,6334.75,5381.23,5381.23,USD,USD,BANK-52259076,False,normal,5381.23,0
TXN-0002894,SUP-0064,Maintenance,INV-432-2026-002894,PO-2025-002894,2025-09-26,2025-11-26,60,7631.03,6138.16,6138.16,EUR,EUR,BANK-84800139,False,normal,6690.59,0
TXN-0003452,SUP-0076,Aircraft Components,INV-459-2026-003452,PO-2025-003452,2025-09-26,2025-11-25,60,23394.69,17596.48,17596.48,USD,USD,BANK-37929130,False,normal,17596.48,0
TXN-0003927,SUP-0054,Professional Services,INV-144-2026-003927,PO-2026-003927,2025-09-26,2025-11-24,60,21302.86,16941.08,16941.08,AED,AED,BANK-77211064,False,normal,4613.06,0
TXN-0003964,SUP-0144,Aircraft Components,INV-472-2026-003964,PO-2025-003964,2025-09-26,2025-11-05,30,4868.6,4534.37,4534.37,AED,AED,BANK-63643829,False,normal,1234.71,0
TXN-0004008,SUP-0042,Maintenance,INV-979-2026-004008,PO-2025-004008,2025-09-26,2025-11-16,45,14676.56,13389.54,13389.54,EUR,EUR,BANK-20438281,False,normal,14594.6,0
TXN-0004208,SUP-0139,Information Technology,INV-997-2026-004208,PO-2025-004208,2025-09-26,2025-12-02,60,2727.75,2513.96,2513.96,EUR,EUR,BANK-77394363,False,normal,2740.22,0
TXN-0005477,SUP-0133,Ground Services,INV-858-2026-005477,PO-2026-005477,2025-09-26,2025-10-26,30,7167.04,9580.3,9580.3,AED,AED,BANK-23338758,False,invoice_above_po,2608.72,1
TXN-0000683,SUP-0160,Facilities,INV-652-2026-000683,PO-2026-000683,2025-09-27,2025-10-23,30,53896.12,51742.36,51742.36,EUR,EUR,BANK-51670701,False,normal,56399.17,0
TXN-0001114,SUP-0114,Aircraft Components,INV-374-2026-001114,PO-2025-001114,2025-09-27,2025-10-23,30,10108.76,7748.21,7748.21,AED,AED,BANK-93480628,False,normal,2109.84,0
TXN-0002580,SUP-0089,Ground Services,INV-777-2026-002580,PO-2025-002580,2025-09-27,2025-10-17,30,101234.1,78588.84,78588.84,USD,USD,BANK-35136775,False,normal,78588.84,0
TXN-0002798,SUP-0016,Maintenance,INV-481-2026-002798,PO-2025-002798,2025-09-27,2025-11-11,30,33941.54,30342.77,30342.77,USD,USD,BANK-96689067,False,normal,30342.77,0
TXN-0003292,SUP-0137,Maintenance,INV-101-2026-003292,PO-2025-003292,2025-09-27,2025-11-01,30,32147.34,31390.85,31390.85,GBP,GBP,BANK-75099036,False,normal,39866.38,0
TXN-0004073,SUP-0121,Maintenance,INV-307-2026-004073,PO-2026-004073,2025-09-27,2025-10-24,45,34515.78,26214.62,26214.62,AED,AED,BANK-55753531,False,normal,7138.24,0
TXN-0004076,SUP-0068,Ground Services,INV-346-2026-004076,PO-2025-004076,2025-09-27,2025-11-24,60,3990.29,2979.26,2979.26,USD,USD,BANK-26134147,False,normal,2979.26,0
TXN-0004107,SUP-0012,Information Technology,INV-787-2026-004107,PO-2026-004107,2025-09-27,2025-12-07,60,16093.85,11800.02,11800.02,GBP,GBP,BANK-37895989,False,normal,14986.03,0
TXN-0004946,SUP-0037,Professional Services,INV-586-2026-004946,PO-2025-004946,2025-09-27,2025-11-18,45,10505.61,7581.19,7581.19,USD,USD,BANK-18183594,False,normal,7581.19,0
TXN-0000538,SUP-0135,Professional Services,INV-836-2026-000538,PO-2025-000538,2025-09-28,2025-10-23,30,10132.67,7609.62,7609.62,AED,AED,BANK-85671420,False,normal,2072.1,0
TXN-0000618,SUP-0025,Facilities,INV-827-2026-000618,PO-2025-000618,2025-09-28,2025-12-03,60,6613.78,4832.77,4832.77,EUR,EUR,BANK-99224451,False,normal,5267.72,0
TXN-0002010,SUP-0033,Aircraft Components,INV-221-2026-002010,PO-2025-002010,2025-09-28,2025-11-16,45,13109.12,10442.06,10442.06,USD,USD,BANK-97243596,False,normal,10442.06,0
TXN-0002123,SUP-0085,Maintenance,INV-204-2026-002123,PO-2026-002123,2025-09-28,2025-11-01,45,11583.46,9990.08,9990.08,USD,USD,BANK-94093522,False,normal,9990.08,0
TXN-0002137,SUP-0017,Ground Services,INV-635-2026-002137,PO-2026-002137,2025-09-28,2025-10-21,30,4107.01,2987.57,2987.57,AED,AED,BANK-38542500,False,normal,813.52,0
TXN-0002434,SUP-0061,Information Technology,INV-619-2026-002434,PO-2025-002434,2025-09-28,2025-10-24,30,16169.9,13033.77,13033.77,AED,AED,BANK-12871994,False,normal,3549.1,0
TXN-0002438,SUP-0087,Aircraft Components,INV-172-2026-002438,PO-2025-002438,2025-09-28,2025-10-25,30,7084.61,5549.49,5549.49,AED,AED,BANK-25685067,False,normal,1511.13,0
TXN-0002522,SUP-0069,Maintenance,INV-984-2026-002522,PO-2025-002522,2025-09-28,2025-12-14,90,15536.74,11326.66,11326.66,USD,USD,BANK-43048809,False,normal,11326.66,0
TXN-0004889,SUP-0119,Aircraft Components,INV-728-2026-004889,PO-2026-004889,2025-09-28,2025-12-23,90,15017.18,13079.81,13079.81,USD,USD,BANK-21899503,False,normal,13079.81,0
TXN-0005090,SUP-0087,Professional Services,INV-594-2026-005090,PO-2025-005090,2025-09-28,2025-11-21,60,880.56,684.83,684.83,AED,AED,BANK-25685067,False,normal,186.48,0
TXN-0005200,SUP-0071,Maintenance,INV-749-2026-005200,PO-2025-005200,2025-09-28,2025-11-04,45,1778.03,1624.88,1624.88,USD,USD,BANK-74793410,False,normal,1624.88,0
TXN-0005280,SUP-0088,Facilities,INV-511-2026-005280,PO-2025-005280,2025-09-28,2025-11-01,30,10700.71,10037.03,10037.03,AED,AED,BANK-30669042,False,normal,2733.08,0
TXN-0005316,SUP-0062,Aircraft Components,INV-608-2026-005316,PO-2025-005316,2025-09-28,2025-11-28,60,7961.48,7453.61,7453.61,AED,AED,BANK-21048213,False,normal,2029.62,0
TXN-0000687,SUP-0063,Facilities,INV-453-2026-000687,PO-2026-000687,2025-09-29,2025-11-09,45,6146.09,5530.04,5530.04,AED,AED,BANK-16087857,False,normal,1505.83,0
TXN-0002059,SUP-0129,Aircraft Components,INV-701-2026-002059,PO-2026-002059,2025-09-29,2025-11-20,45,25529.47,23547.8,23547.8,USD,USD,BANK-54924829,False,normal,23547.8,0
TXN-0002327,SUP-0032,Aircraft Components,INV-137-2026-002327,PO-2026-002327,2025-09-29,2026-01-09,90,84503.39,82772.46,82772.46,GBP,GBP,BANK-49158734,False,normal,105121.02,0
TXN-0003645,SUP-0002,Information Technology,INV-283-2026-003645,PO-2026-003645,2025-09-29,2025-10-19,30,9060.0,8309.1,8309.1,USD,USD,BANK-19696685,False,normal,8309.1,0
TXN-0004461,SUP-0060,Information Technology,INV-557-2026-004461,PO-2026-004461,2025-09-29,2025-12-03,60,5352.19,4872.48,4872.48,USD,USD,BANK-31687351,False,normal,4872.48,0
TXN-0000371,SUP-0040,Maintenance,INV-270-2026-000371,PO-2026-000371,2025-09-30,2025-11-17,45,12213.39,9523.67,9523.67,AED,AED,BANK-30107614,False,normal,2593.3,0
TXN-0000648,SUP-0123,Ground Services,INV-907-2026-000648,PO-2025-000648,2025-09-30,2025-11-14,30,19202.2,14475.0,14475.0,USD,USD,BANK-38236379,False,normal,14475.0,0
TXN-0002021,SUP-0074,Facilities,INV-878-2026-002021,PO-2026-002021,2025-09-30,2025-11-23,60,5027.86,4630.07,4630.07,USD,USD,BANK-27679119,False,normal,4630.07,0
TXN-0002498,SUP-0132,Information Technology,INV-204-2026-002498,PO-2025-002498,2025-09-30,2025-11-09,30,44761.3,41100.84,41100.84,GBP,GBP,BANK-59967823,False,normal,52198.07,0
TXN-0003056,SUP-0093,Aircraft Components,INV-954-2026-003056,PO-2025-003056,2025-09-30,2025-12-01,60,4962.16,4043.14,4043.14,USD,USD,BANK-97237891,False,normal,4043.14,0
TXN-0004582,SUP-0003,Aircraft Components,INV-899-2026-004582,PO-2025-004582,2025-09-30,2026-01-14,90,7163.31,5948.92,5948.92,EUR,EUR,BANK-65317853,False,normal,6484.32,0
TXN-0000096,SUP-0134,Maintenance,INV-854-2026-000096,PO-2025-000096,2025-10-01,2025-11-22,60,24783.97,19134.88,19134.88,USD,USD,BANK-67057759,False,normal,19134.88,0
TXN-0000164,SUP-0136,Aircraft Components,INV-174-2026-000164,PO-2025-000164,2025-10-01,2025-11-01,30,31532.48,26337.92,26337.92,USD,USD,BANK-19530766,False,normal,26337.92,0
TXN-0000267,SUP-0014,Facilities,INV-648-2026-000267,PO-2026-000267,2025-10-01,2025-12-04,45,143805.99,126409.93,126409.93,EUR,EUR,BANK-51403053,False,normal,137786.82,0
TXN-0000445,SUP-0087,Aircraft Components,INV-192-2026-000445,PO-2026-000445,2025-10-01,2025-11-17,60,14505.27,12353.97,12353.97,AED,AED,BANK-25685067,False,normal,3363.99,0
TXN-0001418,SUP-0040,Maintenance,INV-464-2026-001418,PO-2025-001418,2025-10-01,2025-11-28,60,14196.69,12402.2,12402.2,AED,AED,BANK-30107614,False,normal,3377.12,0
TXN-0001928,SUP-0097,Aircraft Components,INV-419-2026-001928,PO-2025-001928,2025-10-01,2025-11-14,45,17391.23,17026.92,17026.92,USD,USD,BANK-93475211,False,normal,17026.92,0
TXN-0002235,SUP-0101,Aircraft Components,INV-583-2026-002235,PO-2026-002235,2025-10-01,2025-11-16,45,10495.27,8000.06,8000.06,EUR,EUR,BANK-47533220,False,normal,8720.07,0
TXN-0002531,SUP-0086,Maintenance,INV-315-2026-002531,PO-2026-002531,2025-10-01,2025-11-04,30,6234.93,5793.96,5793.96,USD,USD,BANK-11254265,False,normal,5793.96,0
TXN-0003520,SUP-0153,Facilities,INV-993-2026-003520,PO-2025-003520,2025-10-01,2025-12-26,90,23518.15,19927.6,19927.6,USD,USD,BANK-11605310,False,normal,19927.6,0
TXN-0003536,SUP-0008,Facilities,INV-264-2026-003536,PO-2025-003536,2025-10-01,2025-11-20,45,11188.55,8718.49,8718.49,EUR,EUR,BANK-22713593,False,normal,9503.15,0
TXN-0004414,SUP-0094,Professional Services,INV-514-2026-004414,PO-2025-004414,2025-10-01,2025-11-07,30,2213.35,2204.49,2204.49,USD,USD,BANK-20964925,False,normal,2204.49,0
TXN-0005361,SUP-0020,Facilities,INV-584-2026-005361,PO-2026-005361,2025-10-01,2025-10-21,30,8390.63,7885.89,7885.89,AED,AED,BANK-36182605,False,normal,2147.33,0
TXN-0001313,SUP-0077,Facilities,INV-356-2026-001313,PO-2026-001313,2025-10-02,2025-10-17,30,13476.5,10036.45,10036.45,USD,USD,BANK-99822506,False,normal,10036.45,0
TXN-0001768,SUP-0081,Ground Services,INV-240-2026-001768,PO-2025-001768,2025-10-02,2025-11-20,30,14367.42,12075.5,12075.5,AED,AED,BANK-54937628,False,normal,3288.16,0
TXN-0002007,SUP-0149,Maintenance,INV-710-2026-002007,PO-2026-002007,2025-10-02,2025-10-27,30,19448.5,17352.13,17352.13,USD,USD,BANK-52064343,False,normal,17352.13,0
TXN-0002574,SUP-0044,Professional Services,INV-470-2026-002574,PO-2025-002574,2025-10-02,2025-11-02,30,54513.83,52950.15,52950.15,USD,USD,BANK-52259076,False,normal,52950.15,0
TXN-0002689,SUP-0160,Ground Services,INV-800-2026-002689,PO-2026-002689,2025-10-02,2025-11-21,60,3433.34,2583.72,2583.72,EUR,EUR,BANK-51670701,False,normal,2816.25,0
TXN-0002738,SUP-0125,Facilities,INV-566-2026-002738,PO-2025-002738,2025-10-02,2025-11-19,60,11788.64,10492.87,10492.87,USD,USD,BANK-56892046,False,normal,10492.87,0
TXN-0003121,SUP-0053,Facilities,INV-437-2026-003121,PO-2026-003121,2025-10-02,2025-12-05,60,75647.54,57839.74,57839.74,EUR,EUR,BANK-76295561,False,normal,63045.32,0
TXN-0003328,SUP-0071,Aircraft Components,INV-422-2026-003328,PO-2025-003328,2025-10-02,2025-11-21,60,50452.29,45802.58,45802.58,USD,USD,BANK-74793410,False,normal,45802.58,0
TXN-0003350,SUP-0116,Aircraft Components,INV-427-2026-003350,PO-2025-003350,2025-10-02,2025-11-22,60,565.47,487.11,487.11,EUR,EUR,BANK-45782037,False,normal,530.95,0
TXN-0003880,SUP-0135,Information Technology,INV-177-2026-003880,PO-2025-003880,2025-10-02,2025-10-20,30,14229.64,13497.74,13497.74,AED,AED,BANK-85671420,False,normal,3675.43,0
TXN-0004148,SUP-0028,Maintenance,INV-653-2026-004148,PO-2025-004148,2025-10-02,2025-10-31,30,40731.46,33152.65,33152.65,USD,USD,BANK-24814703,False,normal,33152.65,0
TXN-0005066,SUP-0057,Ground Services,INV-818-2026-005066,PO-2025-005066,2025-10-02,2025-11-06,30,12883.02,9626.62,9626.62,USD,USD,BANK-10477636,False,normal,9626.62,0
TXN-0005128,SUP-0053,Ground Services,INV-639-2026-005128,PO-2025-005128,2025-10-02,2025-12-11,60,5956.61,5784.72,5784.72,EUR,EUR,BANK-76295561,False,normal,6305.34,0
TXN-0005392,SUP-0040,Professional Services,INV-634-2026-005392,PO-2025-005392,2025-10-02,2025-11-13,45,10455.29,10439.83,10439.83,AED,AED,BANK-30107614,False,normal,2842.77,0
TXN-0005550,SUP-0015,Information Technology,INV-938-2026-005550,PO-2025-005550,2025-10-02,2025-11-17,60,1313.35,1058.63,1058.63,USD,USD,BANK-82742631,False,normal,1058.63,0
TXN-0001690,SUP-0123,Maintenance,INV-187-2026-001690,PO-2025-001690,2025-10-03,2025-11-23,45,4583.84,3984.03,3984.03,USD,USD,BANK-38236379,False,normal,3984.03,0
TXN-0001762,SUP-0029,Ground Services,INV-500-2026-001762,PO-2025-001762,2025-10-03,2025-11-23,45,1770.47,1572.86,1572.86,USD,USD,BANK-57984114,False,normal,1572.86,0
TXN-0002196,SUP-0017,Information Technology,INV-732-2026-002196,PO-2025-002196,2025-10-03,2025-11-03,30,12424.77,11204.36,11204.36,AED,AED,BANK-38542500,False,normal,3050.95,0
TXN-0002393,SUP-0140,Professional Services,INV-566-2026-002393,PO-2026-002393,2025-10-03,2025-12-16,60,1446.26,1184.61,1184.61,USD,USD,BANK-47720288,False,normal,1184.61,0
TXN-0003041,SUP-0022,Aircraft Components,INV-611-2026-003041,PO-2026-003041,2025-10-03,2025-11-16,45,5912.05,5426.82,5426.82,USD,USD,BANK-56355141,False,normal,5426.82,0
TXN-0003774,SUP-0005,Aircraft Components,INV-960-2026-003774,PO-2025-003774,2025-10-03,2025-12-01,60,14588.57,12388.53,12388.53,USD,USD,BANK-97763977,False,normal,12388.53,0
TXN-0003943,SUP-0124,Ground Services,INV-670-2026-003943,PO-2026-003943,2025-10-03,2025-10-27,30,10243.68,8877.41,8877.41,USD,USD,BANK-96006092,False,normal,8877.41,0
TXN-0004098,SUP-0114,Ground Services,INV-356-2026-004098,PO-2025-004098,2025-10-03,2025-11-06,45,619.76,511.72,511.72,AED,AED,BANK-93480628,False,normal,139.34,0
TXN-0004891,SUP-0028,Ground Services,INV-576-2026-004891,PO-2026-004891,2025-10-03,2025-11-17,60,16318.73,12065.32,12065.32,USD,USD,BANK-24814703,False,normal,12065.32,0
TXN-0001442,SUP-0021,Maintenance,INV-459-2026-001442,PO-2025-001442,2025-10-04,2025-12-14,60,9485.6,8496.48,8496.48,EUR,EUR,BANK-65967398,False,normal,9261.16,0
TXN-0001813,SUP-0036,Information Technology,INV-504-2026-001813,PO-2026-001813,2025-10-04,2025-11-27,45,57854.25,55435.69,55435.69,USD,USD,BANK-90250953,False,normal,55435.69,0
TXN-0003128,SUP-0012,Information Technology,INV-987-2026-003128,PO-2025-003128,2025-10-04,2025-10-25,30,23969.11,23870.75,23870.75,GBP,GBP,BANK-37895989,False,normal,30315.85,0
TXN-0004009,SUP-0050,Maintenance,INV-143-2026-004009,PO-2026-004009,2025-10-04,2025-12-10,60,34477.73,25549.69,25549.69,USD,USD,BANK-46919792,False,normal,25549.69,0
TXN-0004015,SUP-0111,Ground Services,INV-303-2026-004015,PO-2026-004015,2025-10-04,2025-10-18,30,6069.76,5662.43,5662.43,USD,USD,BANK-49045227,False,normal,5662.43,0
TXN-0004201,SUP-0152,Information Technology,INV-675-2026-004201,PO-2026-004201,2025-10-04,2025-11-29,60,9115.94,8031.59,8031.59,EUR,EUR,BANK-86228158,False,normal,8754.43,0
TXN-0004249,SUP-0133,Professional Services,INV-653-2026-004249,PO-2026-004249,2025-10-04,2025-11-25,45,15360.26,12756.71,12756.71,AED,AED,BANK-23338758,False,normal,3473.65,0
TXN-0004285,SUP-0048,Maintenance,INV-857-2026-004285,PO-2026-004285,2025-10-04,2025-12-17,90,1174.24,1149.03,1149.03,USD,USD,BANK-40202528,False,normal,1149.03,0
TXN-0005013,SUP-0159,Information Technology,INV-438-2026-005013,PO-2026-005013,2025-10-04,2025-11-27,60,8704.6,7754.88,7754.88,AED,AED,BANK-81713537,False,normal,2111.65,0
TXN-0005360,SUP-0026,Professional Services,INV-302-2026-005360,PO-2025-005360,2025-10-04,2025-12-20,60,4330.36,3679.17,3679.17,USD,USD,BANK-94243920,False,normal,3679.17,0
TXN-0005391,SUP-0147,Professional Services,INV-880-2026-005391,PO-2026-005391,2025-10-04,2025-11-17,60,7723.18,6035.49,6035.49,USD,USD,BANK-82392481,False,normal,6035.49,0
TXN-0005532,SUP-0013,Information Technology,INV-330-2026-005532,PO-2025-005532,2025-10-04,2025-10-31,30,15564.55,13696.42,13696.42,AED,AED,BANK-84681076,False,normal,3729.54,0
TXN-0000764,SUP-0089,Ground Services,INV77720260025A80,PO-2025-002580,2025-10-05,2025-11-04,30,101234.1,78588.84,78588.84,USD,USD,BANK-35136775,False,near_duplicate,78588.84,1
TXN-0001371,SUP-0060,Maintenance,INV-412-2026-001371,PO-2026-001371,2025-10-05,2025-11-05,30,29163.17,27616.55,27616.55,USD,USD,BANK-31687351,False,normal,27616.55,0
TXN-0001486,SUP-0148,Information Technology,INV-873-2026-001486,PO-2025-001486,2025-10-05,2025-11-21,45,25278.26,22974.47,22974.47,AED,AED,BANK-48887190,False,normal,6255.95,0
TXN-0002885,SUP-0158,Professional Services,INV-361-2026-002885,PO-2026-002885,2025-10-05,2026-01-01,90,1515.96,1194.23,1194.23,AED,AED,BANK-32546185,False,normal,325.19,0
TXN-0003857,SUP-0075,Maintenance,INV-876-2026-003857,PO-2026-003857,2025-10-05,2025-11-05,30,4939.08,4474.41,4474.41,USD,USD,BANK-35245775,False,normal,4474.41,0
TXN-0003858,SUP-0042,Information Technology,INV-499-2026-003858,PO-2025-003858,2025-10-05,2025-10-13,30,31629.12,24880.63,24880.63,EUR,EUR,BANK-20438281,False,normal,27119.89,0
TXN-0004225,SUP-0046,Facilities,INV-396-2026-004225,PO-2026-004225,2025-10-05,2025-11-08,30,5903.34,5440.23,5440.23,EUR,EUR,BANK-11990275,False,normal,5929.85,0
TXN-0004648,SUP-0007,Information Technology,INV-151-2026-004648,PO-2025-004648,2025-10-05,2026-01-10,90,4233.56,3080.3,3080.3,EUR,EUR,BANK-31280989,False,normal,3357.53,0
TXN-0005007,SUP-0029,Maintenance,INV-825-2026-005007,PO-2026-005007,2025-10-05,2025-11-23,60,10503.14,9723.19,9723.19,USD,USD,BANK-57984114,False,normal,9723.19,0
TXN-0005584,SUP-0158,Facilities,INV-293-2026-005584,PO-2025-005584,2025-10-05,2025-10-30,30,17704.74,15613.43,15613.43,AED,AED,BANK-32546185,False,normal,4251.54,0
TXN-0000821,SUP-0041,Facilities,INV-369-2026-000821,PO-2026-000821,2025-10-06,2025-12-01,60,7737.93,6666.58,6666.58,USD,USD,BANK-90410196,False,normal,6666.58,0
TXN-0001881,SUP-0054,Information Technology,INV-916-2026-001881,PO-2026-001881,2025-10-06,2025-11-10,45,29101.11,25687.98,25687.98,AED,AED,BANK-77211064,False,normal,6994.84,0
TXN-0002374,SUP-0072,Facilities,INV-550-2026-002374,PO-2025-002374,2025-10-06,2025-10-06,60,18527.17,16457.31,16457.31,USD,USD,BANK-88710582,False,rapid_payment,16457.31,1
TXN-0002667,SUP-0032,Professional Services,INV-620-2026-002667,PO-2026-002667,2025-10-06,2025-12-25,90,24639.29,21173.5,21173.5,GBP,GBP,BANK-49158734,False,normal,26890.34,0
TXN-0002876,SUP-0120,Maintenance,INV-270-2026-002876,PO-2025-002876,2025-10-06,2025-11-22,45,25620.82,23483.91,23483.91,AED,AED,BANK-53972563,False,normal,6394.67,0
TXN-0003191,SUP-0059,Maintenance,INV-208-2026-003191,PO-2026-003191,2025-10-06,2025-11-03,30,21268.26,19806.27,19806.27,USD,USD,BANK-95295830,False,normal,19806.27,0
TXN-0003725,SUP-0025,Professional Services,INV-270-2026-003725,PO-2026-003725,2025-10-06,2025-11-08,30,24300.99,19896.48,19896.48,EUR,EUR,BANK-99224451,False,normal,21687.16,0
TXN-0004206,SUP-0011,Ground Services,INV-892-2026-004206,PO-2025-004206,2025-10-06,2025-11-25,30,2804.02,2741.29,2741.29,USD,USD,BANK-43383005,False,normal,2741.29,0
TXN-0004647,SUP-0077,Aircraft Components,INV-714-2026-004647,PO-2026-004647,2025-10-06,2025-10-23,30,6173.76,5749.06,5749.06,USD,USD,BANK-99822506,False,normal,5749.06,0
TXN-0004989,SUP-0010,Information Technology,INV-548-2026-004989,PO-2026-004989,2025-10-06,2025-12-17,60,3625.94,3234.32,3234.32,USD,USD,BANK-59212295,False,normal,3234.32,0
TXN-0005406,SUP-0067,Professional Services,INV-486-2026-005406,PO-2025-005406,2025-10-06,2025-11-06,30,12072.42,10736.78,10736.78,AED,AED,BANK-77206550,False,normal,2923.63,0
TXN-0001592,SUP-0071,Aircraft Components,INV-326-2026-001592,PO-2025-001592,2025-10-07,2025-12-07,60,7211.95,6352.98,6352.98,USD,USD,BANK-74793410,False,normal,6352.98,0
TXN-0002278,SUP-0006,Ground Services,INV-213-2026-002278,PO-2025-002278,2025-10-07,2025-11-08,30,8663.81,7263.64,7263.64,GBP,GBP,BANK-30719258,False,normal,9224.82,0
TXN-0002284,SUP-0154,Facilities,INV-774-2026-002284,PO-2025-002284,2025-10-07,2025-12-05,60,9211.4,8627.08,8627.08,AED,AED,BANK-69720522,False,normal,2349.15,0
TXN-0003149,SUP-0154,Aircraft Components,INV-657-2026-003149,PO-2026-003149,2025-10-07,2025-12-03,60,41194.67,31989.37,31989.37,AED,AED,BANK-69720522,False,normal,8710.71,0
TXN-0003542,SUP-0071,Maintenance,INV-458-2026-003542,PO-2025-003542,2025-10-07,2025-12-18,60,4094.79,3121.21,3121.21,USD,USD,BANK-74793410,False,normal,3121.21,0
TXN-0003792,SUP-0123,Aircraft Components,INV-791-2026-003792,PO-2025-003792,2025-10-07,2025-11-21,60,34810.48,25487.63,25487.63,USD,USD,BANK-38236379,False,normal,25487.63,0
TXN-0004423,SUP-0128,Aircraft Components,INV-556-2026-004423,PO-2026-004423,2025-10-07,2025-11-25,45,1512.95,1224.28,1224.28,USD,USD,BANK-93232757,False,normal,1224.28,0
TXN-0004748,SUP-0032,Information Technology,INV-915-2026-004748,PO-2025-004748,2025-10-07,2025-10-27,30,1186.86,978.23,978.23,GBP,GBP,BANK-49158734,False,normal,1242.35,0
TXN-0004788,SUP-0075,Ground Services,INV-726-2026-004788,PO-2025-004788,2025-10-07,2025-12-09,60,1205.28,1050.31,1050.31,USD,USD,BANK-35245775,False,normal,1050.31,0
TXN-0000215,SUP-0084,Information Technology,INV-875-2026-000215,PO-2026-000215,2025-10-08,2025-10-25,30,1994.69,1915.25,1915.25,USD,USD,BANK-22950775,False,normal,1915.25,0
TXN-0000755,SUP-0082,Maintenance,INV-883-2026-000755,PO-2026-000755,2025-10-08,2025-11-19,45,12324.59,10189.12,10189.12,USD,USD,BANK-55066706,False,normal,10189.12,0
TXN-0000777,SUP-0072,Professional Services,INV-415-2026-000777,PO-2026-000777,2025-10-08,2025-11-24,60,16882.77,13012.43,13012.43,USD,USD,BANK-88710582,False,normal,13012.43,0
TXN-0000918,SUP-0052,Aircraft Components,INV-967-2026-000918,PO-2025-000918,2025-10-08,2025-11-09,45,13592.99,11621.72,11621.72,USD,USD,BANK-89766631,False,normal,11621.72,0
TXN-0001100,SUP-0051,Maintenance,INV-277-2026-001100,PO-2025-001100,2025-10-08,2025-11-21,45,31197.09,26527.77,26527.77,USD,USD,BANK-43629195,False,normal,26527.77,0
TXN-0002403,SUP-0024,Professional Services,INV-721-2026-002403,PO-2026-002403,2025-10-08,2025-12-10,60,6155.37,5278.41,5278.41,EUR,EUR,BANK-33036857,False,normal,5753.47,0
TXN-0002432,SUP-0152,Aircraft Components,INV-154-2026-002432,PO-2025-002432,2025-10-08,2025-11-15,30,9966.46,9340.01,9340.01,EUR,EUR,BANK-86228158,False,normal,10180.61,0
TXN-0003004,SUP-0114,Aircraft Components,INV-954-2026-003004,PO-2025-003004,2025-10-08,2025-12-19,60,5268.6,4625.72,4625.72,AED,AED,BANK-93480628,False,normal,1259.58,0
TXN-0003838,SUP-0043,Ground Services,INV-931-2026-003838,PO-2025-003838,2025-10-08,2025-11-29,30,2932.85,2544.67,2544.67,AED,AED,BANK-56697251,False,normal,692.91,0
TXN-0004079,SUP-0144,Facilities,INV-109-2026-004079,PO-2026-004079,2025-10-08,2025-11-19,45,49482.88,45547.9,45547.9,AED,AED,BANK-63643829,False,normal,12402.69,0
TXN-0004176,SUP-0093,Aircraft Components,INV-500-2026-004176,PO-2025-004176,2025-10-08,2025-11-12,30,1213.97,875.7,875.7,USD,USD,BANK-97237891,False,normal,875.7,0
TXN-0004621,SUP-0122,Aircraft Components,INV-419-2026-004621,PO-2026-004621,2025-10-08,2025-11-15,30,912.04,715.05,715.05,AED,AED,BANK-69657778,False,normal,194.71,0
TXN-0004870,SUP-0131,Professional Services,INV-423-2026-004870,PO-2025-004870,2025-10-08,2026-01-14,90,3046.62,2882.79,2882.79,USD,USD,BANK-63724249,False,normal,2882.79,0
TXN-0004938,SUP-0040,Facilities,INV-969-2026-004938,PO-2025-004938,2025-10-08,2025-11-21,30,18271.38,17602.85,17602.85,AED,AED,BANK-30107614,False,normal,4793.26,0
TXN-0005428,SUP-0026,Professional Services,INV-521-2026-005428,PO-2025-005428,2025-10-08,2025-12-14,60,16226.42,15600.75,15600.75,USD,USD,BANK-94243920,False,normal,15600.75,0
TXN-0000369,SUP-0047,Information Technology,INV-401-2026-000369,PO-2026-000369,2025-10-09,2026-01-05,90,25627.7,25110.9,25110.9,USD,USD,BANK-79481118,False,normal,25110.9,0
TXN-0000827,SUP-0125,Maintenance,INV-984-2026-000827,PO-2026-000827,2025-10-09,2025-12-07,60,1715.12,1578.79,1578.79,USD,USD,BANK-56892046,False,normal,1578.79,0
TXN-0001020,SUP-0039,Ground Services,INV-414-2026-001020,PO-2025-001020,2025-10-09,2025-11-04,30,13509.04,10458.81,10458.81,USD,USD,BANK-90171323,False,normal,10458.81,0
TXN-0001368,SUP-0026,Aircraft Components,INV-493-2026-001368,PO-2025-001368,2025-10-09,2025-11-18,45,6771.47,5507.06,5507.06,USD,USD,BANK-94243920,False,normal,5507.06,0
TXN-0001832,SUP-0070,Information Technology,INV-606-2026-001832,PO-2025-001832,2025-10-09,2026-01-12,90,16110.85,12874.73,12874.73,USD,USD,BANK-63944450,False,normal,12874.73,0
TXN-0003069,SUP-0067,Maintenance,INV-378-2026-003069,PO-2026-003069,2025-10-09,2025-12-05,45,2150.88,1993.48,1993.48,AED,AED,BANK-77206550,False,normal,542.82,0
TXN-0003365,SUP-0118,Ground Services,INV-264-2026-003365,PO-2026-003365,2025-10-09,2025-11-08,45,10237.57,8544.23,8544.23,AED,AED,BANK-37085381,False,normal,2326.59,0
TXN-0003472,SUP-0118,Information Technology,INV-334-2026-003472,PO-2025-003472,2025-10-09,2025-11-03,30,9378.85,7122.22,7122.22,AED,AED,BANK-37085381,False,normal,1939.38,0
TXN-0003795,SUP-0077,Facilities,INV-852-2026-003795,PO-2026-003795,2025-10-09,2025-12-09,60,989.12,887.44,887.44,USD,USD,BANK-99822506,False,normal,887.44,0
TXN-0004488,SUP-0124,Aircraft Components,INV-648-2026-004488,PO-2025-004488,2025-10-09,2025-11-24,45,6997.76,6918.14,6918.14,USD,USD,BANK-96006092,False,normal,6918.14,0
TXN-0004767,SUP-0115,Aircraft Components,INV-285-2026-004767,PO-2026-004767,2025-10-09,2025-12-08,60,8982.13,7399.51,7399.51,USD,USD,BANK-17278259,False,normal,7399.51,0
TXN-0005211,SUP-0013,Ground Services,INV-903-2026-005211,PO-2026-005211,2025-10-09,2025-11-05,30,33045.34,29974.78,29974.78,AED,AED,BANK-84681076,False,normal,8162.13,0
TXN-0005269,SUP-0024,Aircraft Components,INV-893-2026-005269,PO-2026-005269,2025-10-09,2025-11-27,45,12934.32,10541.23,10541.23,EUR,EUR,BANK-33036857,False,normal,11489.94,0
TXN-0005305,SUP-0118,Aircraft Components,INV-692-2026-005305,PO-2026-005305,2025-10-09,2025-11-20,45,3904.0,3547.45,3547.45,AED,AED,BANK-37085381,False,normal,965.97,0
TXN-0000347,SUP-0073,Aircraft Components,INV-408-2026-000347,PO-2026-000347,2025-10-10,2025-12-07,60,22493.27,21910.4,21910.4,EUR,EUR,BANK-14030635,False,normal,23882.34,0
TXN-0000505,SUP-0055,Aircraft Components,INV-646-2026-000505,PO-2026-000505,2025-10-10,2025-11-30,45,2502.65,2369.33,2369.33,AED,AED,BANK-44199230,False,normal,645.17,0
TXN-0000766,SUP-0066,Professional Services,INV-678-2026-000766,PO-2025-000766,2025-10-10,2025-11-19,30,21548.35,18883.28,18883.28,AED,AED,BANK-23795588,False,normal,5141.92,0
TXN-0001599,SUP-0022,Information Technology,INV-880-2026-001599,PO-2026-001599,2025-10-10,2025-11-01,30,32531.52,29285.55,29285.55,USD,USD,BANK-56355141,False,normal,29285.55,0
TXN-0001802,SUP-0132,Maintenance,INV-196-2026-001802,PO-2025-001802,2025-10-10,2026-01-21,90,28918.85,24583.39,24583.39,GBP,GBP,BANK-59967823,False,normal,31220.91,0
TXN-0002471,SUP-0016,Aircraft Components,INV-646-2026-002471,PO-2026-002471,2025-10-10,2025-12-16,90,5400.68,5009.33,5009.33,USD,USD,BANK-96689067,False,normal,5009.33,0
TXN-0002792,SUP-0040,Aircraft Components,INV-917-2026-002792,PO-2025-002792,2025-10-10,2025-11-14,45,8171.26,6361.09,6361.09,AED,AED,BANK-30107614,False,normal,1732.12,0
TXN-0002957,SUP-0073,Information Technology,INV-147-2026-002957,PO-2026-002957,2025-10-10,2025-10-21,30,4024.04,2901.2,2901.2,EUR,EUR,BANK-14030635,False,normal,3162.31,0
TXN-0004300,SUP-0058,Aircraft Components,INV-280-2026-004300,PO-2025-004300,2025-10-10,2025-11-21,45,6872.92,6223.19,6223.19,AED,AED,BANK-94313182,False,normal,1694.57,0
TXN-0005083,SUP-0051,Maintenance,INV-914-2026-005083,PO-2026-005083,2025-10-10,2025-11-10,30,5408.84,4249.31,4249.31,USD,USD,BANK-43629195,False,normal,4249.31,0
TXN-0005152,SUP-0070,Information Technology,INV-234-2026-005152,PO-2025-005152,2025-10-10,2025-11-08,30,7226.07,6697.91,6697.91,USD,USD,BANK-63944450,False,normal,6697.91,0
TXN-0005505,SUP-0008,Professional Services,INV-846-2026-005505,PO-2026-005505,2025-10-10,2025-11-06,30,13575.64,12526.2,12526.2,EUR,EUR,BANK-22713593,False,normal,13653.56,0
TXN-0001520,SUP-0021,Professional Services,INV-715-2026-001520,PO-2025-001520,2025-10-11,2025-12-05,60,3135.84,2325.49,2325.49,EUR,EUR,BANK-65967398,False,normal,2534.78,0
TXN-0001812,SUP-0079,Facilities,INV-264-2026-001812,PO-2025-001812,2025-10-11,2025-11-03,30,189474.31,142463.61,142463.61,AED,AED,BANK-38837550,False,normal,38792.84,0
TXN-0002230,SUP-0075,Professional Services,INV-937-2026-002230,PO-2025-002230,2025-10-11,2025-11-22,30,4064.54,3395.78,3395.78,USD,USD,BANK-35245775,False,normal,3395.78,0
TXN-0002856,SUP-0049,Aircraft Components,INV-250-2026-002856,PO-2025-002856,2025-10-11,2025-11-24,45,2981.46,2565.9,2565.9,AED,AED,BANK-69549513,False,normal,698.69,0
TXN-0004021,SUP-0047,Maintenance,INV-944-2026-004021,PO-2026-004021,2025-10-11,2025-12-07,60,7054.5,5830.54,5830.54,USD,USD,BANK-79481118,False,normal,5830.54,0
TXN-0005155,SUP-0121,Information Technology,INV-444-2026-005155,PO-2026-005155,2025-10-11,2025-12-18,60,16702.46,16432.83,16432.83,AED,AED,BANK-55753531,False,normal,4474.66,0
TXN-0000892,SUP-0121,Maintenance,INV-355-2026-000892,PO-2025-000892,2025-10-12,2025-11-18,45,14657.28,12041.32,12041.32,AED,AED,BANK-55753531,False,normal,3278.85,0
TXN-0001552,SUP-0007,Facilities,INV-206-2026-001552,PO-2025-001552,2025-10-12,2025-11-17,30,12794.56,11893.96,11893.96,EUR,EUR,BANK-31280989,False,normal,12964.42,0
TXN-0001610,SUP-0125,Aircraft Components,INV-140-2026-001610,PO-2025-001610,2025-10-12,2025-11-04,30,8668.31,6608.17,6608.17,USD,USD,BANK-56892046,False,normal,6608.17,0
TXN-0001745,SUP-0102,Aircraft Components,INV-466-2026-001745,PO-2026-001745,2025-10-12,2025-11-09,30,15453.93,11790.32,11790.32,AED,AED,BANK-27979808,False,normal,3210.5,0
TXN-0003176,SUP-0075,Information Technology,INV-549-2026-003176,PO-2025-003176,2025-10-12,2025-11-19,30,12545.06,10232.51,10232.51,USD,USD,BANK-35245775,False,normal,10232.51,0
TXN-0003358,SUP-0049,Aircraft Components,INV-163-2026-003358,PO-2025-003358,2025-10-12,2025-12-04,60,77233.19,57583.02,57583.02,AED,AED,BANK-69549513,False,normal,15679.86,0
TXN-0003495,SUP-0073,Information Technology,INV-746-2026-003495,PO-2026-003495,2025-10-12,2025-11-30,60,79043.82,61337.63,61337.63,EUR,EUR,BANK-14030635,False,normal,66858.02,0
TXN-0003585,SUP-0016,Aircraft Components,INV-920-2026-003585,PO-2026-003585,2025-10-12,2025-12-03,45,928.05,918.94,918.94,USD,USD,BANK-96689067,False,normal,918.94,0
TXN-0003628,SUP-0157,Maintenance,INV-694-2026-003628,PO-2025-003628,2025-10-12,2025-12-15,60,19439.12,14707.17,14707.17,USD,USD,BANK-84648574,False,normal,14707.17,0
TXN-0004325,SUP-0033,Facilities,INV-823-2026-004325,PO-2026-004325,2025-10-12,2025-11-23,45,23586.5,22872.7,22872.7,USD,USD,BANK-97243596,False,normal,22872.7,0
TXN-0004370,SUP-0111,Ground Services,INV-182-2026-004370,PO-2025-004370,2025-10-12,2026-01-16,90,4130.89,3475.74,3475.74,USD,USD,BANK-49045227,False,normal,3475.74,0
TXN-0004556,SUP-0027,Ground Services,INV-346-2026-004556,PO-2025-004556,2025-10-12,2025-11-22,45,30741.16,22945.7,22945.7,AED,AED,BANK-26263179,False,normal,6248.11,0
TXN-0004911,SUP-0151,Professional Services,INV-546-2026-004911,PO-2026-004911,2025-10-12,2025-12-28,60,34524.25,25322.34,25322.34,EUR,EUR,BANK-80628709,False,normal,27601.35,0
TXN-0000929,SUP-0094,Information Technology,INV-308-2026-000929,PO-2026-000929,2025-10-13,2025-11-24,30,6686.48,5286.15,5286.15,USD,USD,BANK-20964925,False,normal,5286.15,0
TXN-0001890,SUP-0159,Maintenance,INV-374-2026-001890,PO-2025-001890,2025-10-13,2025-12-04,30,622.38,517.59,517.59,AED,AED,BANK-81713537,False,normal,140.94,0
TXN-0001916,SUP-0091,Ground Services,INV-674-2026-001916,PO-2025-001916,2025-10-13,2025-11-17,30,7364.63,5633.95,5633.95,USD,USD,BANK-11616527,False,normal,5633.95,0
TXN-0001930,SUP-0078,Professional Services,INV-571-2026-001930,PO-2025-001930,2025-10-13,2025-12-11,60,2601.44,2210.78,2210.78,AED,AED,BANK-79966434,False,normal,602.0,0
TXN-0002043,SUP-0014,Professional Services,INV-636-2026-002043,PO-2026-002043,2025-10-13,2025-11-06,30,4712.58,3664.64,3664.64,EUR,EUR,BANK-51403053,False,normal,3994.46,0
TXN-0002863,SUP-0020,Ground Services,INV-740-2026-002863,PO-2026-002863,2025-10-13,2025-11-06,30,22609.93,21287.65,21287.65,AED,AED,BANK-36182605,False,normal,5796.63,0
TXN-0003293,SUP-0158,Information Technology,INV-526-2026-003293,PO-2026-003293,2025-10-13,2025-12-17,60,19547.56,15453.13,15453.13,AED,AED,BANK-32546185,False,normal,4207.89,0
TXN-0003443,SUP-0107,Maintenance,INV-691-2026-003443,PO-2026-003443,2025-10-13,2025-11-15,45,20677.86,17570.14,17570.14,USD,USD,BANK-17594929,False,normal,17570.14,0
TXN-0003591,SUP-0157,Professional Services,INV-345-2026-003591,PO-2026-003591,2025-10-13,2025-11-27,60,9409.22,7952.56,7952.56,USD,USD,BANK-84648574,False,normal,7952.56,0
TXN-0005214,SUP-0061,Maintenance,INV-655-2026-005214,PO-2025-005214,2025-10-13,2025-11-05,30,3283.28,2433.5,2433.5,AED,AED,BANK-12871994,False,normal,662.64,0
TXN-0000152,SUP-0048,Maintenance,INV-561-2026-000152,PO-2025-000152,2025-10-14,2025-11-15,30,4580.25,3397.11,3397.11,USD,USD,BANK-40202528,False,normal,3397.11,0
TXN-0000178,SUP-0033,Professional Services,INV-769-2026-000178,PO-2025-000178,2025-10-14,2025-11-17,30,47401.43,46320.99,46320.99,USD,USD,BANK-97243596,False,normal,46320.99,0
TXN-0000581,SUP-0149,Ground Services,INV-660-2026-000581,PO-2026-000581,2025-10-14,2025-11-21,45,42918.15,35800.75,35800.75,USD,USD,BANK-52064343,False,normal,35800.75,0
TXN-0001366,SUP-0041,Aircraft Components,INV-911-2026-001366,PO-2025-001366,2025-10-14,2025-11-27,30,14315.82,12832.27,12832.27,USD,USD,BANK-90410196,False,normal,12832.27,0
TXN-0001553,SUP-0158,Facilities,INV-293-2026-005584,PO-2025-005584,2025-10-14,2025-11-13,30,17704.74,15613.43,15613.43,AED,AED,BANK-32546185,False,exact_duplicate,4251.54,1
TXN-0002246,SUP-0084,Ground Services,INV-329-2026-002246,PO-2025-002246,2025-10-14,2025-11-19,30,1587.75,1181.38,1181.38,USD,USD,BANK-22950775,False,normal,1181.38,0
TXN-0002753,SUP-0142,Information Technology,INV-428-2026-002753,PO-2026-002753,2025-10-14,2025-11-18,30,16871.45,15258.01,15258.01,AED,AED,BANK-96960871,False,normal,4154.76,0
TXN-0003387,SUP-0139,Maintenance,INV-712-2026-003387,PO-2026-003387,2025-10-14,2025-12-30,45,6221.74,4770.38,4770.38,EUR,EUR,BANK-77394363,False,normal,5199.71,0
TXN-0003961,SUP-0050,Facilities,INV-414-2026-003961,PO-2026-003961,2025-10-14,2025-11-22,45,3827.41,3728.23,3728.23,USD,USD,BANK-46919792,False,normal,3728.23,0
TXN-0004086,SUP-0015,Maintenance,INV-674-2026-004086,PO-2025-004086,2025-10-14,2025-11-28,30,18253.52,16408.68,16408.68,USD,USD,BANK-82742631,False,normal,16408.68,0
TXN-0004672,SUP-0020,Aircraft Components,INV-455-2026-004672,PO-2025-004672,2025-10-14,2025-11-11,30,12276.13,9945.03,9945.03,AED,AED,BANK-36182605,False,normal,2708.03,0
TXN-0004782,SUP-0101,Aircraft Components,INV-476-2026-004782,PO-2025-004782,2025-10-14,2025-11-30,45,23493.61,21801.33,21801.33,EUR,EUR,BANK-47533220,False,normal,23763.45,0
TXN-0005031,SUP-0085,Facilities,INV-112-2026-005031,PO-2026-005031,2025-10-14,2025-12-10,45,2360.14,2112.21,2112.21,USD,USD,BANK-94093522,False,normal,2112.21,0
TXN-0005389,SUP-0114,Facilities,INV-694-2026-005389,PO-2026-005389,2025-10-14,2025-11-19,30,6426.03,5809.31,5809.31,AED,AED,BANK-93480628,False,normal,1581.88,0
TXN-0000493,SUP-0057,Maintenance,INV-942-2026-000493,PO-2026-000493,2025-10-15,2025-12-20,60,28975.6,24313.42,24313.42,USD,USD,BANK-10477636,False,normal,24313.42,0
TXN-0000676,SUP-0080,Information Technology,INV-966-2026-000676,PO-2025-000676,2025-10-15,2025-11-17,30,2847.4,2565.14,2565.14,EUR,EUR,BANK-97464377,False,normal,2796.0,0
TXN-0001305,SUP-0094,Information Technology,INV-151-2026-001305,PO-2026-001305,2025-10-15,2025-11-17,30,6516.24,4849.17,4849.17,USD,USD,BANK-20964925,False,normal,4849.17,0
TXN-0001624,SUP-0046,Maintenance,INV-281-2026-001624,PO-2025-001624,2025-10-15,2025-12-26,60,17544.09,16509.05,16509.05,EUR,EUR,BANK-11990275,False,normal,17994.86,0
TXN-0001771,SUP-0128,Information Technology,INV-600-2026-001771,PO-2026-001771,2025-10-15,2025-12-27,60,10912.77,9243.32,9243.32,USD,USD,BANK-93232757,False,normal,9243.32,0
TXN-0002425,SUP-0018,Information Technology,INV-903-2026-002425,PO-2026-002425,2025-10-15,2025-10-30,30,3442.95,2686.58,2686.58,USD,USD,BANK-95760944,False,normal,2686.58,0
TXN-0002654,SUP-0080,Facilities,INV-945-2026-002654,PO-2025-002654,2025-10-15,2025-11-27,30,12760.82,12486.27,12486.27,EUR,EUR,BANK-97464377,False,normal,13610.03,0
TXN-0003437,SUP-0077,Professional Services,INV-677-2026-003437,PO-2026-003437,2025-10-15,2025-10-16,30,7817.34,5693.96,5693.96,USD,USD,BANK-99822506,False,rapid_payment,5693.96,1
TXN-0003615,SUP-0015,Professional Services,INV-878-2026-003615,PO-2026-003615,2025-10-15,2025-12-01,60,13999.98,10568.11,10568.11,USD,USD,BANK-82742631,False,normal,10568.11,0
TXN-0003814,SUP-0015,Maintenance,INV-118-2026-003814,PO-2025-003814,2025-10-15,2025-11-01,30,4402.47,4201.25,4201.25,USD,USD,BANK-82742631,False,normal,4201.25,0
TXN-0004601,SUP-0133,Ground Services,INV-178-2026-004601,PO-2026-004601,2025-10-15,2025-12-19,60,131923.14,129888.68,129888.68,AED,AED,BANK-23338758,False,normal,35368.69,0
TXN-0004701,SUP-0139,Professional Services,INV-154-2026-004701,PO-2026-004701,2025-10-15,2025-12-24,60,6389.1,4800.57,4800.57,EUR,EUR,BANK-77394363,False,normal,5232.62,0
TXN-0000111,SUP-0093,Aircraft Components,INV-296-2026-000111,PO-2026-000111,2025-10-16,2025-12-16,60,14141.46,13528.39,13528.39,USD,USD,BANK-97237891,False,normal,13528.39,0
TXN-0000654,SUP-0087,Aircraft Components,INV-583-2026-000654,PO-2025-000654,2025-10-16,2025-11-03,30,7533.23,7253.91,7253.91,AED,AED,BANK-25685067,False,normal,1975.24,0
TXN-0001839,SUP-0120,Ground Services,INV-870-2026-001839,PO-2026-001839,2025-10-16,2026-01-14,90,7382.7,5838.91,5838.91,AED,AED,BANK-53972563,False,normal,1589.94,0
TXN-0002062,SUP-0094,Information Technology,INV-710-2026-002062,PO-2025-002062,2025-10-16,2025-11-19,45,5954.87,4540.76,4540.76,USD,USD,BANK-20964925,False,normal,4540.76,0
TXN-0002360,SUP-0074,Aircraft Components,INV-847-2026-002360,PO-2025-002360,2025-10-16,2025-11-16,45,4833.93,4137.44,4137.44,USD,USD,BANK-27679119,False,normal,4137.44,0
TXN-0002558,SUP-0085,Aircraft Components,INV-775-2026-002558,PO-2025-002558,2025-10-16,2025-12-22,60,11948.03,9129.14,9129.14,USD,USD,BANK-94093522,False,normal,9129.14,0
TXN-0002775,SUP-0070,Maintenance,INV-234-2026-002775,PO-2026-002775,2025-10-16,2025-12-24,60,3108.57,3052.18,3052.18,USD,USD,BANK-63944450,False,normal,3052.18,0
TXN-0003733,SUP-0085,Maintenance,INV-664-2026-003733,PO-2026-003733,2025-10-16,2025-11-13,30,21853.58,21349.27,21349.27,USD,USD,BANK-94093522,False,normal,21349.27,0
TXN-0004435,SUP-0157,Information Technology,INV-480-2026-004435,PO-2026-004435,2025-10-16,2025-12-13,45,35454.55,34057.76,34057.76,USD,USD,BANK-84648574,False,normal,34057.76,0
TXN-0005482,SUP-0098,Professional Services,INV-344-2026-005482,PO-2025-005482,2025-10-16,2026-01-09,90,4534.22,3678.54,3678.54,USD,USD,BANK-72483618,False,normal,3678.54,0
TXN-0000548,SUP-0051,Maintenance,INV-965-2026-000548,PO-2025-000548,2025-10-17,2025-11-15,30,5518.35,5337.99,5337.99,USD,USD,BANK-43629195,False,normal,5337.99,0
TXN-0001589,SUP-0112,Maintenance,INV-525-2026-001589,PO-2026-001589,2025-10-17,2025-11-18,30,25022.92,24793.06,24793.06,USD,USD,BANK-21137842,False,normal,24793.06,0
TXN-0002785,SUP-0027,Information Technology,INV-897-2026-002785,PO-2026-002785,2025-10-17,2025-12-21,60,3022.17,2473.1,2473.1,AED,AED,BANK-26263179,False,normal,673.43,0
TXN-0002794,SUP-0117,Information Technology,INV-362-2026-002794,PO-2025-002794,2025-10-17,2025-11-17,45,1691.7,1353.66,1353.66,EUR,EUR,BANK-97580845,False,normal,1475.49,0
TXN-0003341,SUP-0054,Aircraft Components,INV-280-2026-003341,PO-2026-003341,2025-10-17,2025-11-25,30,2303.66,2025.48,2025.48,AED,AED,BANK-77211064,False,normal,551.54,0
TXN-0004047,SUP-0113,Information Technology,INV-849-2026-004047,PO-2026-004047,2025-10-17,2025-12-11,60,11078.55,10484.9,10484.9,USD,USD,BANK-61055398,False,normal,10484.9,0
TXN-0004183,SUP-0118,Aircraft Components,INV-790-2026-004183,PO-2026-004183,2025-10-17,2025-12-02,45,31136.16,30115.49,30115.49,AED,AED,BANK-37085381,False,normal,8200.45,0
TXN-0004644,SUP-0097,Ground Services,INV-882-2026-004644,PO-2025-004644,2025-10-17,2025-10-27,30,62643.48,48467.82,48467.82,USD,USD,BANK-93475211,False,normal,48467.82,0
TXN-0005091,SUP-0093,Maintenance,INV-171-2026-005091,PO-2026-005091,2025-10-17,2025-11-17,30,4497.8,4434.55,4434.55,USD,USD,BANK-97237891,False,normal,4434.55,0
TXN-0000188,SUP-0016,Aircraft Components,INV-349-2026-000188,PO-2025-000188,2025-10-18,2025-11-19,45,16895.68,14644.13,14644.13,USD,USD,BANK-96689067,False,normal,14644.13,0
TXN-0003093,SUP-0142,Facilities,INV-192-2026-003093,PO-2026-003093,2025-10-18,2025-11-25,30,14072.67,10777.19,10777.19,AED,AED,BANK-96960871,False,normal,2934.63,0
TXN-0004517,SUP-0101,Facilities,INV-331-2026-004517,PO-2026-004517,2025-10-18,2025-12-09,60,7598.52,6420.04,6420.04,EUR,EUR,BANK-47533220,False,normal,6997.84,0
TXN-0001228,SUP-0118,Information Technology,INV-804-2026-001228,PO-2025-001228,2025-10-19,2026-02-03,90,130685.91,99444.8,99444.8,AED,AED,BANK-37085381,False,normal,27078.82,0
TXN-0001463,SUP-0001,Maintenance,INV-130-2026-001463,PO-2026-001463,2025-10-19,2025-12-09,60,49871.19,46054.73,46054.73,EUR,EUR,BANK-38861149,False,normal,50199.66,0
TXN-0002033,SUP-0023,Information Technology,INV-105-2026-002033,PO-2026-002033,2025-10-19,2025-12-06,45,11498.64,10594.58,10594.58,GBP,GBP,BANK-91497896,False,normal,13455.12,0
TXN-0002317,SUP-0159,Ground Services,INV-767-2026-002317,PO-2026-002317,2025-10-19,2025-11-27,45,7748.04,6842.15,6842.15,AED,AED,BANK-81713537,False,normal,1863.12,0
TXN-0002507,SUP-0031,Maintenance,INV-239-2026-002507,PO-2026-002507,2025-10-19,2025-12-14,60,6959.88,6363.13,6363.13,EUR,EUR,BANK-36891816,False,normal,6935.81,0
TXN-0003042,SUP-0015,Professional Services,INV-192-2026-003042,PO-2025-003042,2025-10-19,2025-12-26,60,14220.35,12324.36,12324.36,USD,USD,BANK-82742631,False,normal,12324.36,0
TXN-0003438,SUP-0067,Information Technology,INV-898-2026-003438,PO-2025-003438,2025-10-19,2025-12-19,60,2452.93,2052.05,2052.05,AED,AED,BANK-77206550,False,normal,558.77,0
TXN-0005559,SUP-0095,Maintenance,INV-756-2026-005559,PO-2026-005559,2025-10-19,2025-12-07,30,15203.49,11500.84,11500.84,USD,USD,BANK-36688168,False,normal,11500.84,0
TXN-0005586,SUP-0113,Professional Services,INV-720-2026-005586,PO-2025-005586,2025-10-19,2025-12-18,60,5948.62,5475.98,5475.98,USD,USD,BANK-61055398,False,normal,5475.98,0
TXN-0000898,SUP-0144,Aircraft Components,INV-483-2026-000898,PO-2025-000898,2025-10-20,2026-01-29,90,16919.29,16436.8,16436.8,AED,AED,BANK-63643829,False,normal,4475.74,0
TXN-0001776,SUP-0160,Information Technology,INV-752-2026-001776,PO-2025-001776,2025-10-20,2025-12-12,45,56510.19,55770.63,55770.63,EUR,EUR,BANK-51670701,False,normal,60789.99,0
TXN-0001914,SUP-0118,Maintenance,INV-743-2026-001914,PO-2025-001914,2025-10-20,2025-11-14,30,15680.46,13135.93,13135.93,AED,AED,BANK-37085381,False,normal,3576.91,0
TXN-0002075,SUP-0093,Aircraft Components,INV-547-2026-002075,PO-2026-002075,2025-10-20,2025-11-17,30,15096.92,13463.61,13463.61,USD,USD,BANK-97237891,False,normal,13463.61,0
TXN-0002901,SUP-0124,Aircraft Components,INV-718-2026-002901,PO-2026-002901,2025-10-20,2025-11-18,30,2768.0,2108.54,2108.54,USD,USD,BANK-96006092,False,normal,2108.54,0
TXN-0001608,SUP-0032,Professional Services,INV-909-2026-001608,PO-2025-001608,2025-10-21,2025-12-02,60,1876.49,1525.85,1525.85,GBP,GBP,BANK-49158734,False,normal,1937.83,0
TXN-0002504,SUP-0069,Ground Services,INV-808-2026-002504,PO-2025-002504,2025-10-21,2025-12-06,30,7316.29,6574.38,6574.38,USD,USD,BANK-43048809,False,normal,6574.38,0
TXN-0002950,SUP-0098,Facilities,INV-898-2026-002950,PO-2025-002950,2025-10-21,2025-12-20,60,24065.32,22702.25,22702.25,USD,USD,BANK-72483618,False,normal,22702.25,0
TXN-0003425,SUP-0038,Facilities,INV-106-2026-003425,PO-2026-003425,2025-10-21,2025-12-06,45,13607.7,10632.87,10632.87,AED,AED,BANK-86107842,False,normal,2895.33,0
TXN-0003597,SUP-0124,Aircraft Components,INV-583-2026-003597,PO-2026-003597,2025-10-21,2025-11-08,30,1305.54,957.16,957.16,USD,USD,BANK-96006092,False,normal,957.16,0
TXN-0004712,SUP-0151,Facilities,INV-333-2026-004712,PO-2025-004712,2025-10-21,2025-12-18,60,17347.07,16533.69,16533.69,EUR,EUR,BANK-80628709,False,normal,18021.72,0
TXN-0005183,SUP-0122,Ground Services,INV-595-2026-005183,PO-2026-005183,2025-10-21,2025-11-27,30,14893.36,12980.87,12980.87,AED,AED,BANK-69657778,False,normal,3534.69,0
TXN-0005240,SUP-0051,Information Technology,INV-309-2026-005240,PO-2025-005240,2025-10-21,2025-12-06,45,1497.89,1182.13,1182.13,USD,USD,BANK-43629195,False,normal,1182.13,0
TXN-0000214,SUP-0016,Maintenance,INV-995-2026-000214,PO-2025-000214,2025-10-22,2025-12-19,45,7452.35,6340.02,6340.02,USD,USD,BANK-96689067,False,normal,6340.02,0
TXN-0001003,SUP-0018,Maintenance,INV-294-2026-001003,PO-2026-001003,2025-10-22,2025-12-03,45,7319.11,7299.81,7299.81,USD,USD,BANK-95760944,False,normal,7299.81,0
TXN-0001117,SUP-0133,Information Technology,INV-165-2026-001117,PO-2026-001117,2025-10-22,2025-11-10,30,29346.08,29253.95,29253.95,AED,AED,BANK-23338758,False,normal,7965.85,0
TXN-0001327,SUP-0108,Maintenance,INV-140-2026-001327,PO-2026-001327,2025-10-22,2025-12-13,45,8135.56,7711.39,7711.39,USD,USD,BANK-76508559,False,normal,7711.39,0
TXN-0002262,SUP-0130,Ground Services,INV-387-2026-002262,PO-2025-002262,2025-10-22,2026-01-05,60,16831.42,13747.17,13747.17,AED,AED,BANK-12237354,False,normal,3743.35,0
TXN-0002303,SUP-0001,Ground Services,INV-581-2026-002303,PO-2026-002303,2025-10-22,2025-12-25,60,17183.57,16082.72,16082.72,EUR,EUR,BANK-38861149,False,normal,17530.16,0
TXN-0003299,SUP-0158,Facilities,INV-888-2026-003299,PO-2026-003299,2025-10-22,2026-01-02,60,3532.18,2959.64,2959.64,AED,AED,BANK-32546185,False,normal,805.91,0
TXN-0003408,SUP-0033,Maintenance,INV-862-2026-003408,PO-2025-003408,2025-10-22,2025-12-28,60,17497.06,13834.71,13834.71,USD,USD,BANK-97243596,False,normal,13834.71,0
TXN-0003604,SUP-0157,Aircraft Components,INV-908-2026-003604,PO-2025-003604,2025-10-22,2025-11-22,30,3082.23,2811.1,2811.1,USD,USD,BANK-84648574,False,normal,2811.1,0
TXN-0003641,SUP-0008,Maintenance,INV-175-2026-003641,PO-2026-003641,2025-10-22,2025-11-30,30,16772.81,15226.69,15226.69,EUR,EUR,BANK-22713593,False,normal,16597.09,0
TXN-0004444,SUP-0036,Aircraft Components,INV-224-2026-004444,PO-2025-004444,2025-10-22,2025-11-10,30,5297.82,4725.22,4725.22,USD,USD,BANK-90250953,False,normal,4725.22,0
TXN-0004455,SUP-0117,Ground Services,INV-799-2026-004455,PO-2026-004455,2025-10-22,2025-11-17,30,4319.62,4311.35,4311.35,EUR,EUR,BANK-97580845,False,normal,4699.37,0
TXN-0000730,SUP-0019,Professional Services,INV-533-2026-000730,PO-2025-000730,2025-10-23,2025-12-12,45,44779.24,35797.88,35797.88,EUR,EUR,BANK-67134797,False,normal,39019.69,0
TXN-0000887,SUP-0072,Information Technology,INV-803-2026-000887,PO-2026-000887,2025-10-23,2025-11-26,30,5095.65,4672.57,4672.57,USD,USD,BANK-88710582,False,normal,4672.57,0
TXN-0001567,SUP-0058,Professional Services,INV-151-2026-001567,PO-2026-001567,2025-10-23,2025-12-19,45,6945.76,6944.61,9525.08,AED,AED,BANK-94313182,False,overpayment,2593.68,1
TXN-0001668,SUP-0088,Maintenance,INV-687-2026-001668,PO-2025-001668,2025-10-23,2025-11-19,30,17403.44,13782.26,13782.26,AED,AED,BANK-30669042,False,normal,3752.91,0
TXN-0002055,SUP-0047,Professional Services,INV-459-2026-002055,PO-2026-002055,2025-10-23,2025-11-21,30,33771.79,32675.67,32675.67,USD,USD,BANK-79481118,False,normal,32675.67,0
TXN-0002528,SUP-0118,Aircraft Components,INV-931-2026-002528,PO-2025-002528,2025-10-23,2025-11-30,30,18727.74,16198.44,16198.44,AED,AED,BANK-37085381,False,normal,4410.84,0
TXN-0002887,SUP-0050,Facilities,INV-304-2026-002887,PO-2026-002887,2025-10-23,2025-11-19,30,10779.04,8207.62,8207.62,USD,USD,BANK-46919792,False,normal,8207.62,0
TXN-0003992,SUP-0059,Ground Services,INV-636-2026-003992,PO-2025-003992,2025-10-23,2025-11-19,30,292813.97,245675.97,245675.97,USD,USD,BANK-95295830,False,normal,245675.97,0
TXN-0004695,SUP-0137,Aircraft Components,INV-625-2026-004695,PO-2026-004695,2025-10-23,2025-11-05,30,17044.89,15623.36,15623.36,GBP,GBP,BANK-75099036,False,normal,19841.67,0
TXN-0000118,SUP-0022,Facilities,INV-290-2026-000118,PO-2025-000118,2025-10-24,2025-12-12,45,10227.72,8983.88,8983.88,USD,USD,BANK-56355141,False,normal,8983.88,0
TXN-0000326,SUP-0141,Information Technology,INV-973-2026-000326,PO-2025-000326,2025-10-24,2025-11-28,30,17074.79,13793.77,13793.77,AED,AED,BANK-10585992,False,normal,3756.04,0
TXN-0000349,SUP-0137,Facilities,INV-774-2026-000349,PO-2026-000349,2025-10-24,2025-12-01,45,10768.19,10022.43,10022.43,GBP,GBP,BANK-75099036,False,normal,12728.49,0
TXN-0000379,SUP-0136,Ground Services,INV-394-2026-000379,PO-2026-000379,2025-10-24,2025-12-29,60,8530.17,6423.13,6423.13,USD,USD,BANK-19530766,False,normal,6423.13,0
TXN-0000456,SUP-0065,Professional Services,INV-914-2026-000456,PO-2025-000456,2025-10-24,2026-01-16,90,13005.7,9674.38,9674.38,AED,AED,BANK-90272029,False,normal,2634.33,0
TXN-0001390,SUP-0020,Maintenance,INV-224-2026-001390,PO-2025-001390,2025-10-24,2025-11-22,30,2252.11,1636.79,1636.79,AED,AED,BANK-36182605,False,normal,445.7,0
TXN-0001677,SUP-0065,Information Technology,INV-402-2026-001677,PO-2026-001677,2025-10-24,2025-12-11,30,38031.81,31209.97,31209.97,AED,AED,BANK-90272029,False,normal,8498.47,0
TXN-0001913,SUP-0041,Professional Services,INV-423-2026-001913,PO-2026-001913,2025-10-24,2025-11-24,30,3176.52,2374.86,2374.86,USD,USD,BANK-90410196,False,normal,2374.86,0
TXN-0002104,SUP-0056,Information Technology,INV-665-2026-002104,PO-2025-002104,2025-10-24,2025-11-23,30,11118.83,9958.77,9958.77,EUR,EUR,BANK-33621446,False,normal,10855.06,0
TXN-0002614,SUP-0044,Professional Services,INV-611-2026-002614,PO-2025-002614,2025-10-24,2025-11-22,30,13699.95,10131.38,10131.38,USD,USD,BANK-52259076,False,normal,10131.38,0
TXN-0002733,SUP-0158,Ground Services,INV-404-2026-002733,PO-2026-002733,2025-10-24,2025-11-27,45,12357.06,10313.77,10313.77,AED,AED,BANK-32546185,False,normal,2808.44,0
TXN-0003322,SUP-0025,Maintenance,INV-379-2026-003322,PO-2025-003322,2025-10-24,2025-12-29,60,9723.39,9286.5,9286.5,EUR,EUR,BANK-99224451,False,normal,10122.28,0
TXN-0003459,SUP-0021,Information Technology,INV-747-2026-003459,PO-2026-003459,2025-10-24,2025-11-28,30,41667.25,41265.6,41265.6,EUR,EUR,BANK-65967398,False,normal,44979.5,0
TXN-0003736,SUP-0084,Ground Services,INV-414-2026-003736,PO-2025-003736,2025-10-24,2025-11-11,30,30964.9,29391.55,29391.55,USD,USD,BANK-22950775,False,normal,29391.55,0
TXN-0003813,SUP-0006,Maintenance,INV-913-2026-003813,PO-2026-003813,2025-10-24,2026-01-01,60,41185.12,37597.32,37597.32,GBP,AED,BANK-30719258,False,currency_mismatch,10237.75,1
TXN-0004917,SUP-0108,Aircraft Components,INV-360-2026-004917,PO-2026-004917,2025-10-24,2025-11-25,30,26227.28,24199.56,24199.56,USD,EUR,BANK-76508559,False,currency_mismatch,26377.52,1
TXN-0004130,SUP-0069,Ground Services,INV-881-2026-004130,PO-2025-004130,2025-10-25,2025-12-23,60,18174.58,13090.24,13090.24,USD,USD,BANK-43048809,False,normal,13090.24,0
TXN-0004221,SUP-0076,Information Technology,INV-336-2026-004221,PO-2026-004221,2025-10-25,2025-11-02,30,6803.68,5298.88,5298.88,USD,USD,BANK-37929130,False,normal,5298.88,0
TXN-0004324,SUP-0129,Professional Services,INV-695-2026-004324,PO-2025-004324,2025-10-25,2025-12-24,60,6512.22,6103.71,6103.71,USD,USD,BANK-54924829,False,normal,6103.71,0
TXN-0004656,SUP-0003,Information Technology,INV-668-2026-004656,PO-2025-004656,2025-10-25,2026-01-21,90,69732.68,53239.92,53239.92,EUR,EUR,BANK-65317853,False,normal,58031.51,0
TXN-0004958,SUP-0130,Facilities,INV-778-2026-004958,PO-2025-004958,2025-10-25,2025-11-20,30,23569.05,22240.63,22240.63,AED,AED,BANK-12237354,False,normal,6056.12,0
TXN-0005302,SUP-0098,Information Technology,INV-935-2026-005302,PO-2025-005302,2025-10-25,2025-12-14,45,20031.49,15145.69,15145.69,USD,USD,BANK-72483618,False,normal,15145.69,0
TXN-0000787,SUP-0150,Information Technology,INV-572-2026-000787,PO-2026-000787,2025-10-26,2025-12-12,45,6153.77,4655.74,4655.74,USD,USD,BANK-67087104,False,normal,4655.74,0
TXN-0000837,SUP-0088,Ground Services,INV-799-2026-000837,PO-2026-000837,2025-10-26,2025-11-29,30,6962.97,5075.23,5075.23,AED,AED,BANK-30669042,False,normal,1381.99,0
TXN-0001500,SUP-0127,Information Technology,INV-565-2026-001500,PO-2025-001500,2025-10-26,2025-12-19,60,20031.56,14548.3,14548.3,USD,USD,BANK-96425599,False,normal,14548.3,0
TXN-0001593,SUP-0042,Maintenance,INV-723-2026-001593,PO-2026-001593,2025-10-26,2026-01-26,90,49719.72,47377.09,47377.09,EUR,EUR,BANK-20438281,False,normal,51641.03,0
TXN-0002406,SUP-0091,Information Technology,INV-365-2026-002406,PO-2025-002406,2025-10-26,2025-12-06,30,8109.13,6442.24,6442.24,USD,USD,BANK-11616527,False,normal,6442.24,0
TXN-0002749,SUP-0092,Aircraft Components,INV-812-2026-002749,PO-2026-002749,2025-10-26,2025-12-16,60,12933.91,9835.34,9835.34,AED,AED,BANK-70989279,False,normal,2678.16,0
TXN-0004039,SUP-0129,Professional Services,INV-311-2026-004039,PO-2026-004039,2025-10-26,2025-12-10,45,2940.98,2211.82,2211.82,USD,USD,BANK-54924829,False,normal,2211.82,0
TXN-0004227,SUP-0142,Professional Services,INV-118-2026-004227,PO-2026-004227,2025-10-26,2025-12-19,60,11767.88,10566.9,10566.9,AED,AED,BANK-96960871,False,normal,2877.37,0
TXN-0004763,SUP-0145,Professional Services,INV-967-2026-004763,PO-2026-004763,2025-10-26,2026-01-08,90,2019.55,1986.12,1986.12,AED,AED,BANK-26332140,False,normal,540.82,0
TXN-0004792,SUP-0132,Maintenance,INV-434-2026-004792,PO-2025-004792,2025-10-26,2025-11-19,30,813.68,711.3,711.3,GBP,GBP,BANK-59967823,False,normal,903.35,0
TXN-0004896,SUP-0152,Ground Services,INV-996-2026-004896,PO-2025-004896,2025-10-26,2025-11-23,30,1651.75,1482.55,1482.55,EUR,EUR,BANK-86228158,False,normal,1615.98,0
TXN-0000301,SUP-0006,Information Technology,INV-735-2026-000301,PO-2026-000301,2025-10-27,2025-11-27,30,2883.27,2561.32,2561.32,GBP,GBP,BANK-30719258,False,normal,3252.88,0
TXN-0001866,SUP-0121,Aircraft Components,INV-682-2026-001866,PO-2025-001866,2025-10-27,2025-12-01,30,9707.6,7411.22,7411.22,AED,AED,BANK-55753531,False,normal,2018.08,0
TXN-0002061,SUP-0128,Professional Services,INV-307-2026-002061,PO-2026-002061,2025-10-27,2025-11-09,30,9501.87,8180.55,8180.55,USD,USD,BANK-93232757,False,normal,8180.55,0
TXN-0003829,SUP-0121,Information Technology,INV-100-2026-003829,PO-2026-003829,2025-10-27,2025-12-06,30,6806.83,6292.25,6292.25,AED,AED,BANK-55753531,False,normal,1713.38,0
TXN-0003865,SUP-0098,Facilities,INV-260-2026-003865,PO-2026-003865,2025-10-27,2025-12-26,45,10289.52,7834.17,7834.17,USD,USD,BANK-72483618,False,normal,7834.17,0
TXN-0004630,SUP-0042,Maintenance,INV-773-2026-004630,PO-2025-004630,2025-10-27,2025-11-24,30,104012.27,102568.09,102568.09,EUR,EUR,BANK-20438281,False,normal,111799.22,0
TXN-0005043,SUP-0005,Facilities,INV-309-2026-005043,PO-2026-005043,2025-10-27,2025-12-13,45,15978.96,12580.84,12580.84,USD,USD,BANK-97763977,False,normal,12580.84,0
TXN-0005319,SUP-0050,Information Technology,INV-125-2026-005319,PO-2026-005319,2025-10-27,2025-12-04,30,2899.37,2661.12,2661.12,USD,USD,BANK-46919792,False,normal,2661.12,0
TXN-0005542,SUP-0112,Maintenance,INV-989-2026-005542,PO-2025-005542,2025-10-27,2025-12-07,45,17085.35,15026.96,15026.96,USD,USD,BANK-21137842,False,normal,15026.96,0
TXN-0000259,SUP-0128,Maintenance,INV-757-2026-000259,PO-2026-000259,2025-10-28,2025-12-03,30,21635.0,19457.36,19457.36,USD,USD,BANK-93232757,False,normal,19457.36,0
TXN-0000378,SUP-0124,Maintenance,INV-376-2026-000378,PO-2025-000378,2025-10-28,2025-12-04,30,5817.88,5323.29,5323.29,USD,USD,BANK-96006092,False,normal,5323.29,0
TXN-0000642,SUP-0103,Aircraft Components,INV-173-2026-000642,PO-2025-000642,2025-10-28,2025-12-25,60,3467.88,3200.11,3200.11,USD,USD,BANK-87788293,False,normal,3200.11,0
TXN-0000912,SUP-0105,Ground Services,INV-951-2026-000912,PO-2025-000912,2025-10-28,2025-12-07,45,63029.82,56451.24,56451.24,EUR,EUR,BANK-12259119,False,normal,61531.85,0
TXN-0001467,SUP-0012,Ground Services,INV-247-2026-001467,PO-2026-001467,2025-10-28,2025-12-25,45,74351.47,65422.85,65422.85,GBP,GBP,BANK-37895989,False,normal,83087.02,0
TXN-0001586,SUP-0104,Maintenance,INV-189-2026-001586,PO-2025-001586,2025-10-28,2025-11-27,30,3144.86,3653.34,3653.34,GBP,GBP,BANK-82371206,False,invoice_above_po,4639.74,1
TXN-0001652,SUP-0004,Ground Services,INV-265-2026-001652,PO-2025-001652,2025-10-28,2025-12-07,45,7935.33,6817.62,6817.62,AED,AED,BANK-92441065,False,normal,1856.44,0
TXN-0001846,SUP-0138,Facilities,INV-415-2026-001846,PO-2025-001846,2025-10-28,2026-01-27,90,4688.78,3851.79,3851.79,AED,AED,BANK-22630563,False,normal,1048.84,0
TXN-0002065,SUP-0105,Information Technology,INV-646-2026-002065,PO-2026-002065,2025-10-28,2025-12-01,30,34662.55,34459.62,34459.62,EUR,EUR,BANK-12259119,False,normal,37560.99,0
TXN-0002639,SUP-0071,Aircraft Components,INV-692-2026-002639,PO-2026-002639,2025-10-28,2025-12-03,30,9035.76,8647.6,8647.6,USD,USD,BANK-74793410,False,normal,8647.6,0
TXN-0002868,SUP-0117,Aircraft Components,INV-250-2026-002868,PO-2025-002868,2025-10-28,2025-12-05,30,35290.14,32535.4,32535.4,EUR,EUR,BANK-97580845,False,normal,35463.59,0
TXN-0002984,SUP-0139,Aircraft Components,INV-231-2026-002984,PO-2025-002984,2025-10-28,2025-12-02,30,13624.52,10196.02,10196.02,EUR,EUR,BANK-77394363,False,normal,11113.66,0
TXN-0003380,SUP-0125,Professional Services,INV-756-2026-003380,PO-2025-003380,2025-10-28,2026-01-03,60,4670.21,3942.97,3942.97,USD,USD,BANK-56892046,False,normal,3942.97,0
TXN-0003812,SUP-0124,Maintenance,INV-734-2026-003812,PO-2025-003812,2025-10-28,2025-11-23,30,14892.41,14564.27,14564.27,USD,USD,BANK-96006092,False,normal,14564.27,0
TXN-0004003,SUP-0107,Maintenance,INV-513-2026-004003,PO-2026-004003,2025-10-28,2025-11-27,45,10220.7,9755.81,9755.81,USD,USD,BANK-17594929,False,normal,9755.81,0
TXN-0004841,SUP-0091,Aircraft Components,INV-965-2026-004841,PO-2026-004841,2025-10-28,2026-01-05,60,1506.38,1179.13,1179.13,USD,USD,BANK-11616527,False,normal,1179.13,0
TXN-0001275,SUP-0062,Professional Services,INV-732-2026-001275,PO-2026-001275,2025-10-29,2025-11-18,30,15695.45,15288.01,15288.01,AED,AED,BANK-21048213,False,normal,4162.93,0
TXN-0001834,SUP-0067,Information Technology,INV-898-2026-003438,PO-2025-003438,2025-10-29,2025-12-28,60,2452.93,2052.05,2052.05,AED,AED,BANK-77206550,False,exact_duplicate,558.77,1
TXN-0002693,SUP-0035,Ground Services,INV-675-2026-002693,PO-2026-002693,2025-10-29,2025-12-22,45,6559.12,4898.8,4898.8,AED,AED,BANK-23638594,False,normal,1333.94,0
TXN-0002857,SUP-0016,Professional Services,INV-720-2026-002857,PO-2026-002857,2025-10-29,2026-01-31,90,5011.25,3896.32,3896.32,USD,USD,BANK-96689067,False,normal,3896.32,0
TXN-0004306,SUP-0159,Aircraft Components,INV-160-2026-004306,PO-2025-004306,2025-10-29,2025-12-18,30,22704.72,18471.18,18471.18,AED,AED,BANK-81713537,False,normal,5029.7,0
TXN-0004331,SUP-0140,Information Technology,INV-223-2026-004331,PO-2026-004331,2025-10-29,2025-12-13,45,36451.43,35185.44,35185.44,USD,USD,BANK-47720288,False,normal,35185.44,0
TXN-0004568,SUP-0147,Professional Services,INV-740-2026-004568,PO-2025-004568,2025-10-29,2025-12-10,45,17958.94,17050.15,17050.15,USD,USD,BANK-82392481,False,normal,17050.15,0
TXN-0004805,SUP-0133,Aircraft Components,INV-603-2026-004805,PO-2026-004805,2025-10-29,2025-12-01,30,27464.57,20162.53,20162.53,AED,AED,BANK-23338758,False,normal,5490.26,0
TXN-0004979,SUP-0032,Facilities,INV-799-2026-004979,PO-2026-004979,2025-10-29,2025-12-08,45,20981.43,15822.49,15822.49,GBP,GBP,BANK-49158734,False,normal,20094.56,0
TXN-0000304,SUP-0002,Ground Services,INV-447-2026-000304,PO-2025-000304,2025-10-30,2025-12-22,30,2099.2,1936.88,1936.88,USD,USD,BANK-19696685,False,normal,1936.88,0
TXN-0000435,SUP-0140,Facilities,INV-706-2026-000435,PO-2026-000435,2025-10-30,2025-11-24,30,41321.54,32123.11,32123.11,USD,USD,BANK-47720288,False,normal,32123.11,0
TXN-0000790,SUP-0115,Information Technology,INV-106-2026-000790,PO-2025-000790,2025-10-30,2025-12-04,30,2616.87,2452.81,2452.81,USD,USD,BANK-17278259,False,normal,2452.81,0
TXN-0001195,SUP-0124,Maintenance,INV-376-2026-000378,PO-2025-000378,2025-10-30,2025-11-29,30,5817.88,5323.29,5323.29,USD,USD,BANK-96006092,False,exact_duplicate,5323.29,1
TXN-0001199,SUP-0058,Information Technology,INV-342-2026-001199,PO-2026-001199,2025-10-30,2025-11-29,30,8342.14,7109.68,7109.68,AED,AED,BANK-94313182,False,normal,1935.97,0
TXN-0001290,SUP-0021,Information Technology,INV-131-2026-001290,PO-2025-001290,2025-10-30,2025-12-21,60,4146.27,4086.15,4086.15,EUR,EUR,BANK-65967398,False,normal,4453.9,0
TXN-0001331,SUP-0038,Ground Services,INV-727-2026-001331,PO-2026-001331,2025-10-30,2025-12-08,45,12469.5,10433.04,10433.04,AED,AED,BANK-86107842,False,normal,2840.92,0
TXN-0001338,SUP-0141,Maintenance,INV-452-2026-001338,PO-2025-001338,2025-10-30,2025-12-31,60,2356.57,2164.4,2164.4,AED,AED,BANK-10585992,False,normal,589.37,0
TXN-0001546,SUP-0029,Facilities,INV-274-2026-001546,PO-2025-001546,2025-10-30,2025-12-01,30,12952.2,9730.5,9730.5,USD,USD,BANK-57984114,False,normal,9730.5,0
TXN-0003038,SUP-0028,Aircraft Components,INV-212-2026-003038,PO-2025-003038,2025-10-30,2026-01-03,60,13136.6,10257.18,10257.18,USD,USD,BANK-24814703,False,normal,10257.18,0
TXN-0003420,SUP-0123,Maintenance,INV-205-2026-003420,PO-2025-003420,2025-10-30,2025-11-20,30,4183.13,3911.0,3911.0,USD,USD,BANK-38236379,False,normal,3911.0,0
TXN-0004700,SUP-0105,Facilities,INV-180-2026-004700,PO-2025-004700,2025-10-30,2026-02-01,90,73923.84,56970.14,56970.14,EUR,EUR,BANK-12259119,False,normal,62097.45,0
TXN-0005236,SUP-0067,Maintenance,INV-694-2026-005236,PO-2025-005236,2025-10-30,2025-12-01,30,70782.58,54927.41,54927.41,AED,AED,BANK-77206550,False,normal,14956.73,0
TXN-0005340,SUP-0086,Maintenance,INV-875-2026-005340,PO-2025-005340,2025-10-30,2025-12-03,30,5149.89,3757.82,3757.82,USD,USD,BANK-11254265,False,normal,3757.82,0
TXN-0000509,SUP-0085,Maintenance,INV-740-2026-000509,PO-2026-000509,2025-10-31,2025-11-26,30,16470.96,14909.31,14909.31,USD,USD,BANK-94093522,False,normal,14909.31,0
TXN-0001329,SUP-0142,Information Technology,INV-784-2026-001329,PO-2026-001329,2025-10-31,2025-12-18,60,8391.02,7766.95,7766.95,AED,AED,BANK-96960871,False,normal,2114.94,0
TXN-0003146,SUP-0088,Ground Services,INV-921-2026-003146,PO-2025-003146,2025-10-31,2025-12-19,45,2884.21,4020.28,4020.28,AED,AED,BANK-30669042,False,invoice_above_po,1094.72,1
TXN-0003205,SUP-0065,Ground Services,INV-214-2026-003205,PO-2026-003205,2025-10-31,2025-12-27,60,18496.2,15247.35,15247.35,AED,AED,BANK-90272029,False,normal,4151.85,0
TXN-0004085,SUP-0111,Professional Services,INV-436-2026-004085,PO-2026-004085,2025-10-31,2025-12-19,45,6178.4,5551.23,5551.23,USD,USD,BANK-49045227,False,normal,5551.23,0
TXN-0004126,SUP-0052,Aircraft Components,INV-505-2026-004126,PO-2025-004126,2025-10-31,2025-11-23,30,55878.1,42760.89,42760.89,USD,USD,BANK-89766631,False,normal,42760.89,0
TXN-0005453,SUP-0159,Aircraft Components,INV-838-2026-005453,PO-2026-005453,2025-10-31,2026-01-07,60,3990.92,3365.21,3365.21,AED,AED,BANK-81713537,False,normal,916.35,0
TXN-0001596,SUP-0015,Maintenance,INV-977-2026-001596,PO-2025-001596,2025-11-01,2026-01-22,90,10290.1,9514.51,9514.51,USD,USD,BANK-82742631,False,normal,9514.51,0
TXN-0002548,SUP-0018,Professional Services,INV-886-2026-002548,PO-2025-002548,2025-11-01,2025-11-23,30,1504.71,1430.91,1430.91,USD,USD,BANK-95760944,False,normal,1430.91,0
TXN-0002719,SUP-0048,Professional Services,INV-116-2026-002719,PO-2026-002719,2025-11-01,2026-01-01,60,16877.83,16556.02,16556.02,USD,USD,BANK-40202528,False,normal,16556.02,0
TXN-0002869,SUP-0157,Information Technology,INV-810-2026-002869,PO-2026-002869,2025-11-01,2025-12-24,60,3965.94,3885.17,3885.17,USD,USD,BANK-84648574,False,normal,3885.17,0
TXN-0003410,SUP-0149,Maintenance,INV-392-2026-003410,PO-2025-003410,2025-11-01,2025-12-12,30,18781.63,16898.21,16898.21,USD,USD,BANK-52064343,False,normal,16898.21,0
TXN-0003473,SUP-0016,Professional Services,INV-509-2026-003473,PO-2026-003473,2025-11-01,2025-12-29,60,10613.65,8958.38,8958.38,USD,USD,BANK-96689067,False,normal,8958.38,0
TXN-0004154,SUP-0148,Facilities,INV-419-2026-004154,PO-2025-004154,2025-11-01,2025-11-21,30,17599.78,13129.19,13129.19,AED,AED,BANK-48887190,False,normal,3575.08,0
TXN-0004466,SUP-0009,Ground Services,INV-144-2026-004466,PO-2025-004466,2025-11-01,2025-12-14,45,13421.02,13081.84,13081.84,USD,USD,BANK-59936721,False,normal,13081.84,0
TXN-0000129,SUP-0110,Ground Services,INV-711-2026-000129,PO-2026-000129,2025-11-02,2025-12-02,30,15402.8,12124.15,12124.15,EUR,EUR,BANK-21795197,False,normal,13215.32,0
TXN-0000252,SUP-0054,Facilities,INV-902-2026-000252,PO-2025-000252,2025-11-02,2026-01-02,60,4519.03,3577.8,3577.8,AED,AED,BANK-77211064,False,normal,974.23,0
TXN-0000631,SUP-0160,Professional Services,INV-614-2026-000631,PO-2026-000631,2025-11-02,2025-12-25,45,9296.5,9196.94,9196.94,EUR,EUR,BANK-51670701,False,normal,10024.66,0
TXN-0000865,SUP-0010,Information Technology,INV-848-2026-000865,PO-2026-000865,2025-11-02,2025-12-12,45,18006.76,14188.76,14188.76,USD,USD,BANK-59212295,False,normal,14188.76,0
TXN-0001108,SUP-0004,Information Technology,INV-567-2026-001108,PO-2025-001108,2025-11-02,2025-11-26,30,1996.58,1750.51,1750.51,AED,AED,BANK-92441065,False,normal,476.66,0
TXN-0001441,SUP-0058,Professional Services,INV-621-2026-001441,PO-2026-001441,2025-11-02,2026-01-07,60,23072.04,21598.47,21598.47,AED,AED,BANK-94313182,False,normal,5881.26,0
TXN-0001508,SUP-0103,Ground Services,INV-674-2026-001508,PO-2025-001508,2025-11-02,2025-12-07,30,14177.39,12185.44,12185.44,USD,USD,BANK-87788293,False,normal,12185.44,0
TXN-0002489,SUP-0003,Information Technology,INV-603-2026-002489,PO-2026-002489,2025-11-02,2025-12-13,45,43820.12,35054.07,35054.07,EUR,EUR,BANK-65317853,False,normal,38208.94,0
TXN-0002645,SUP-0058,Professional Services,INV-234-2026-002645,PO-2026-002645,2025-11-02,2025-12-11,45,10070.32,7764.27,7764.27,AED,AED,BANK-94313182,False,normal,2114.21,0
TXN-0003142,SUP-0038,Ground Services,INV-813-2026-003142,PO-2025-003142,2025-11-02,2025-11-23,30,23695.31,19049.45,19049.45,AED,AED,BANK-86107842,False,normal,5187.17,0
TXN-0003468,SUP-0075,Aircraft Components,INV-687-2026-003468,PO-2025-003468,2025-11-02,2025-11-25,30,46455.71,40936.17,40936.17,USD,USD,BANK-35245775,False,normal,40936.17,0
TXN-0004649,SUP-0117,Maintenance,INV-597-2026-004649,PO-2026-004649,2025-11-02,2025-12-11,30,166116.13,133646.35,133646.35,EUR,EUR,BANK-97580845,False,normal,145674.52,0
TXN-0004707,SUP-0080,Professional Services,INV-814-2026-004707,PO-2026-004707,2025-11-02,2025-12-07,30,9654.9,7449.15,7449.15,EUR,EUR,BANK-97464377,False,normal,8119.57,0
TXN-0004736,SUP-0142,Ground Services,INV-338-2026-004736,PO-2025-004736,2025-11-02,2026-01-31,90,69574.2,69200.58,69200.58,AED,AED,BANK-96960871,False,normal,18843.32,0
TXN-0000204,SUP-0126,Professional Services,INV-461-2026-000204,PO-2025-000204,2025-11-03,2025-11-20,30,3778.03,3330.15,3330.15,AED,AED,BANK-35780160,False,normal,906.8,0
TXN-0000382,SUP-0135,Information Technology,INV-406-2026-000382,PO-2025-000382,2025-11-03,2025-12-14,30,11069.9,11005.71,11005.71,AED,AED,BANK-85671420,False,normal,2996.85,0
TXN-0000387,SUP-0019,Information Technology,INV-392-2026-000387,PO-2026-000387,2025-11-03,2025-12-16,30,9910.71,9731.09,9731.09,EUR,EUR,BANK-67134797,False,normal,10606.89,0
TXN-0000507,SUP-0032,Professional Services,INV-448-2026-000507,PO-2026-000507,2025-11-03,2025-12-21,60,2547.66,2473.69,2473.69,GBP,GBP,BANK-49158734,False,normal,3141.59,0
TXN-0000950,SUP-0017,Maintenance,INV-216-2026-000950,PO-2025-000950,2025-11-03,2025-12-05,30,1296.4,1097.47,1097.47,AED,AED,BANK-38542500,False,normal,298.84,0
TXN-0003126,SUP-0110,Ground Services,INV-391-2026-003126,PO-2025-003126,2025-11-03,2026-02-13,90,16256.96,13122.62,13122.62,EUR,EUR,BANK-21795197,False,normal,14303.66,0
TXN-0003502,SUP-0012,Professional Services,INV-512-2026-003502,PO-2025-003502,2025-11-03,2025-12-27,45,16535.6,16491.37,16491.37,GBP,GBP,BANK-37895989,False,normal,20944.04,0
TXN-0004247,SUP-0123,Maintenance,INV-979-2026-004247,PO-2026-004247,2025-11-03,2025-12-08,30,5018.23,4611.39,4611.39,USD,USD,BANK-38236379,False,normal,4611.39,0
TXN-0005093,SUP-0073,Information Technology,INV-104-2026-005093,PO-2026-005093,2025-11-03,2025-11-17,30,3179.84,2825.09,2825.09,EUR,EUR,BANK-14030635,False,normal,3079.35,0
TXN-0005385,SUP-0126,Facilities,INV-776-2026-005385,PO-2026-005385,2025-11-03,2026-01-18,60,5338.1,4686.64,4686.64,AED,AED,BANK-35780160,False,normal,1276.17,0
TXN-0005411,SUP-0004,Aircraft Components,INV-401-2026-005411,PO-2026-005411,2025-11-03,2026-01-12,60,42880.8,35256.39,35256.39,AED,AED,BANK-92441065,False,normal,9600.31,0
TXN-0005529,SUP-0086,Professional Services,INV-500-2026-005529,PO-2026-005529,2025-11-03,2026-01-09,60,3717.37,2917.52,2917.52,USD,USD,BANK-11254265,False,normal,2917.52,0
TXN-0000678,SUP-0086,Information Technology,INV-758-2026-000678,PO-2025-000678,2025-11-04,2026-01-16,60,16249.62,13283.87,13283.87,USD,USD,BANK-11254265,False,normal,13283.87,0
TXN-0001322,SUP-0078,Aircraft Components,INV-689-2026-001322,PO-2025-001322,2025-11-04,2025-12-07,30,9411.32,8642.82,8642.82,AED,AED,BANK-79966434,False,normal,2353.44,0
TXN-0001431,SUP-0046,Information Technology,INV-397-2026-001431,PO-2026-001431,2025-11-04,2025-12-15,30,2655.09,2553.31,2553.31,EUR,EUR,BANK-11990275,False,normal,2783.11,0
TXN-0001560,SUP-0159,Ground Services,INV-358-2026-001560,PO-2025-001560,2025-11-04,2025-12-24,45,603.86,525.27,525.27,AED,AED,BANK-81713537,False,normal,143.03,0
TXN-0001925,SUP-0085,Aircraft Components,INV-391-2026-001925,PO-2026-001925,2025-11-04,2026-01-15,60,36961.13,34637.57,34637.57,USD,USD,BANK-94093522,False,normal,34637.57,0
TXN-0002405,SUP-0024,Information Technology,INV-878-2026-002405,PO-2026-002405,2025-11-04,2026-01-27,60,67935.1,63112.65,63112.65,EUR,EUR,BANK-33036857,False,normal,68792.79,0
TXN-0003856,SUP-0067,Facilities,INV-430-2026-003856,PO-2025-003856,2025-11-04,2026-01-31,90,12129.5,10375.44,10375.44,AED,AED,BANK-77206550,False,normal,2825.23,0
TXN-0000279,SUP-0058,Ground Services,INV-206-2026-000279,PO-2026-000279,2025-11-05,2025-12-15,45,20415.83,17559.55,17559.55,AED,AED,BANK-94313182,False,normal,4781.47,0
TXN-0000381,SUP-0132,Aircraft Components,INV-367-2026-000381,PO-2026-000381,2025-11-05,2025-12-13,60,17972.0,16700.71,16700.71,GBP,GBP,BANK-59967823,False,normal,21209.9,0
TXN-0001342,SUP-0158,Facilities,INV-124-2026-001342,PO-2025-001342,2025-11-05,2025-12-08,30,9015.65,7581.21,7581.21,AED,AED,BANK-32546185,False,normal,2064.36,0
TXN-0001728,SUP-0019,Maintenance,INV-756-2026-001728,PO-2025-001728,2025-11-05,2025-12-07,30,6951.04,5051.37,5051.37,EUR,EUR,BANK-67134797,False,normal,5505.99,0
TXN-0001988,SUP-0034,Professional Services,INV-168-2026-001988,PO-2025-001988,2025-11-05,2025-12-24,45,22204.89,17241.3,17241.3,USD,USD,BANK-99313799,False,normal,17241.3,0
TXN-0004177,SUP-0025,Aircraft Components,INV-313-2026-004177,PO-2026-004177,2025-11-05,2026-01-14,60,23590.67,19478.59,19478.59,EUR,EUR,BANK-99224451,False,normal,21231.66,0
TXN-0004746,SUP-0080,Maintenance,INV-494-2026-004746,PO-2025-004746,2025-11-05,2025-11-27,30,6468.67,4856.1,4856.1,EUR,EUR,NEW-71946816,True,bank_change,5293.15,1
TXN-0000393,SUP-0088,Maintenance,INV-988-2026-000393,PO-2026-000393,2025-11-06,2025-12-31,45,7770.12,7711.27,7711.27,AED,AED,BANK-30669042,False,normal,2099.78,0
TXN-0000923,SUP-0001,Information Technology,INV-507-2026-000923,PO-2026-000923,2025-11-06,2026-02-21,90,20692.63,20243.86,20243.86,EUR,EUR,BANK-38861149,False,normal,22065.81,0
TXN-0001464,SUP-0052,Aircraft Components,INV-617-2026-001464,PO-2025-001464,2025-11-06,2026-01-12,60,2525.31,2208.79,2208.79,USD,USD,BANK-89766631,False,normal,2208.79,0
TXN-0001766,SUP-0089,Information Technology,INV-595-2026-001766,PO-2025-001766,2025-11-06,2025-12-20,60,27392.56,25312.82,25312.82,USD,USD,BANK-35136775,False,normal,25312.82,0
TXN-0002076,SUP-0058,Information Technology,INV-148-2026-002076,PO-2025-002076,2025-11-06,2026-01-03,45,35324.52,33662.21,33662.21,AED,AED,BANK-94313182,False,normal,9166.22,0
TXN-0002602,SUP-0029,Maintenance,INV-306-2026-002602,PO-2025-002602,2025-11-06,2025-12-05,30,19623.93,17984.61,17984.61,USD,USD,BANK-57984114,False,normal,17984.61,0
TXN-0002844,SUP-0147,Aircraft Components,INV-213-2026-002844,PO-2025-002844,2025-11-06,2025-12-14,30,3451.35,2727.02,2727.02,USD,USD,BANK-82392481,False,normal,2727.02,0
TXN-0003235,SUP-0103,Professional Services,INV-736-2026-003235,PO-2026-003235,2025-11-06,2025-12-01,30,24581.53,18817.3,18817.3,USD,USD,BANK-87788293,False,normal,18817.3,0
TXN-0003318,SUP-0004,Ground Services,INV-916-2026-003318,PO-2025-003318,2025-11-06,2025-12-26,45,29507.26,22952.12,22952.12,AED,AED,BANK-92441065,False,normal,6249.86,0
TXN-0003340,SUP-0145,Professional Services,INV-388-2026-003340,PO-2025-003340,2025-11-06,2026-01-23,60,10752.73,9866.76,9866.76,AED,AED,BANK-26332140,False,normal,2686.72,0
TXN-0003658,SUP-0072,Ground Services,INV-763-2026-003658,PO-2025-003658,2025-11-06,2025-12-04,30,32970.25,28372.5,28372.5,USD,USD,BANK-88710582,False,normal,28372.5,0
TXN-0003894,SUP-0149,Information Technology,INV-470-2026-003894,PO-2025-003894,2025-11-06,2025-12-04,30,4025.61,3923.09,3923.09,USD,USD,BANK-52064343,False,normal,3923.09,0
TXN-0004717,SUP-0134,Maintenance,INV-718-2026-004717,PO-2026-004717,2025-11-06,2025-12-09,30,13190.67,11261.63,11261.63,USD,USD,BANK-67057759,False,normal,11261.63,0
TXN-0004737,SUP-0148,Professional Services,INV-583-2026-004737,PO-2026-004737,2025-11-06,2026-02-03,90,21843.05,19433.63,19433.63,AED,AED,BANK-48887190,False,normal,5291.78,0
TXN-0005518,SUP-0096,Maintenance,INV-939-2026-005518,PO-2025-005518,2025-11-06,2026-01-05,60,5740.33,5260.12,5260.12,AED,AED,BANK-55569693,False,normal,1432.33,0
TXN-0001655,SUP-0113,Information Technology,INV-164-2026-001655,PO-2026-001655,2025-11-07,2026-01-18,60,5425.82,4803.49,4803.49,USD,USD,BANK-61055398,False,normal,4803.49,0
TXN-0002447,SUP-0026,Maintenance,INV-754-2026-002447,PO-2026-002447,2025-11-07,2026-01-16,60,12145.27,8752.01,8752.01,USD,USD,BANK-94243920,False,normal,8752.01,0
TXN-0002496,SUP-0010,Aircraft Components,INV-737-2026-002496,PO-2025-002496,2025-11-07,2026-01-04,60,12975.56,10161.57,10161.57,USD,USD,BANK-59212295,False,normal,10161.57,0
TXN-0004066,SUP-0006,Aircraft Components,INV-473-2026-004066,PO-2025-004066,2025-11-07,2025-12-03,30,11200.57,8160.58,8160.58,GBP,GBP,BANK-30719258,False,normal,10363.94,0
TXN-0005215,SUP-0100,Professional Services,INV-943-2026-005215,PO-2026-005215,2025-11-07,2025-12-31,45,3452.74,3386.82,3386.82,GBP,GBP,BANK-62300494,False,normal,4301.26,0
TXN-0005331,SUP-0066,Ground Services,INV-650-2026-005331,PO-2026-005331,2025-11-07,2025-12-30,45,4130.67,3815.25,3815.25,AED,AED,BANK-23795588,False,normal,1038.89,0
TXN-0000303,SUP-0088,Professional Services,INV-749-2026-000303,PO-2026-000303,2025-11-08,2025-12-12,30,32579.97,28828.94,28828.94,AED,AED,BANK-30669042,False,normal,7850.12,0
TXN-0001071,SUP-0144,Professional Services,INV-988-2026-001071,PO-2026-001071,2025-11-08,2025-12-29,45,18535.03,16496.06,16496.06,AED,AED,BANK-63643829,False,normal,4491.88,0
TXN-0001406,SUP-0040,Aircraft Components,INV-778-2026-001406,PO-2025-001406,2025-11-08,2026-01-07,45,12744.9,12383.37,12383.37,AED,AED,BANK-30107614,False,normal,3371.99,0
TXN-0002200,SUP-0078,Maintenance,INV-131-2026-002200,PO-2025-002200,2025-11-08,2025-11-26,30,9652.5,8153.64,8153.64,AED,AED,BANK-79966434,False,normal,2220.24,0
TXN-0002617,SUP-0003,Maintenance,INV-492-2026-002617,PO-2026-002617,2025-11-08,2025-12-09,30,11825.84,9529.16,9529.16,EUR,EUR,BANK-65317853,False,normal,10386.78,0
TXN-0002776,SUP-0077,Maintenance,INV-120-2026-002776,PO-2025-002776,2025-11-08,2025-12-12,30,7463.92,6417.07,6417.07,USD,USD,BANK-99822506,False,normal,6417.07,0
TXN-0003500,SUP-0055,Information Technology,INV-407-2026-003500,PO-2025-003500,2025-11-08,2025-11-23,30,39723.33,31856.02,31856.02,AED,AED,BANK-44199230,False,normal,8674.39,0
TXN-0003561,SUP-0073,Professional Services,INV-184-2026-003561,PO-2026-003561,2025-11-08,2025-12-22,45,51477.06,51398.61,51398.61,EUR,EUR,BANK-14030635,False,normal,56024.48,0
TXN-0004838,SUP-0064,Aircraft Components,INV-753-2026-004838,PO-2025-004838,2025-11-08,2026-01-13,60,18466.89,13383.74,13383.74,EUR,EUR,BANK-84800139,False,normal,14588.28,0
TXN-0005326,SUP-0104,Aircraft Components,INV-646-2026-005326,PO-2025-005326,2025-11-08,2025-12-10,30,4915.51,3968.24,3968.24,GBP,GBP,BANK-82371206,False,normal,5039.66,0
TXN-0001042,SUP-0023,Facilities,INV-355-2026-001042,PO-2025-001042,2025-11-09,2025-12-24,45,26714.94,25092.48,25092.48,GBP,GBP,BANK-91497896,False,normal,31867.45,0
TXN-0001392,SUP-0144,Information Technology,INV-385-2026-001392,PO-2025-001392,2025-11-09,2025-12-02,30,4255.56,3266.77,3266.77,AED,AED,BANK-63643829,False,normal,889.54,0
TXN-0001724,SUP-0023,Information Technology,INV-162-2026-001724,PO-2025-001724,2025-11-09,2025-11-19,30,8748.11,7750.29,7750.29,GBP,GBP,BANK-91497896,False,normal,9842.87,0
TXN-0002135,SUP-0136,Information Technology,INV-228-2026-002135,PO-2026-002135,2025-11-09,2026-01-13,60,1042.79,777.6,777.6,USD,USD,BANK-19530766,False,normal,777.6,0
TXN-0002387,SUP-0131,Maintenance,INV-900-2026-002387,PO-2026-002387,2025-11-09,2025-12-07,30,6347.66,4683.19,4683.19,USD,USD,BANK-63724249,False,normal,4683.19,0
TXN-0003515,SUP-0051,Professional Services,INV-269-2026-003515,PO-2026-003515,2025-11-09,2026-01-03,60,3355.91,2601.59,2601.59,USD,USD,BANK-43629195,False,normal,2601.59,0
TXN-0003825,SUP-0084,Ground Services,INV-528-2026-003825,PO-2026-003825,2025-11-09,2025-12-05,30,30070.57,24887.24,24887.24,USD,USD,BANK-22950775,False,normal,24887.24,0
TXN-0003962,SUP-0031,Information Technology,INV-613-2026-003962,PO-2025-003962,2025-11-09,2026-01-21,60,4390.4,3523.41,3523.41,EUR,EUR,BANK-36891816,False,normal,3840.52,0
TXN-0004674,SUP-0149,Professional Services,INV-128-2026-004674,PO-2025-004674,2025-11-09,2026-02-11,90,5461.8,4254.11,4254.11,USD,USD,BANK-52064343,False,normal,4254.11,0
TXN-0004755,SUP-0057,Maintenance,INV-505-2026-004755,PO-2026-004755,2025-11-09,2025-12-07,30,5593.17,4665.6,4665.6,USD,USD,BANK-10477636,False,normal,4665.6,0
TXN-0000818,SUP-0144,Aircraft Components,INV-260-2026-000818,PO-2025-000818,2025-11-10,2025-12-11,45,28254.15,23274.63,23274.63,AED,AED,BANK-63643829,False,normal,6337.68,0
TXN-0003088,SUP-0053,Ground Services,INV-272-2026-003088,PO-2025-003088,2025-11-10,2025-12-18,30,13350.42,10486.37,10486.37,EUR,EUR,BANK-76295561,False,normal,11430.14,0
TXN-0003362,SUP-0058,Ground Services,INV-905-2026-003362,PO-2025-003362,2025-11-10,2026-01-15,60,29866.34,26071.12,26071.12,AED,AED,BANK-94313182,False,normal,7099.17,0
TXN-0003997,SUP-0134,Ground Services,INV-230-2026-003997,PO-2026-003997,2025-11-10,2025-12-19,30,27756.6,24155.67,24155.67,USD,USD,BANK-67057759,False,normal,24155.67,0
TXN-0004127,SUP-0126,Information Technology,INV-188-2026-004127,PO-2026-004127,2025-11-10,2025-12-15,30,1670.59,1300.09,1300.09,AED,AED,BANK-35780160,False,normal,354.01,0
TXN-0005064,SUP-0121,Professional Services,INV-645-2026-005064,PO-2025-005064,2025-11-10,2025-11-30,30,5794.18,4520.93,4520.93,AED,AED,BANK-55753531,False,normal,1231.05,0
TXN-0005199,SUP-0088,Facilities,INV-473-2026-005199,PO-2026-005199,2025-11-10,2025-12-12,45,16757.73,12769.78,12769.78,AED,AED,BANK-30669042,False,normal,3477.21,0
TXN-0000105,SUP-0129,Professional Services,INV-795-2026-000105,PO-2026-000105,2025-11-11,2025-12-27,30,3264.74,2434.78,2434.78,USD,USD,BANK-54924829,False,normal,2434.78,0
TXN-0000127,SUP-0126,Facilities,INV-457-2026-000127,PO-2026-000127,2025-11-11,2026-01-26,60,54541.06,46527.22,46527.22,AED,AED,BANK-35780160,False,normal,12669.36,0
TXN-0001219,SUP-0148,Maintenance,INV-753-2026-001219,PO-2026-001219,2025-11-11,2025-12-26,45,38092.42,34345.57,34345.57,AED,AED,BANK-48887190,False,normal,9352.3,0
TXN-0001719,SUP-0073,Facilities,INV-241-2026-001719,PO-2026-001719,2025-11-11,2026-01-09,60,55561.93,47689.29,47689.29,EUR,EUR,BANK-14030635,False,normal,51981.33,0
TXN-0002537,SUP-0062,Ground Services,INV-622-2026-002537,PO-2026-002537,2025-11-11,2025-12-17,45,6100.34,5196.9,5196.9,AED,AED,BANK-21048213,False,normal,1415.12,0
TXN-0002661,SUP-0103,Information Technology,INV-571-2026-002661,PO-2026-002661,2025-11-11,2026-01-04,60,15659.89,13865.28,13865.28,USD,USD,BANK-87788293,False,normal,13865.28,0
TXN-0003312,SUP-0011,Information Technology,INV-350-2026-003312,PO-2025-003312,2025-11-11,2026-01-12,60,23849.37,17540.01,17540.01,USD,USD,BANK-43383005,False,normal,17540.01,0
TXN-0004251,SUP-0010,Ground Services,INV-906-2026-004251,PO-2026-004251,2025-11-11,2026-01-05,60,10939.75,8541.19,8541.19,USD,USD,BANK-59212295,False,normal,8541.19,0
TXN-0000149,SUP-0030,Information Technology,INV-797-2026-000149,PO-2026-000149,2025-11-12,2026-01-17,60,13471.86,12428.57,12428.57,AED,AED,BANK-14041955,False,normal,3384.3,0
TXN-0001399,SUP-0099,Professional Services,INV-491-2026-001399,PO-2026-001399,2025-11-12,2026-02-07,90,14160.21,12034.16,12034.16,USD,USD,BANK-78956930,False,normal,12034.16,0
TXN-0002437,SUP-0020,Aircraft Components,INV-362-2026-002437,PO-2026-002437,2025-11-12,2026-01-04,60,15910.83,12175.52,12175.52,AED,AED,BANK-36182605,False,normal,3315.39,0
TXN-0003522,SUP-0105,Ground Services,INV-796-2026-003522,PO-2025-003522,2025-11-12,2026-01-19,60,4559.12,4265.16,4265.16,EUR,EUR,BANK-12259119,False,normal,4649.02,0
TXN-0003728,SUP-0115,Ground Services,INV-205-2026-003728,PO-2025-003728,2025-11-12,2026-01-16,60,59765.18,52482.16,52482.16,USD,USD,BANK-17278259,False,normal,52482.16,0
TXN-0003944,SUP-0148,Aircraft Components,INV-407-2026-003944,PO-2025-003944,2025-11-12,2025-12-23,30,17186.21,16992.91,16992.91,AED,AED,BANK-48887190,False,normal,4627.17,0
TXN-0004097,SUP-0027,Information Technology,INV-650-2026-004097,PO-2026-004097,2025-11-12,2025-12-17,30,14018.0,13587.65,13587.65,AED,AED,BANK-26263179,False,normal,3699.92,0
TXN-0004199,SUP-0083,Ground Services,INV-854-2026-004199,PO-2026-004199,2025-11-12,2025-12-18,30,14198.58,12268.98,12268.98,EUR,EUR,BANK-49032895,False,normal,13373.19,0
TXN-0004326,SUP-0040,Facilities,INV-478-2026-004326,PO-2025-004326,2025-11-12,2026-01-04,60,2823.88,2473.32,2473.32,AED,AED,BANK-30107614,False,normal,673.49,0
TXN-0005097,SUP-0114,Maintenance,INV-922-2026-005097,PO-2026-005097,2025-11-12,2026-02-24,90,10424.03,8966.07,8966.07,AED,AED,BANK-93480628,False,normal,2441.46,0
TXN-0000309,SUP-0070,Aircraft Components,INV-264-2026-000309,PO-2026-000309,2025-11-13,2025-12-22,45,39274.22,30019.64,30019.64,USD,USD,BANK-63944450,False,normal,30019.64,0
TXN-0000340,SUP-0015,Information Technology,INV-118-2026-000340,PO-2025-000340,2025-11-13,2026-01-05,60,14913.35,12626.57,12626.57,USD,USD,BANK-82742631,False,normal,12626.57,0
TXN-0000365,SUP-0157,Information Technology,INV-315-2026-000365,PO-2026-000365,2025-11-13,2025-12-17,30,9168.95,9020.44,9020.44,USD,USD,BANK-84648574,False,normal,9020.44,0
TXN-0001580,SUP-0082,Facilities,INV-589-2026-001580,PO-2025-001580,2025-11-13,2025-12-21,30,11599.12,9543.73,9543.73,USD,USD,BANK-55066706,False,normal,9543.73,0
TXN-0001632,SUP-0087,Aircraft Components,INV-452-2026-001632,PO-2025-001632,2025-11-13,2026-01-17,60,8659.81,7721.26,7721.26,AED,AED,BANK-25685067,False,normal,2102.5,0
TXN-0001931,SUP-0100,Ground Services,INV-480-2026-001931,PO-2026-001931,2025-11-13,2026-02-17,90,3982.35,2984.6,2984.6,GBP,GBP,BANK-62300494,False,normal,3790.44,0
TXN-0003253,SUP-0107,Professional Services,INV-481-2026-003253,PO-2026-003253,2025-11-13,2025-12-26,30,22984.19,19668.17,19668.17,USD,USD,BANK-17594929,False,normal,19668.17,0
TXN-0004262,SUP-0041,Information Technology,INV-855-2026-004262,PO-2025-004262,2025-11-13,2025-12-11,30,5513.37,4420.05,4420.05,USD,USD,BANK-90410196,False,normal,4420.05,0
TXN-0004338,SUP-0156,Maintenance,INV-147-2026-004338,PO-2025-004338,2025-11-13,2026-01-04,45,8002.68,7473.87,7473.87,AED,AED,BANK-35913857,False,normal,2035.13,0
TXN-0004361,SUP-0135,Information Technology,INV-349-2026-004361,PO-2026-004361,2025-11-13,2026-01-12,60,10205.95,8050.29,8050.29,AED,AED,BANK-85671420,False,normal,2192.09,0
TXN-0004729,SUP-0129,Aircraft Components,INV-541-2026-004729,PO-2026-004729,2025-11-13,2025-12-31,30,7379.09,7276.52,7276.52,USD,USD,BANK-54924829,False,normal,7276.52,0
TXN-0005338,SUP-0024,Information Technology,INV-716-2026-005338,PO-2025-005338,2025-11-13,2026-01-11,60,13840.31,12283.91,12283.91,EUR,EUR,BANK-33036857,False,normal,13389.46,0
TXN-0005599,SUP-0108,Aircraft Components,INV-186-2026-005599,PO-2026-005599,2025-11-13,2025-12-13,30,5800.05,5017.57,5017.57,USD,USD,BANK-76508559,False,normal,5017.57,0
TXN-0000982,SUP-0062,Facilities,INV-853-2026-000982,PO-2025-000982,2025-11-14,2025-12-29,30,30272.57,24109.69,24109.69,AED,AED,BANK-21048213,False,normal,6565.07,0
TXN-0002129,SUP-0017,Professional Services,INV-400-2026-002129,PO-2026-002129,2025-11-14,2026-02-07,90,15011.48,12387.23,12387.23,AED,AED,BANK-38542500,False,normal,3373.04,0
TXN-0002599,SUP-0055,Professional Services,INV-105-2026-002599,PO-2026-002599,2025-11-14,2026-01-01,60,12037.9,11705.93,11705.93,AED,AED,BANK-44199230,False,normal,3187.52,0
TXN-0002763,SUP-0023,Ground Services,INV-413-2026-002763,PO-2026-002763,2025-11-14,2025-12-31,60,5515.8,5294.5,5294.5,GBP,GBP,BANK-91497896,False,normal,6724.02,0
TXN-0003808,SUP-0016,Maintenance,INV-311-2026-003808,PO-2025-003808,2025-11-14,2025-12-14,30,41948.47,36859.93,36859.93,USD,USD,BANK-96689067,False,normal,36859.93,0
TXN-0004001,SUP-0087,Facilities,INV-516-2026-004001,PO-2026-004001,2025-11-14,2026-01-18,60,1150.14,992.11,992.11,AED,AED,BANK-25685067,False,normal,270.15,0
TXN-0005046,SUP-0152,Aircraft Components,INV-345-2026-005046,PO-2025-005046,2025-11-14,2025-12-12,30,17353.29,16243.18,16243.18,EUR,EUR,BANK-86228158,False,normal,17705.07,0
TXN-0005417,SUP-0015,Facilities,INV-686-2026-005417,PO-2026-005417,2025-11-14,2026-01-24,60,1690.87,1572.99,1572.99,USD,USD,BANK-82742631,False,normal,1572.99,0
TXN-0001702,SUP-0042,Aircraft Components,INV-485-2026-001702,PO-2025-001702,2025-11-15,2025-12-16,30,2734.85,2241.71,2241.71,EUR,EUR,BANK-20438281,False,normal,2443.46,0
TXN-0002068,SUP-0031,Ground Services,INV-652-2026-002068,PO-2025-002068,2025-11-15,2025-12-08,30,4058.23,3744.62,3744.62,EUR,EUR,BANK-36891816,False,normal,4081.64,0
TXN-0002186,SUP-0137,Maintenance,INV-493-2026-002186,PO-2025-002186,2025-11-15,2025-12-25,45,17436.24,12567.5,12567.5,GBP,GBP,BANK-75099036,False,normal,15960.72,0
TXN-0004890,SUP-0108,Aircraft Components,INV-192-2026-004890,PO-2025-004890,2025-11-15,2026-01-13,60,30661.65,25901.94,25901.94,USD,USD,BANK-76508559,False,normal,25901.94,0
TXN-0004894,SUP-0082,Maintenance,INV-502-2026-004894,PO-2025-004894,2025-11-15,2026-01-14,60,13407.32,9927.64,9927.64,USD,USD,BANK-55066706,False,normal,9927.64,0
TXN-0000179,SUP-0096,Professional Services,INV-705-2026-000179,PO-2026-000179,2025-11-16,2026-01-07,45,11013.11,8673.53,8673.53,AED,AED,BANK-55569693,False,normal,2361.8,0
TXN-0000343,SUP-0139,Information Technology,INV-115-2026-000343,PO-2026-000343,2025-11-16,2026-01-11,45,1064.02,830.41,830.41,EUR,EUR,BANK-77394363,False,normal,905.15,0
TXN-0000410,SUP-0098,Aircraft Components,INV-633-2026-000410,PO-2025-000410,2025-11-16,2026-01-10,60,167067.54,124403.78,124403.78,USD,USD,BANK-72483618,False,normal,124403.78,0
TXN-0001627,SUP-0147,Aircraft Components,INV-729-2026-001627,PO-2026-001627,2025-11-16,2026-01-06,45,3407.5,2505.24,2505.24,USD,USD,BANK-82392481,False,normal,2505.24,0
TXN-0001736,SUP-0025,Ground Services,INV-176-2026-001736,PO-2025-001736,2025-11-16,2026-02-04,90,9883.37,7639.12,7639.12,EUR,EUR,BANK-99224451,False,normal,8326.64,0
TXN-0002039,SUP-0010,Maintenance,INV-998-2026-002039,PO-2026-002039,2025-11-16,2026-01-03,30,14382.56,13492.94,13492.94,USD,USD,BANK-59212295,False,normal,13492.94,0
TXN-0003073,SUP-0027,Maintenance,INV-396-2026-003073,PO-2026-003073,2025-11-16,2026-01-03,45,6146.17,4604.5,4604.5,AED,AED,BANK-26263179,False,normal,1253.81,0
TXN-0003075,SUP-0011,Professional Services,INV-781-2026-003075,PO-2026-003075,2025-11-16,2025-11-28,30,3594.58,3305.25,3305.25,USD,USD,BANK-43383005,False,normal,3305.25,0
TXN-0003505,SUP-0121,Ground Services,INV-699-2026-003505,PO-2026-003505,2025-11-16,2026-01-20,60,19021.14,17332.49,17332.49,AED,AED,BANK-55753531,False,normal,4719.64,0
TXN-0004131,SUP-0047,Maintenance,INV-993-2026-004131,PO-2026-004131,2025-11-16,2025-12-24,45,78398.39,56980.14,56980.14,USD,USD,BANK-79481118,False,normal,56980.14,0
TXN-0005102,SUP-0159,Ground Services,INV-963-2026-005102,PO-2025-005102,2025-11-16,2025-12-17,45,65535.21,60409.93,60409.93,AED,AED,BANK-81713537,False,normal,16449.62,0
TXN-0005186,SUP-0103,Ground Services,INV-464-2026-005186,PO-2025-005186,2025-11-16,2025-12-08,30,3437.57,2899.62,2899.62,USD,USD,BANK-87788293,False,normal,2899.62,0
TXN-0000306,SUP-0073,Maintenance,INV-395-2026-000306,PO-2025-000306,2025-11-17,2026-01-25,60,7443.66,5837.97,5837.97,EUR,EUR,BANK-14030635,False,normal,6363.39,0
TXN-0000591,SUP-0114,Ground Services,INV-425-2026-000591,PO-2026-000591,2025-11-17,2025-12-19,30,13077.18,11823.16,11823.16,AED,AED,BANK-93480628,False,normal,3219.45,0
TXN-0001206,SUP-0143,Professional Services,INV-462-2026-001206,PO-2025-001206,2025-11-17,2025-12-09,45,4621.28,4265.7,4265.7,GBP,GBP,BANK-24937333,False,normal,5417.44,0
TXN-0001653,SUP-0087,Maintenance,INV-222-2026-001653,PO-2026-001653,2025-11-17,2025-12-11,30,20162.37,19949.22,19949.22,AED,AED,BANK-25685067,False,normal,5432.17,0
TXN-0003935,SUP-0116,Professional Services,INV-552-2026-003935,PO-2026-003935,2025-11-17,2025-12-07,30,10443.73,8595.39,8595.39,EUR,EUR,BANK-45782037,False,normal,9368.98,0
TXN-0000236,SUP-0149,Aircraft Components,INV-532-2026-000236,PO-2025-000236,2025-11-18,2025-12-26,30,15754.12,15618.38,15618.38,USD,USD,BANK-52064343,False,normal,15618.38,0
TXN-0000276,SUP-0089,Maintenance,INV-964-2026-000276,PO-2025-000276,2025-11-18,2026-02-24,90,10685.85,9994.55,9994.55,USD,USD,BANK-35136775,False,normal,9994.55,0
TXN-0000442,SUP-0049,Professional Services,INV-468-2026-000442,PO-2025-000442,2025-11-18,2025-12-28,30,2217.32,2147.16,2147.16,AED,AED,BANK-69549513,False,normal,584.67,0
TXN-0000850,SUP-0160,Information Technology,INV-622-2026-000850,PO-2025-000850,2025-11-18,2026-01-02,45,25344.78,21729.23,21729.23,EUR,EUR,BANK-51670701,False,normal,23684.86,0
TXN-0001952,SUP-0109,Maintenance,INV-779-2026-001952,PO-2025-001952,2025-11-18,2026-01-08,60,1328.8,1209.74,1209.74,USD,USD,BANK-84335845,False,normal,1209.74,0
TXN-0002351,SUP-0155,Information Technology,INV-118-2026-002351,PO-2026-002351,2025-11-18,2025-12-10,30,41951.74,36720.6,36720.6,USD,USD,BANK-19822959,False,normal,36720.6,0
TXN-0002396,SUP-0038,Aircraft Components,INV-633-2026-002396,PO-2025-002396,2025-11-18,2026-01-10,45,12468.82,9445.78,9445.78,AED,AED,BANK-86107842,False,normal,2572.09,0
TXN-0002519,SUP-0113,Aircraft Components,INV-917-2026-002519,PO-2026-002519,2025-11-18,2026-01-04,60,8782.77,6472.45,6472.45,USD,USD,BANK-61055398,False,normal,6472.45,0
TXN-0002560,SUP-0142,Facilities,INV-237-2026-002560,PO-2025-002560,2025-11-18,2025-12-14,30,43773.86,39168.99,39168.99,AED,AED,BANK-96960871,False,normal,10665.72,0
TXN-0003752,SUP-0018,Information Technology,INV-216-2026-003752,PO-2025-003752,2025-11-18,2025-11-18,60,17099.65,16929.15,16929.15,USD,USD,BANK-95760944,False,rapid_payment,16929.15,1
TXN-0003959,SUP-0118,Ground Services,INV-404-2026-003959,PO-2026-003959,2025-11-18,2025-12-25,30,4943.58,4638.94,4638.94,AED,AED,BANK-37085381,False,normal,1263.18,0
TXN-0004320,SUP-0121,Professional Services,INV-563-2026-004320,PO-2025-004320,2025-11-18,2026-01-06,45,26247.43,25382.57,25382.57,AED,AED,BANK-55753531,False,normal,6911.67,0
TXN-0004538,SUP-0068,Professional Services,INV-623-2026-004538,PO-2025-004538,2025-11-18,2025-12-20,30,5233.51,4427.73,4427.73,USD,USD,BANK-26134147,False,normal,4427.73,0
TXN-0000052,SUP-0019,Aircraft Components,INV-256-2026-000052,PO-2025-000052,2025-11-19,2026-01-07,30,901.84,799.33,799.33,EUR,GBP,BANK-67134797,False,currency_mismatch,1015.15,1
TXN-0000406,SUP-0114,Professional Services,INV-907-2026-000406,PO-2025-000406,2025-11-19,2025-12-19,30,16150.21,15663.54,15663.54,AED,AED,BANK-93480628,False,normal,4265.18,0
TXN-0000422,SUP-0028,Professional Services,INV-194-2026-000422,PO-2025-000422,2025-11-19,2025-12-09,45,3912.89,3216.89,3216.89,USD,USD,BANK-24814703,False,normal,3216.89,0
TXN-0000684,SUP-0147,Maintenance,INV-606-2026-000684,PO-2025-000684,2025-11-19,2026-01-15,45,9334.53,8547.72,8547.72,USD,USD,BANK-82392481,False,normal,8547.72,0
TXN-0000889,SUP-0142,Information Technology,INV-988-2026-000889,PO-2026-000889,2025-11-19,2026-01-21,60,21573.67,17275.88,17275.88,AED,AED,BANK-96960871,False,normal,4704.22,0
TXN-0001180,SUP-0064,Aircraft Components,INV-411-2026-001180,PO-2025-001180,2025-11-19,2025-12-25,45,2386.36,1949.8,1949.8,EUR,EUR,BANK-84800139,False,normal,2125.28,0
TXN-0001804,SUP-0067,Ground Services,INV-470-2026-001804,PO-2025-001804,2025-11-19,2025-12-26,30,18031.4,17880.95,17880.95,AED,AED,BANK-77206550,False,normal,4868.98,0
TXN-0004279,SUP-0070,Maintenance,INV-390-2026-004279,PO-2026-004279,2025-11-19,2026-02-02,60,28624.98,23463.16,23463.16,USD,USD,BANK-63944450,False,normal,23463.16,0
TXN-0005472,SUP-0115,Information Technology,INV-773-2026-005472,PO-2025-005472,2025-11-19,2025-12-25,45,33385.16,31162.59,31162.59,USD,USD,BANK-17278259,False,normal,31162.59,0
TXN-0000402,SUP-0031,Maintenance,INV-852-2026-000402,PO-2025-000402,2025-11-20,2025-12-23,45,3279.24,2596.94,2596.94,EUR,EUR,BANK-36891816,False,normal,2830.66,0
TXN-0000490,SUP-0037,Aircraft Components,INV-973-2026-000490,PO-2025-000490,2025-11-20,2026-01-25,45,12320.1,11644.6,11644.6,USD,USD,BANK-18183594,False,normal,11644.6,0
TXN-0000906,SUP-0085,Maintenance,INV-964-2026-000906,PO-2025-000906,2025-11-20,2025-12-17,30,14174.85,12999.64,12999.64,USD,USD,BANK-94093522,False,normal,12999.64,0
TXN-0002289,SUP-0088,Maintenance,INV-832-2026-002289,PO-2026-002289,2025-11-20,2026-01-09,45,49341.23,48233.48,48233.48,AED,AED,BANK-30669042,False,normal,13133.98,0
TXN-0002485,SUP-0098,Facilities,INV-518-2026-002485,PO-2026-002485,2025-11-20,2026-01-12,60,11378.25,8805.56,8805.56,USD,USD,BANK-72483618,False,normal,8805.56,0
TXN-0002524,SUP-0130,Aircraft Components,INV-321-2026-002524,PO-2025-002524,2025-11-20,2026-02-07,60,31025.93,27936.32,27936.32,AED,AED,BANK-12237354,False,normal,7607.06,0
TXN-0002682,SUP-0043,Facilities,INV-165-2026-002682,PO-2025-002682,2025-11-20,2026-02-24,90,13434.34,9731.13,9731.13,AED,AED,BANK-56697251,False,normal,2649.79,0
TXN-0003499,SUP-0138,Facilities,INV-159-2026-003499,PO-2026-003499,2025-11-20,2026-01-15,45,5079.94,4264.21,4264.21,AED,AED,BANK-22630563,False,normal,1161.14,0
TXN-0003713,SUP-0153,Professional Services,INV-573-2026-003713,PO-2026-003713,2025-11-20,2025-12-23,30,5337.99,4410.08,4410.08,USD,USD,BANK-11605310,False,normal,4410.08,0
TXN-0004699,SUP-0125,Professional Services,INV-932-2026-004699,PO-2026-004699,2025-11-20,2025-12-21,30,17073.61,14539.04,14539.04,USD,USD,BANK-56892046,False,normal,14539.04,0
TXN-0005074,SUP-0022,Maintenance,INV-862-2026-005074,PO-2025-005074,2025-11-20,2026-01-01,45,84948.62,62047.77,62047.77,USD,USD,BANK-56355141,False,normal,62047.77,0
TXN-0000310,SUP-0048,Maintenance,INV-654-2026-000310,PO-2025-000310,2025-11-21,2026-01-09,45,8797.94,7950.41,7950.41,USD,USD,BANK-40202528,False,normal,7950.41,0
TXN-0000955,SUP-0125,Maintenance,INV-433-2026-000955,PO-2026-000955,2025-11-21,2025-12-21,30,28959.1,22229.4,22229.4,USD,USD,BANK-56892046,False,normal,22229.4,0
TXN-0001264,SUP-0116,Maintenance,INV-678-2026-001264,PO-2025-001264,2025-11-21,2025-12-25,30,8990.33,6673.06,6673.06,EUR,EUR,BANK-45782037,False,normal,7273.64,0
TXN-0001374,SUP-0118,Aircraft Components,INV-844-2026-001374,PO-2025-001374,2025-11-21,2026-01-24,60,12635.88,9908.22,9908.22,AED,AED,BANK-37085381,False,normal,2698.01,0
TXN-0005575,SUP-0076,Aircraft Components,INV-930-2026-005575,PO-2026-005575,2025-11-21,2026-01-16,45,2379.61,1748.2,1748.2,USD,USD,BANK-37929130,False,normal,1748.2,0
TXN-0000017,SUP-0155,Ground Services,INV-967-2026-000017,PO-2026-000017,2025-11-22,2026-01-22,45,13035.12,11157.62,11157.62,USD,USD,BANK-19822959,False,normal,11157.62,0
TXN-0000131,SUP-0040,Ground Services,INV-995-2026-000131,PO-2026-000131,2025-11-22,2026-01-13,60,4575.44,4401.62,4401.62,AED,AED,BANK-30107614,False,normal,1198.56,0
TXN-0000471,SUP-0065,Facilities,INV-379-2026-000471,PO-2026-000471,2025-11-22,2026-02-19,90,4344.52,3218.02,3218.02,AED,AED,BANK-90272029,False,normal,876.27,0
TXN-0000846,SUP-0115,Maintenance,INV-488-2026-000846,PO-2025-000846,2025-11-22,2025-12-13,30,11419.03,8266.97,8266.97,USD,USD,BANK-17278259,False,normal,8266.97,0
TXN-0001683,SUP-0150,Professional Services,INV-831-2026-001683,PO-2026-001683,2025-11-22,2026-01-01,45,4264.44,4204.67,4204.67,USD,USD,BANK-67087104,False,normal,4204.67,0
TXN-0001695,SUP-0112,Aircraft Components,INV-392-2026-001695,PO-2026-001695,2025-11-22,2025-12-22,30,48763.54,45289.47,45289.47,USD,USD,BANK-21137842,False,normal,45289.47,0
TXN-0001867,SUP-0115,Aircraft Components,INV-240-2026-001867,PO-2026-001867,2025-11-22,2025-12-30,45,7397.66,5874.33,5874.33,USD,USD,BANK-17278259,False,normal,5874.33,0
TXN-0002083,SUP-0061,Information Technology,INV-314-2026-002083,PO-2026-002083,2025-11-22,2026-01-28,60,5773.75,4902.78,4902.78,AED,AED,BANK-12871994,False,normal,1335.03,0
TXN-0003260,SUP-0158,Aircraft Components,INV-712-2026-003260,PO-2025-003260,2025-11-22,2026-01-03,30,6804.58,6176.13,6176.13,AED,AED,BANK-32546185,False,normal,1681.76,0
TXN-0003283,SUP-0130,Professional Services,INV-393-2026-003283,PO-2026-003283,2025-11-22,2025-12-28,45,123679.74,123587.53,123587.53,AED,AED,BANK-12237354,False,normal,33652.88,0
TXN-0004652,SUP-0105,Ground Services,INV-578-2026-004652,PO-2025-004652,2025-11-22,2025-11-23,30,20568.04,20303.04,20303.04,EUR,EUR,BANK-12259119,False,rapid_payment,22130.31,1
TXN-0000425,SUP-0124,Maintenance,INV-299-2026-000425,PO-2026-000425,2025-11-23,2025-12-28,30,16910.29,16145.83,16145.83,USD,USD,BANK-96006092,False,normal,16145.83,0
TXN-0000995,SUP-0025,Maintenance,INV-791-2026-000995,PO-2026-000995,2025-11-23,2025-12-27,45,75211.79,54325.06,54325.06,EUR,EUR,BANK-99224451,False,normal,59214.32,0
TXN-0001233,SUP-0067,Maintenance,INV-134-2026-001233,PO-2026-001233,2025-11-23,2025-12-14,30,27546.58,22036.62,22036.62,AED,AED,BANK-77206550,False,normal,6000.57,0
TXN-0001287,SUP-0059,Aircraft Components,INV-188-2026-001287,PO-2026-001287,2025-11-23,2026-03-01,90,4636.89,3974.5,3974.5,USD,USD,BANK-95295830,False,normal,3974.5,0
TXN-0001564,SUP-0106,Aircraft Components,INV-970-2026-001564,PO-2025-001564,2025-11-23,2026-01-07,45,8982.34,6919.1,6919.1,AED,AED,BANK-74386640,False,normal,1884.07,0
TXN-0002224,SUP-0140,Professional Services,INV-213-2026-002224,PO-2025-002224,2025-11-23,2026-03-05,90,12281.11,12016.71,12016.71,USD,USD,BANK-47720288,False,normal,12016.71,0
TXN-0003326,SUP-0072,Ground Services,INV-138-2026-003326,PO-2025-003326,2025-11-23,2026-01-12,30,6525.8,6265.81,6265.81,USD,USD,BANK-88710582,False,normal,6265.81,0
TXN-0003381,SUP-0084,Aircraft Components,INV-488-2026-003381,PO-2026-003381,2025-11-23,2025-12-28,45,3930.0,3054.25,3054.25,USD,USD,BANK-22950775,False,normal,3054.25,0
TXN-0003388,SUP-0077,Information Technology,INV-430-2026-003388,PO-2025-003388,2025-11-23,2026-01-03,45,16896.33,14286.22,14286.22,USD,USD,BANK-99822506,False,normal,14286.22,0
TXN-0004071,SUP-0025,Professional Services,INV-399-2026-004071,PO-2026-004071,2025-11-23,2025-12-23,30,4887.52,3898.01,3898.01,EUR,EUR,BANK-99224451,False,normal,4248.83,0
TXN-0004110,SUP-0007,Information Technology,INV-581-2026-004110,PO-2025-004110,2025-11-23,2026-01-13,45,4422.38,3377.32,3377.32,EUR,EUR,BANK-31280989,False,normal,3681.28,0
TXN-0005278,SUP-0015,Information Technology,INV-508-2026-005278,PO-2025-005278,2025-11-23,2025-12-31,45,4430.1,3615.35,3615.35,USD,USD,BANK-82742631,False,normal,3615.35,0
TXN-0000059,SUP-0133,Facilities,INV-335-2026-000059,PO-2026-000059,2025-11-24,2025-12-27,45,10843.56,10252.17,10252.17,AED,AED,BANK-23338758,False,normal,2791.67,0
TXN-0000802,SUP-0038,Information Technology,INV-238-2026-000802,PO-2025-000802,2025-11-24,2026-01-04,45,16701.73,12398.7,12398.7,AED,AED,BANK-86107842,False,normal,3376.17,0
TXN-0001432,SUP-0079,Ground Services,INV-814-2026-001432,PO-2025-001432,2025-11-24,2025-12-31,30,4152.1,3845.33,3845.33,AED,AED,BANK-38837550,False,normal,1047.08,0
TXN-0001619,SUP-0140,Information Technology,INV-470-2026-001619,PO-2026-001619,2025-11-24,2026-01-06,45,5080.05,4894.9,4894.9,USD,USD,BANK-47720288,False,normal,4894.9,0
TXN-0002151,SUP-0054,Facilities,INV-355-2026-002151,PO-2026-002151,2025-11-24,2026-01-24,60,13316.71,9682.78,9682.78,AED,AED,BANK-77211064,False,normal,2636.62,0
TXN-0002164,SUP-0053,Facilities,INV-768-2026-002164,PO-2025-002164,2025-11-24,2026-03-05,90,15112.32,12966.08,12966.08,EUR,EUR,BANK-76295561,False,normal,14133.03,0
TXN-0002172,SUP-0044,Information Technology,INV-479-2026-002172,PO-2025-002172,2025-11-24,2026-01-12,30,4241.62,3987.67,3987.67,USD,USD,BANK-52259076,False,normal,3987.67,0
TXN-0003545,SUP-0087,Professional Services,INV-861-2026-003545,PO-2026-003545,2025-11-24,2026-01-07,45,3351.97,3285.79,3285.79,AED,AED,BANK-25685067,False,normal,894.72,0
TXN-0003569,SUP-0001,Information Technology,INV-156-2026-003569,PO-2026-003569,2025-11-24,2026-01-31,60,8642.83,7298.64,7298.64,EUR,EUR,BANK-38861149,False,normal,7955.52,0
TXN-0003895,SUP-0151,Aircraft Components,INV-374-2026-003895,PO-2026-003895,2025-11-24,2026-01-25,60,6606.01,6322.91,6322.91,EUR,EUR,BANK-80628709,False,normal,6891.97,0
TXN-0003974,SUP-0105,Aircraft Components,INV-848-2026-003974,PO-2025-003974,2025-11-24,2026-01-29,60,15605.9,13890.22,13890.22,EUR,EUR,BANK-12259119,False,normal,15140.34,0
TXN-0004235,SUP-0092,Ground Services,INV-113-2026-004235,PO-2026-004235,2025-11-24,2026-02-02,60,24428.12,21237.24,21237.24,AED,AED,BANK-70989279,False,normal,5782.9,0
TXN-0004420,SUP-0103,Facilities,INV-428-2026-004420,PO-2025-004420,2025-11-24,2026-03-07,90,10443.66,9779.16,9779.16,USD,USD,BANK-87788293,False,normal,9779.16,0
TXN-0000078,SUP-0030,Maintenance,INV-324-2026-000078,PO-2025-000078,2025-11-25,2025-12-28,30,18999.31,14648.37,14648.37,AED,AED,BANK-14041955,False,normal,3988.75,0
TXN-0000956,SUP-0083,Aircraft Components,INV-152-2026-000956,PO-2025-000956,2025-11-25,2026-01-14,45,15229.68,13676.18,13676.18,EUR,EUR,BANK-49032895,False,normal,14907.04,0
TXN-0001090,SUP-0051,Information Technology,INV-242-2026-001090,PO-2025-001090,2025-11-25,2026-01-18,45,42319.46,31768.94,31768.94,USD,USD,BANK-43629195,False,normal,31768.94,0
TXN-0002306,SUP-0025,Aircraft Components,INV-749-2026-002306,PO-2025-002306,2025-11-25,2025-12-26,45,39443.31,35576.3,35576.3,EUR,EUR,BANK-99224451,False,normal,38778.17,0
TXN-0002318,SUP-0011,Aircraft Components,INV-918-2026-002318,PO-2025-002318,2025-11-25,2025-12-26,45,19209.86,14784.66,14784.66,USD,USD,BANK-43383005,False,normal,14784.66,0
TXN-0002419,SUP-0105,Aircraft Components,INV-624-2026-002419,PO-2026-002419,2025-11-25,2026-01-15,45,101245.15,87722.98,87722.98,EUR,EUR,BANK-12259119,False,normal,95618.05,0
TXN-0002684,SUP-0098,Maintenance,INV-511-2026-002684,PO-2025-002684,2025-11-25,2026-01-06,45,8168.26,6270.34,6270.34,USD,USD,BANK-72483618,False,normal,6270.34,0
TXN-0003169,SUP-0107,Maintenance,INV-919-2026-003169,PO-2026-003169,2025-11-25,2025-12-31,30,5141.37,4208.01,4208.01,USD,USD,BANK-17594929,False,normal,4208.01,0
TXN-0003511,SUP-0005,Aircraft Components,INV-684-2026-003511,PO-2026-003511,2025-11-25,2026-01-20,60,38427.87,28573.61,28573.61,USD,USD,BANK-97763977,False,normal,28573.61,0
TXN-0003888,SUP-0131,Ground Services,INV-253-2026-003888,PO-2025-003888,2025-11-25,2026-01-27,60,4044.08,3086.53,3086.53,USD,USD,BANK-63724249,False,normal,3086.53,0
TXN-0004035,SUP-0159,Aircraft Components,INV-167-2026-004035,PO-2026-004035,2025-11-25,2025-12-23,30,9207.38,6973.07,6973.07,AED,AED,BANK-81713537,False,normal,1898.77,0
TXN-0004405,SUP-0135,Information Technology,INV-630-2026-004405,PO-2026-004405,2025-11-25,2026-02-24,90,3632.36,2891.93,2891.93,AED,AED,BANK-85671420,False,normal,787.47,0
TXN-0004529,SUP-0106,Aircraft Components,INV-592-2026-004529,PO-2026-004529,2025-11-25,2026-02-05,60,13409.8,11819.22,11819.22,AED,AED,BANK-74386640,False,normal,3218.37,0
TXN-0004664,SUP-0088,Information Technology,INV-227-2026-004664,PO-2025-004664,2025-11-25,2026-02-03,60,17200.8,13163.96,13163.96,AED,AED,BANK-30669042,False,normal,3584.55,0
TXN-0004696,SUP-0123,Information Technology,INV-101-2026-004696,PO-2025-004696,2025-11-25,2026-02-20,90,41238.67,30604.43,30604.43,USD,USD,BANK-38236379,False,normal,30604.43,0
TXN-0004853,SUP-0063,Ground Services,INV-127-2026-004853,PO-2026-004853,2025-11-25,2025-12-15,30,34764.65,33018.55,33018.55,AED,AED,BANK-16087857,False,normal,8990.95,0
TXN-0005376,SUP-0096,Aircraft Components,INV-305-2026-005376,PO-2025-005376,2025-11-25,2025-12-23,45,5727.82,4235.15,4235.15,AED,AED,BANK-55569693,False,normal,1153.23,0
TXN-0000576,SUP-0111,Facilities,INV-651-2026-000576,PO-2025-000576,2025-11-26,2025-12-25,30,9928.59,8836.29,8836.29,USD,USD,BANK-49045227,False,normal,8836.29,0
TXN-0000970,SUP-0011,Aircraft Components,INV-945-2026-000970,PO-2025-000970,2025-11-26,2026-02-09,90,21867.04,21587.26,21587.26,USD,USD,BANK-43383005,False,normal,21587.26,0
TXN-0001526,SUP-0063,Information Technology,INV-176-2026-001526,PO-2025-001526,2025-11-26,2025-12-25,30,6044.36,5437.51,5437.51,AED,AED,BANK-16087857,False,normal,1480.63,0
TXN-0001709,SUP-0106,Maintenance,INV-428-2026-001709,PO-2026-001709,2025-11-26,2025-12-18,30,3545.65,2587.96,2587.96,AED,AED,BANK-74386640,False,normal,704.7,0
TXN-0001873,SUP-0101,Professional Services,INV-538-2026-001873,PO-2026-001873,2025-11-26,2025-12-31,30,11853.89,8818.44,8818.44,EUR,EUR,BANK-47533220,False,normal,9612.1,0
TXN-0001992,SUP-0029,Aircraft Components,INV-415-2026-001992,PO-2025-001992,2025-11-26,2026-01-21,45,10245.51,8018.36,8018.36,USD,USD,BANK-57984114,False,normal,8018.36,0
TXN-0002117,SUP-0125,Facilities,INV-250-2026-002117,PO-2026-002117,2025-11-26,2025-12-30,30,9344.24,8637.94,8637.94,USD,USD,BANK-56892046,False,normal,8637.94,0
TXN-0003078,SUP-0128,Maintenance,INV-800-2026-003078,PO-2025-003078,2025-11-26,2025-12-23,30,29659.52,29031.47,29031.47,USD,USD,BANK-93232757,False,normal,29031.47,0
TXN-0003320,SUP-0136,Aircraft Components,INV-725-2026-003320,PO-2025-003320,2025-11-26,2025-12-30,30,6167.34,5801.87,5801.87,USD,USD,BANK-19530766,False,normal,5801.87,0
TXN-0003574,SUP-0095,Professional Services,INV-178-2026-003574,PO-2025-003574,2025-11-26,2026-01-29,60,4971.21,4068.65,4068.65,USD,USD,BANK-36688168,False,normal,4068.65,0
TXN-0004023,SUP-0043,Ground Services,INV-129-2026-004023,PO-2026-004023,2025-11-26,2026-01-31,60,4726.71,4397.81,4397.81,AED,AED,BANK-56697251,False,normal,1197.52,0
TXN-0004804,SUP-0047,Maintenance,INV-909-2026-004804,PO-2025-004804,2025-11-26,2025-12-08,30,2750.94,2147.16,2147.16,USD,USD,BANK-79481118,False,normal,2147.16,0
TXN-0005106,SUP-0093,Aircraft Components,INV-539-2026-005106,PO-2025-005106,2025-11-26,2026-01-09,45,23220.64,22176.91,22176.91,USD,USD,BANK-97237891,False,normal,22176.91,0
TXN-0001048,SUP-0031,Professional Services,INV-924-2026-001048,PO-2025-001048,2025-11-27,2025-12-19,30,11092.96,9289.44,9289.44,EUR,EUR,BANK-36891816,False,normal,10125.49,0
TXN-0001382,SUP-0122,Maintenance,INV-801-2026-001382,PO-2025-001382,2025-11-27,2026-02-04,60,1066.53,797.1,797.1,AED,AED,BANK-69657778,False,normal,217.05,0
TXN-0001541,SUP-0099,Ground Services,INV-232-2026-001541,PO-2026-001541,2025-11-27,2026-01-02,30,8687.75,6627.12,6627.12,USD,USD,BANK-78956930,False,normal,6627.12,0
TXN-0002134,SUP-0152,Aircraft Components,INV-325-2026-002134,PO-2025-002134,2025-11-27,2026-02-13,90,16297.56,13319.04,13319.04,EUR,EUR,BANK-86228158,False,normal,14517.75,0
TXN-0002430,SUP-0071,Aircraft Components,INV-495-2026-002430,PO-2025-002430,2025-11-27,2026-01-18,60,2819.4,2723.5,2723.5,USD,USD,BANK-74793410,False,normal,2723.5,0
TXN-0004170,SUP-0032,Ground Services,INV-575-2026-004170,PO-2025-004170,2025-11-27,2026-01-16,30,27978.87,26496.8,26496.8,GBP,GBP,NEW-85446458,True,bank_change,33650.94,1
TXN-0004372,SUP-0102,Professional Services,INV-879-2026-004372,PO-2025-004372,2025-11-27,2026-01-24,60,19344.98,17128.19,17128.19,AED,AED,BANK-27979808,False,normal,4664.01,0
TXN-0004383,SUP-0148,Facilities,INV-359-2026-004383,PO-2026-004383,2025-11-27,2025-12-28,45,1945.58,1803.64,1803.64,AED,AED,BANK-48887190,False,normal,491.13,0
TXN-0004579,SUP-0083,Aircraft Components,INV-514-2026-004579,PO-2026-004579,2025-11-27,2026-03-02,90,1590.41,1246.21,1246.21,EUR,EUR,NEW-63827140,True,bank_change,1358.37,1
TXN-0004609,SUP-0072,Information Technology,INV-167-2026-004609,PO-2026-004609,2025-11-27,2026-02-19,90,4307.31,3280.46,3280.46,USD,USD,BANK-88710582,False,normal,3280.46,0
TXN-0004922,SUP-0130,Professional Services,INV-134-2026-004922,PO-2025-004922,2025-11-27,2025-12-20,30,7844.35,5749.9,5749.9,AED,AED,BANK-12237354,False,normal,1565.7,0
TXN-0005396,SUP-0158,Aircraft Components,INV-239-2026-005396,PO-2025-005396,2025-11-27,2026-01-30,60,1613.73,1489.08,1489.08,AED,AED,BANK-32546185,False,normal,405.48,0
TXN-0000135,SUP-0070,Aircraft Components,INV-428-2026-000135,PO-2026-000135,2025-11-28,2026-01-18,45,10694.49,9914.97,9914.97,USD,USD,BANK-63944450,False,normal,9914.97,0
TXN-0001079,SUP-0090,Facilities,INV-576-2026-001079,PO-2026-001079,2025-11-28,2026-03-08,90,104661.51,77198.69,77198.69,AED,AED,BANK-21863999,False,normal,21021.2,0
TXN-0001095,SUP-0048,Ground Services,INV-360-2026-001095,PO-2026-001095,2025-11-28,2026-01-12,60,7039.66,6252.3,6252.3,USD,USD,BANK-40202528,False,normal,6252.3,0
TXN-0002692,SUP-0042,Aircraft Components,INV48520260017A02,PO-2025-001702,2025-11-28,2025-12-28,30,2734.85,2241.71,2241.71,EUR,EUR,BANK-20438281,False,near_duplicate,2443.46,1
TXN-0003478,SUP-0061,Information Technology,INV-777-2026-003478,PO-2025-003478,2025-11-28,2026-01-17,60,107379.04,98314.32,98314.32,AED,AED,BANK-12871994,False,normal,26770.99,0
TXN-0004144,SUP-0057,Maintenance,INV-505-2026-004144,PO-2025-004144,2025-11-28,2025-12-26,30,23734.13,21900.25,21900.25,USD,USD,BANK-10477636,False,normal,21900.25,0
TXN-0004629,SUP-0039,Facilities,INV-943-2026-004629,PO-2026-004629,2025-11-28,2026-01-16,45,24216.69,24046.0,24046.0,USD,USD,BANK-90171323,False,normal,24046.0,0
TXN-0004735,SUP-0049,Aircraft Components,INV-403-2026-004735,PO-2026-004735,2025-11-28,2025-12-25,30,41918.33,31033.17,31033.17,AED,AED,BANK-69549513,False,normal,8450.33,0
TXN-0005524,SUP-0014,Information Technology,INV-387-2026-005524,PO-2025-005524,2025-11-28,2026-01-02,30,33383.31,32149.96,32149.96,EUR,EUR,BANK-51403053,False,normal,35043.46,0
TXN-0002873,SUP-0030,Professional Services,INV-243-2026-002873,PO-2026-002873,2025-11-29,2026-01-14,45,5542.52,5277.76,5277.76,AED,AED,BANK-14041955,False,normal,1437.13,0
TXN-0003159,SUP-0154,Information Technology,INV-768-2026-003159,PO-2026-003159,2025-11-29,2026-01-09,45,10824.19,9551.64,9551.64,AED,AED,BANK-69720522,False,normal,2600.91,0
TXN-0003564,SUP-0074,Maintenance,INV-110-2026-003564,PO-2025-003564,2025-11-29,2026-03-03,90,23293.37,22933.65,22933.65,USD,USD,BANK-27679119,False,normal,22933.65,0
TXN-0003722,SUP-0150,Ground Services,INV-112-2026-003722,PO-2025-003722,2025-11-29,2025-12-29,30,31173.44,25428.08,25428.08,USD,USD,BANK-67087104,False,normal,25428.08,0
TXN-0003900,SUP-0116,Ground Services,INV-566-2026-003900,PO-2025-003900,2025-11-29,2025-12-21,30,23809.4,18449.45,18449.45,EUR,EUR,BANK-45782037,False,normal,20109.9,0
TXN-0005136,SUP-0008,Maintenance,INV-134-2026-005136,PO-2025-005136,2025-11-29,2025-12-31,30,7979.83,6967.53,6967.53,EUR,EUR,BANK-22713593,False,normal,7594.61,0
TXN-0000079,SUP-0143,Maintenance,INV-270-2026-000079,PO-2026-000079,2025-11-30,2026-02-12,60,2287.24,2283.61,2283.61,GBP,GBP,BANK-24937333,False,normal,2900.18,0
TXN-0000565,SUP-0082,Aircraft Components,INV-329-2026-000565,PO-2026-000565,2025-11-30,2026-01-25,60,15657.85,13864.02,13864.02,USD,USD,BANK-55066706,False,normal,13864.02,0
TXN-0000634,SUP-0079,Information Technology,INV-492-2026-000634,PO-2025-000634,2025-11-30,2026-02-26,90,7932.55,6096.1,6096.1,AED,AED,BANK-38837550,False,normal,1659.97,0
TXN-0002687,SUP-0070,Maintenance,INV-413-2026-002687,PO-2026-002687,2025-11-30,2026-02-10,60,16810.27,13972.28,13972.28,USD,USD,BANK-63944450,False,normal,13972.28,0
TXN-0003099,SUP-0121,Aircraft Components,INV-814-2026-003099,PO-2026-003099,2025-11-30,2026-01-03,45,23725.64,19452.34,19452.34,AED,AED,BANK-55753531,False,normal,5296.87,0
TXN-0003973,SUP-0019,Maintenance,INV-335-2026-003973,PO-2026-003973,2025-11-30,2025-12-31,45,5911.7,4347.07,4347.07,EUR,EUR,BANK-67134797,False,normal,4738.31,0
TXN-0004367,SUP-0017,Professional Services,INV-986-2026-004367,PO-2026-004367,2025-11-30,2026-01-18,45,16911.88,15686.46,15686.46,AED,AED,BANK-38542500,False,normal,4271.42,0
TXN-0004550,SUP-0037,Professional Services,INV-474-2026-004550,PO-2025-004550,2025-11-30,2026-01-18,45,14053.77,10924.7,10924.7,USD,USD,BANK-18183594,False,normal,10924.7,0
TXN-0004590,SUP-0061,Information Technology,INV-624-2026-004590,PO-2025-004590,2025-11-30,2025-12-30,30,3558.53,2916.13,2916.13,AED,AED,BANK-12871994,False,normal,794.06,0
TXN-0000952,SUP-0105,Aircraft Components,INV-910-2026-000952,PO-2025-000952,2025-12-01,2026-01-22,30,13178.3,9572.16,9572.16,EUR,EUR,BANK-12259119,False,normal,10433.65,0
TXN-0002213,SUP-0021,Ground Services,INV-313-2026-002213,PO-2026-002213,2025-12-01,2026-03-01,90,3008.47,2353.74,2353.74,EUR,EUR,BANK-65967398,False,normal,2565.58,0
TXN-0002295,SUP-0050,Professional Services,INV-814-2026-002295,PO-2026-002295,2025-12-01,2026-02-20,90,11096.44,9437.42,9437.42,USD,USD,BANK-46919792,False,normal,9437.42,0
TXN-0002595,SUP-0071,Aircraft Components,INV-434-2026-002595,PO-2026-002595,2025-12-01,2026-01-31,60,1209.47,962.61,962.61,USD,USD,BANK-74793410,False,normal,962.61,0
TXN-0002625,SUP-0087,Ground Services,INV-852-2026-002625,PO-2026-002625,2025-12-01,2026-01-16,45,60450.17,45451.81,45451.81,AED,AED,BANK-25685067,False,normal,12376.53,0
TXN-0002643,SUP-0081,Aircraft Components,INV-451-2026-002643,PO-2026-002643,2025-12-01,2026-01-19,30,26681.45,21411.86,21411.86,AED,AED,BANK-54937628,False,normal,5830.45,0
TXN-0003602,SUP-0149,Aircraft Components,INV-142-2026-003602,PO-2025-003602,2025-12-01,2026-02-13,60,7669.14,6775.07,6775.07,USD,USD,BANK-52064343,False,normal,6775.07,0
TXN-0004565,SUP-0070,Maintenance,INV-383-2026-004565,PO-2026-004565,2025-12-01,2026-01-19,45,566.06,511.67,511.67,USD,USD,BANK-63944450,False,normal,511.67,0
TXN-0004863,SUP-0050,Ground Services,INV-969-2026-004863,PO-2026-004863,2025-12-01,2025-12-01,45,22522.57,16664.79,16664.79,USD,USD,BANK-46919792,False,rapid_payment,16664.79,1
TXN-0005080,SUP-0103,Aircraft Components,INV-961-2026-005080,PO-2025-005080,2025-12-01,2025-12-23,30,24139.17,23754.78,23754.78,USD,USD,BANK-87788293,False,normal,23754.78,0
TXN-0000540,SUP-0009,Ground Services,INV-295-2026-000540,PO-2025-000540,2025-12-02,2025-12-19,30,1822.03,1598.77,1598.77,USD,USD,BANK-59936721,False,normal,1598.77,0
TXN-0001262,SUP-0061,Aircraft Components,INV-334-2026-001262,PO-2025-001262,2025-12-02,2026-02-04,60,28375.03,25746.8,25746.8,AED,AED,BANK-12871994,False,normal,7010.85,0
TXN-0001650,SUP-0110,Professional Services,INV-611-2026-001650,PO-2025-001650,2025-12-02,2026-02-09,60,18078.8,16626.19,16626.19,EUR,EUR,BANK-21795197,False,normal,18122.55,0
TXN-0002192,SUP-0141,Ground Services,INV-591-2026-002192,PO-2025-002192,2025-12-02,2025-12-12,30,11247.99,9901.04,9901.04,AED,AED,BANK-10585992,False,normal,2696.05,0
TXN-0002523,SUP-0101,Ground Services,INV-782-2026-002523,PO-2026-002523,2025-12-02,2026-01-19,45,2885.79,2660.57,2660.57,EUR,EUR,BANK-47533220,False,normal,2900.02,0
TXN-0002650,SUP-0003,Professional Services,INV-850-2026-002650,PO-2025-002650,2025-12-02,2026-01-21,45,1388.85,1070.13,1070.13,EUR,EUR,BANK-65317853,False,normal,1166.44,0
TXN-0003187,SUP-0094,Facilities,INV-169-2026-003187,PO-2026-003187,2025-12-02,2026-01-11,30,21525.74,16985.82,16985.82,USD,USD,BANK-20964925,False,normal,16985.82,0
TXN-0003975,SUP-0017,Aircraft Components,INV-718-2026-003975,PO-2026-003975,2025-12-02,2025-12-26,30,9604.67,8089.69,8089.69,AED,AED,BANK-38542500,False,normal,2202.82,0
TXN-0004105,SUP-0112,Ground Services,INV-241-2026-004105,PO-2026-004105,2025-12-02,2026-01-29,60,4996.72,3932.33,3932.33,USD,USD,BANK-21137842,False,normal,3932.33,0
TXN-0004278,SUP-0039,Aircraft Components,INV-949-2026-004278,PO-2025-004278,2025-12-02,2026-01-12,30,30611.34,28713.6,28713.6,USD,USD,BANK-90171323,False,normal,28713.6,0
TXN-0004463,SUP-0043,Facilities,INV-504-2026-004463,PO-2026-004463,2025-12-02,2026-01-08,45,30533.04,29393.9,29393.9,AED,AED,BANK-56697251,False,normal,8003.96,0
TXN-0005439,SUP-0146,Professional Services,INV-733-2026-005439,PO-2026-005439,2025-12-02,2026-01-26,45,3391.59,3325.27,3325.27,USD,USD,BANK-76449297,False,normal,3325.27,0
TXN-0000253,SUP-0119,Professional Services,INV-171-2026-000253,PO-2026-000253,2025-12-03,2026-02-04,60,12092.76,9208.9,9208.9,USD,USD,BANK-21899503,False,normal,9208.9,0
TXN-0000751,SUP-0001,Information Technology,INV-840-2026-000751,PO-2026-000751,2025-12-03,2026-01-05,30,9211.62,8245.19,8245.19,EUR,EUR,BANK-38861149,False,normal,8987.26,0
TXN-0001376,SUP-0048,Information Technology,INV-580-2026-001376,PO-2025-001376,2025-12-03,2026-01-16,45,15220.93,14541.52,14541.52,USD,USD,NEW-12065773,True,bank_change,14541.52,1
TXN-0001835,SUP-0016,Maintenance,INV-208-2026-001835,PO-2026-001835,2025-12-03,2025-12-24,30,23482.05,19789.51,19789.51,USD,USD,BANK-96689067,False,normal,19789.51,0
TXN-0002790,SUP-0148,Ground Services,INV-443-2026-002790,PO-2025-002790,2025-12-03,2026-01-01,30,2655.36,2389.74,2389.74,AED,AED,BANK-48887190,False,normal,650.73,0
TXN-0002800,SUP-0075,Information Technology,INV-310-2026-002800,PO-2025-002800,2025-12-03,2025-12-25,30,13885.87,11436.44,11436.44,USD,USD,BANK-35245775,False,normal,11436.44,0
TXN-0004046,SUP-0021,Maintenance,INV-853-2026-004046,PO-2025-004046,2025-12-03,2026-01-31,60,9915.2,8747.33,8747.33,EUR,EUR,BANK-65967398,False,normal,9534.59,0
TXN-0004569,SUP-0008,Ground Services,INV-743-2026-004569,PO-2026-004569,2025-12-03,2026-02-05,60,21867.09,20378.74,20378.74,EUR,EUR,BANK-22713593,False,normal,22212.83,0
TXN-0000674,SUP-0055,Professional Services,INV-850-2026-000674,PO-2025-000674,2025-12-04,2026-02-06,60,5468.65,4627.09,4627.09,AED,AED,BANK-44199230,False,normal,1259.96,0
TXN-0000990,SUP-0049,Information Technology,INV-640-2026-000990,PO-2025-000990,2025-12-04,2026-02-18,90,27641.48,23998.22,23998.22,AED,AED,BANK-69549513,False,normal,6534.72,0
TXN-0001077,SUP-0040,Facilities,INV-371-2026-001077,PO-2026-001077,2025-12-04,2026-01-10,30,7024.75,5520.02,5520.02,AED,AED,BANK-30107614,False,normal,1503.1,0
TXN-0001128,SUP-0111,Ground Services,INV-594-2026-001128,PO-2025-001128,2025-12-04,2026-01-29,60,10040.71,8638.3,8638.3,USD,USD,BANK-49045227,False,normal,8638.3,0
TXN-0001212,SUP-0024,Aircraft Components,INV-888-2026-001212,PO-2025-001212,2025-12-04,2026-01-16,45,7551.5,6573.39,6573.39,EUR,EUR,BANK-33036857,False,normal,7165.0,0
TXN-0001726,SUP-0124,Ground Services,INV-159-2026-001726,PO-2025-001726,2025-12-04,2025-12-22,30,9754.29,7738.47,7738.47,USD,USD,BANK-96006092,False,normal,7738.47,0
TXN-0001842,SUP-0027,Professional Services,INV-391-2026-001842,PO-2025-001842,2025-12-04,2026-01-03,45,36905.76,36508.96,36508.96,AED,AED,BANK-26263179,False,normal,9941.39,0
TXN-0003339,SUP-0096,Ground Services,INV-976-2026-003339,PO-2026-003339,2025-12-04,2026-01-22,45,14660.82,11244.81,11244.81,AED,AED,BANK-55569693,False,normal,3061.96,0
TXN-0003757,SUP-0132,Maintenance,INV-399-2026-003757,PO-2026-003757,2025-12-04,2026-01-16,30,57567.37,48720.41,48720.41,GBP,GBP,BANK-59967823,False,normal,61874.92,0
TXN-0003859,SUP-0060,Ground Services,INV-184-2026-003859,PO-2026-003859,2025-12-04,2026-02-05,60,18041.67,13633.21,13633.21,USD,USD,BANK-31687351,False,normal,13633.21,0
TXN-0000583,SUP-0054,Facilities,INV-771-2026-000583,PO-2026-000583,2025-12-05,2026-02-07,60,68856.7,63068.81,63068.81,AED,AED,BANK-77211064,False,normal,17173.64,0
TXN-0001758,SUP-0018,Aircraft Components,INV-984-2026-001758,PO-2025-001758,2025-12-05,2025-12-31,30,4039.56,3470.37,3470.37,USD,USD,BANK-95760944,False,normal,3470.37,0
TXN-0002699,SUP-0101,Professional Services,INV-942-2026-002699,PO-2026-002699,2025-12-05,2026-02-10,45,6854.1,5774.41,5774.41,EUR,EUR,BANK-47533220,False,normal,6294.11,0
TXN-0003213,SUP-0047,Ground Services,INV-964-2026-003213,PO-2026-003213,2025-12-05,2026-03-05,90,20525.25,16676.71,16676.71,USD,USD,BANK-79481118,False,normal,16676.71,0
TXN-0003578,SUP-0083,Maintenance,INV-414-2026-003578,PO-2025-003578,2025-12-05,2026-01-28,60,12768.28,10895.86,10895.86,EUR,EUR,BANK-49032895,False,normal,11876.49,0
TXN-0003579,SUP-0122,Aircraft Components,INV-993-2026-003579,PO-2026-003579,2025-12-05,2026-01-30,60,5651.27,4458.81,4458.81,AED,AED,BANK-69657778,False,normal,1214.13,0
TXN-0004345,SUP-0056,Aircraft Components,INV-352-2026-004345,PO-2026-004345,2025-12-05,2026-01-15,45,5821.04,5228.61,5228.61,EUR,EUR,BANK-33621446,False,normal,5699.18,0
TXN-0004589,SUP-0023,Facilities,INV-407-2026-004589,PO-2026-004589,2025-12-05,2025-12-29,30,29832.22,28053.24,28053.24,GBP,GBP,BANK-91497896,False,normal,35627.61,0
TXN-0005444,SUP-0042,Aircraft Components,INV-502-2026-005444,PO-2025-005444,2025-12-05,2026-01-24,60,52696.69,46257.72,46257.72,EUR,EUR,BANK-20438281,False,normal,50420.91,0
TXN-0001496,SUP-0100,Maintenance,INV-937-2026-001496,PO-2025-001496,2025-12-06,2025-12-29,30,3879.73,3776.48,3776.48,GBP,GBP,BANK-62300494,False,normal,4796.13,0
TXN-0001820,SUP-0016,Professional Services,INV-646-2026-001820,PO-2025-001820,2025-12-06,2026-01-07,30,850.72,733.03,733.03,USD,USD,BANK-96689067,False,normal,733.03,0
TXN-0002340,SUP-0135,Aircraft Components,INV-397-2026-002340,PO-2025-002340,2025-12-06,2025-12-29,30,1783.01,1573.05,1573.05,AED,AED,BANK-85671420,False,normal,428.34,0
TXN-0003112,SUP-0089,Aircraft Components,INV-808-2026-003112,PO-2025-003112,2025-12-06,2026-02-19,60,86597.75,75587.06,75587.06,USD,USD,BANK-35136775,False,normal,75587.06,0
TXN-0003844,SUP-0141,Maintenance,INV-800-2026-003844,PO-2025-003844,2025-12-06,2026-01-11,30,2199.05,1652.69,1652.69,AED,AED,BANK-10585992,False,normal,450.03,0
TXN-0005549,SUP-0040,Professional Services,INV-301-2026-005549,PO-2026-005549,2025-12-06,2026-01-22,45,15366.73,12410.58,12410.58,AED,AED,BANK-30107614,False,normal,3379.4,0
TXN-0000773,SUP-0087,Information Technology,INV-896-2026-000773,PO-2026-000773,2025-12-07,2026-01-25,45,12353.78,11123.69,11123.69,AED,AED,BANK-25685067,False,normal,3028.98,0
TXN-0001404,SUP-0072,Information Technology,INV-530-2026-001404,PO-2025-001404,2025-12-07,2026-02-07,60,24521.74,21819.34,21819.34,USD,USD,BANK-88710582,False,normal,21819.34,0
TXN-0001440,SUP-0022,Maintenance,INV-713-2026-001440,PO-2025-001440,2025-12-07,2026-02-14,60,21448.02,19347.69,19347.69,USD,USD,BANK-56355141,False,normal,19347.69,0
TXN-0001720,SUP-0128,Information Technology,INV-451-2026-001720,PO-2025-001720,2025-12-07,2026-01-10,30,3577.11,2711.04,2711.04,USD,USD,BANK-93232757,False,normal,2711.04,0
TXN-0004195,SUP-0052,Information Technology,INV-622-2026-004195,PO-2026-004195,2025-12-07,2026-01-15,45,59160.2,53199.53,53199.53,USD,USD,BANK-89766631,False,normal,53199.53,0
TXN-0004428,SUP-0097,Professional Services,INV-597-2026-004428,PO-2025-004428,2025-12-07,2026-03-21,90,15531.14,12906.18,12906.18,USD,USD,BANK-93475211,False,normal,12906.18,0
TXN-0004459,SUP-0006,Aircraft Components,INV-484-2026-004459,PO-2026-004459,2025-12-07,2026-01-18,60,10625.79,8189.71,8189.71,GBP,GBP,BANK-30719258,False,normal,10400.93,0
TXN-0001940,SUP-0090,Aircraft Components,INV-984-2026-001940,PO-2025-001940,2025-12-08,2026-01-09,30,4417.89,6367.67,6367.67,AED,AED,BANK-21863999,False,invoice_above_po,1733.92,1
TXN-0002225,SUP-0011,Facilities,INV-796-2026-002225,PO-2026-002225,2025-12-08,2026-01-21,45,19194.43,16952.73,16952.73,USD,USD,BANK-43383005,False,normal,16952.73,0
TXN-0002612,SUP-0051,Aircraft Components,INV-620-2026-002612,PO-2025-002612,2025-12-08,2026-01-03,30,43994.99,43768.62,43768.62,USD,USD,BANK-43629195,False,normal,43768.62,0
TXN-0004333,SUP-0086,Aircraft Components,INV-555-2026-004333,PO-2026-004333,2025-12-08,2026-01-05,30,10750.11,7791.81,7791.81,USD,USD,BANK-11254265,False,normal,7791.81,0
TXN-0005452,SUP-0092,Information Technology,INV-345-2026-005452,PO-2025-005452,2025-12-08,2026-02-20,60,17183.27,13145.84,13145.84,AED,AED,BANK-70989279,False,normal,3579.61,0
TXN-0000007,SUP-0121,Facilities,INV-443-2026-000007,PO-2026-000007,2025-12-09,2026-02-08,60,5363.21,4379.71,4379.71,AED,AED,BANK-55753531,False,normal,1192.6,0
TXN-0000480,SUP-0095,Maintenance,INV-950-2026-000480,PO-2025-000480,2025-12-09,2026-01-26,60,25694.04,19667.15,19667.15,USD,USD,BANK-36688168,False,normal,19667.15,0
TXN-0001991,SUP-0084,Ground Services,INV-307-2026-001991,PO-2026-001991,2025-12-09,2026-02-12,60,55298.83,49401.91,49401.91,USD,USD,BANK-22950775,False,normal,49401.91,0
TXN-0002538,SUP-0032,Maintenance,INV-628-2026-002538,PO-2025-002538,2025-12-09,2025-12-10,30,18208.43,14137.03,14137.03,GBP,GBP,BANK-49158734,False,normal,17954.03,0
TXN-0002748,SUP-0001,Ground Services,INV-444-2026-002748,PO-2025-002748,2025-12-09,2026-02-06,60,6449.54,4833.69,4833.69,EUR,EUR,BANK-38861149,False,normal,5268.72,0
TXN-0002817,SUP-0097,Ground Services,INV-304-2026-002817,PO-2026-002817,2025-12-09,2026-01-22,45,4385.6,3889.11,3889.11,USD,USD,BANK-93475211,False,normal,3889.11,0
TXN-0002902,SUP-0118,Maintenance,INV-908-2026-002902,PO-2025-002902,2025-12-09,2026-01-07,30,11596.43,8453.83,8453.83,AED,AED,BANK-37085381,False,normal,2301.98,0
TXN-0003686,SUP-0043,Information Technology,INV-275-2026-003686,PO-2025-003686,2025-12-09,2026-01-23,45,8336.57,7753.57,7753.57,AED,AED,BANK-56697251,False,normal,2111.3,0
TXN-0003982,SUP-0152,Information Technology,INV-164-2026-003982,PO-2025-003982,2025-12-09,2026-01-20,30,16337.67,15894.54,15894.54,EUR,EUR,BANK-86228158,False,normal,17325.05,0
TXN-0004779,SUP-0134,Maintenance,INV-304-2026-004779,PO-2026-004779,2025-12-09,2026-01-26,45,4140.12,3671.0,3671.0,USD,USD,BANK-67057759,False,normal,3671.0,0
TXN-0000828,SUP-0137,Aircraft Components,INV-104-2026-000828,PO-2025-000828,2025-12-10,2026-01-10,30,12835.77,12059.26,12059.26,GBP,GBP,BANK-75099036,False,normal,15315.26,0
TXN-0001101,SUP-0132,Information Technology,INV-556-2026-001101,PO-2026-001101,2025-12-10,2026-01-28,45,9016.86,8898.28,8898.28,GBP,GBP,BANK-59967823,False,normal,11300.82,0
TXN-0001517,SUP-0064,Facilities,INV-832-2026-001517,PO-2026-001517,2025-12-10,2026-01-16,30,5243.98,3919.98,3919.98,EUR,EUR,BANK-84800139,False,normal,4272.78,0
TXN-0001718,SUP-0054,Information Technology,INV-182-2026-001718,PO-2025-001718,2025-12-10,2026-01-08,30,8349.93,7953.87,7953.87,AED,AED,BANK-77211064,False,normal,2165.84,0
TXN-0002035,SUP-0071,Maintenance,INV-645-2026-002035,PO-2026-002035,2025-12-10,2026-02-19,60,23993.22,23931.43,23931.43,USD,USD,BANK-74793410,False,normal,23931.43,0
TXN-0002185,SUP-0127,Aircraft Components,INV-285-2026-002185,PO-2026-002185,2025-12-10,2026-02-25,60,8269.93,7788.18,7788.18,USD,USD,BANK-96425599,False,normal,7788.18,0
TXN-0002808,SUP-0047,Professional Services,INV-222-2026-002808,PO-2025-002808,2025-12-10,2026-01-21,30,4789.12,3976.9,3976.9,USD,USD,BANK-79481118,False,normal,3976.9,0
TXN-0003488,SUP-0042,Facilities,INV-549-2026-003488,PO-2025-003488,2025-12-10,2025-12-25,30,10633.19,9161.66,9161.66,EUR,EUR,BANK-20438281,False,normal,9986.21,0
TXN-0003694,SUP-0075,Ground Services,INV-730-2026-003694,PO-2025-003694,2025-12-10,2025-12-25,30,2190.66,1959.25,1959.25,USD,USD,BANK-35245775,False,normal,1959.25,0
TXN-0003984,SUP-0120,Maintenance,INV-657-2026-003984,PO-2025-003984,2025-12-10,2026-02-07,60,17067.35,13009.09,13009.09,AED,AED,BANK-53972563,False,normal,3542.38,0
TXN-0004004,SUP-0062,Maintenance,INV-191-2026-004004,PO-2025-004004,2025-12-10,2026-02-12,45,5981.37,4923.61,4923.61,AED,AED,BANK-21048213,False,normal,1340.7,0
TXN-0004244,SUP-0107,Aircraft Components,INV-336-2026-004244,PO-2025-004244,2025-12-10,2026-01-12,30,16919.72,14959.15,14959.15,USD,USD,BANK-17594929,False,normal,14959.15,0
TXN-0004398,SUP-0026,Professional Services,INV-375-2026-004398,PO-2025-004398,2025-12-10,2026-02-07,45,3858.61,3606.53,3606.53,USD,USD,BANK-94243920,False,normal,3606.53,0
TXN-0004955,SUP-0083,Maintenance,INV-480-2026-004955,PO-2026-004955,2025-12-10,2026-01-21,45,32123.78,25922.74,25922.74,EUR,EUR,BANK-49032895,False,normal,28255.79,0
TXN-0005379,SUP-0147,Ground Services,INV-197-2026-005379,PO-2026-005379,2025-12-10,2026-02-19,60,1571.62,1202.37,1202.37,USD,USD,BANK-82392481,False,normal,1202.37,0
TXN-0000633,SUP-0116,Maintenance,INV-785-2026-000633,PO-2026-000633,2025-12-11,2026-01-16,45,6889.49,5242.65,5242.65,EUR,EUR,BANK-45782037,False,normal,5714.49,0
TXN-0000680,SUP-0017,Information Technology,INV-127-2026-000680,PO-2025-000680,2025-12-11,2026-03-04,90,10170.75,8250.68,8250.68,AED,AED,BANK-38542500,False,normal,2246.66,0
TXN-0001551,SUP-0094,Aircraft Components,INV-225-2026-001551,PO-2026-001551,2025-12-11,2026-02-04,60,14224.8,13612.25,13612.25,USD,USD,BANK-20964925,False,normal,13612.25,0
TXN-0001671,SUP-0071,Information Technology,INV-781-2026-001671,PO-2026-001671,2025-12-11,2026-01-16,30,32257.19,29700.88,29700.88,USD,USD,BANK-74793410,False,normal,29700.88,0
TXN-0001682,SUP-0135,Maintenance,INV-449-2026-001682,PO-2025-001682,2025-12-11,2026-01-05,30,7785.01,6603.48,6603.48,AED,AED,BANK-85671420,False,normal,1798.13,0
TXN-0001902,SUP-0157,Professional Services,INV-739-2026-001902,PO-2025-001902,2025-12-11,2026-01-29,60,12551.39,10014.22,10014.22,USD,USD,BANK-84648574,False,normal,10014.22,0
TXN-0002149,SUP-0014,Aircraft Components,INV-736-2026-002149,PO-2026-002149,2025-12-11,2026-01-13,45,5595.96,5081.11,5081.11,EUR,EUR,BANK-51403053,False,normal,5538.41,0
TXN-0002981,SUP-0087,Professional Services,INV-672-2026-002981,PO-2026-002981,2025-12-11,2026-01-01,30,35036.38,34215.53,34215.53,AED,AED,BANK-25685067,False,normal,9316.89,0
TXN-0003123,SUP-0099,Ground Services,INV-444-2026-003123,PO-2026-003123,2025-12-11,2026-01-19,45,66246.32,55622.8,55622.8,USD,USD,BANK-78956930,False,normal,55622.8,0
TXN-0003275,SUP-0028,Information Technology,INV-751-2026-003275,PO-2026-003275,2025-12-11,2026-01-15,30,19204.45,17058.22,17058.22,USD,USD,BANK-24814703,False,normal,17058.22,0
TXN-0004149,SUP-0017,Information Technology,INV-779-2026-004149,PO-2026-004149,2025-12-11,2026-01-31,45,16379.32,16112.64,16112.64,AED,AED,BANK-38542500,False,normal,4387.47,0
TXN-0004881,SUP-0014,Professional Services,INV-526-2026-004881,PO-2026-004881,2025-12-11,2026-01-08,30,21139.29,21002.05,21002.05,EUR,EUR,BANK-51403053,False,normal,22892.23,0
TXN-0000194,SUP-0150,Maintenance,INV-922-2026-000194,PO-2025-000194,2025-12-12,2026-02-24,60,11744.46,8962.0,8962.0,USD,USD,BANK-67087104,False,normal,8962.0,0
TXN-0000360,SUP-0001,Facilities,INV-343-2026-000360,PO-2025-000360,2025-12-12,2026-02-09,60,10065.79,9416.51,9416.51,EUR,EUR,BANK-38861149,False,normal,10264.0,0
TXN-0001778,SUP-0083,Maintenance,INV-642-2026-001778,PO-2025-001778,2025-12-12,2026-01-30,45,4583.28,4546.3,4546.3,EUR,EUR,BANK-49032895,False,normal,4955.47,0
TXN-0001830,SUP-0001,Ground Services,INV-534-2026-001830,PO-2025-001830,2025-12-12,2026-01-21,30,6392.28,4960.65,4960.65,EUR,EUR,BANK-38861149,False,normal,5407.11,0
TXN-0002402,SUP-0011,Maintenance,INV-438-2026-002402,PO-2025-002402,2025-12-12,2025-12-31,30,3996.6,2917.35,2917.35,USD,GBP,BANK-43383005,False,currency_mismatch,3705.03,1
TXN-0003455,SUP-0088,Maintenance,INV-530-2026-003455,PO-2026-003455,2025-12-12,2026-01-13,30,5804.01,5293.83,5293.83,AED,AED,BANK-30669042,False,normal,1441.51,0
TXN-0003519,SUP-0129,Aircraft Components,INV-311-2026-003519,PO-2026-003519,2025-12-12,2026-01-13,30,14517.54,14451.02,14451.02,USD,USD,BANK-54924829,False,normal,14451.02,0
TXN-0003891,SUP-0051,Ground Services,INV-364-2026-003891,PO-2026-003891,2025-12-12,2026-01-02,30,9578.95,7945.25,9891.68,USD,USD,BANK-43629195,False,overpayment,9891.68,1
TXN-0000714,SUP-0100,Maintenance,INV-977-2026-000714,PO-2025-000714,2025-12-13,2026-02-09,60,19064.99,16277.19,16277.19,GBP,GBP,BANK-62300494,False,normal,20672.03,0
TXN-0001177,SUP-0030,Aircraft Components,INV-778-2026-001177,PO-2026-001177,2025-12-13,2026-02-12,60,1604.21,1349.86,1349.86,AED,AED,BANK-14041955,False,normal,367.57,0
TXN-0001334,SUP-0048,Aircraft Components,INV-862-2026-001334,PO-2025-001334,2025-12-13,2026-01-09,30,10388.63,8910.05,8910.05,USD,USD,BANK-40202528,False,normal,8910.05,0
TXN-0002664,SUP-0018,Professional Services,INV-602-2026-002664,PO-2025-002664,2025-12-13,2026-01-12,30,8606.03,6206.92,6206.92,USD,USD,BANK-95760944,False,normal,6206.92,0
TXN-0002691,SUP-0099,Aircraft Components,INV-362-2026-002691,PO-2026-002691,2025-12-13,2026-02-08,60,1334.8,1121.11,1121.11,USD,USD,BANK-78956930,False,normal,1121.11,0
TXN-0002845,SUP-0099,Professional Services,INV-685-2026-002845,PO-2026-002845,2025-12-13,2026-01-04,30,13344.38,10882.68,10882.68,USD,USD,BANK-78956930,False,normal,10882.68,0
TXN-0005314,SUP-0068,Aircraft Components,INV-649-2026-005314,PO-2025-005314,2025-12-13,2026-01-28,45,69404.47,69048.14,69048.14,USD,USD,BANK-26134147,False,normal,69048.14,0
TXN-0005547,SUP-0124,Information Technology,INV-130-2026-005547,PO-2026-005547,2025-12-13,2025-12-14,30,6848.43,6201.7,6201.7,USD,USD,BANK-96006092,False,rapid_payment,6201.7,1
TXN-0001688,SUP-0123,Facilities,INV-529-2026-001688,PO-2025-001688,2025-12-14,2026-01-26,60,207613.78,193852.53,193852.53,USD,USD,BANK-38236379,False,normal,193852.53,0
TXN-0002187,SUP-0137,Professional Services,INV-871-2026-002187,PO-2026-002187,2025-12-14,2026-02-01,30,2583.77,2521.16,2521.16,GBP,GBP,BANK-75099036,False,normal,3201.87,0
TXN-0002202,SUP-0091,Ground Services,INV-684-2026-002202,PO-2025-002202,2025-12-14,2026-02-18,60,3834.43,3440.15,3440.15,USD,USD,BANK-11616527,False,normal,3440.15,0
TXN-0002557,SUP-0053,Information Technology,INV-769-2026-002557,PO-2026-002557,2025-12-14,2026-01-22,45,4697.48,3401.37,3401.37,EUR,EUR,BANK-76295561,False,normal,3707.49,0
TXN-0002855,SUP-0087,Information Technology,INV-370-2026-002855,PO-2026-002855,2025-12-14,2026-01-09,30,4624.81,4077.32,4077.32,AED,AED,BANK-25685067,False,normal,1110.25,0
TXN-0004347,SUP-0063,Maintenance,INV-622-2026-004347,PO-2026-004347,2025-12-14,2026-02-24,60,32768.1,26376.99,26376.99,AED,AED,BANK-16087857,False,normal,7182.45,0
TXN-0000014,SUP-0069,Aircraft Components,INV-254-2026-000014,PO-2025-000014,2025-12-15,2026-01-05,30,10483.49,10464.37,10464.37,USD,USD,BANK-43048809,False,normal,10464.37,0
TXN-0001393,SUP-0117,Professional Services,INV-623-2026-001393,PO-2026-001393,2025-12-15,2026-03-28,90,11031.97,8772.75,8772.75,EUR,EUR,BANK-97580845,False,normal,9562.3,0
TXN-0001534,SUP-0074,Aircraft Components,INV-298-2026-001534,PO-2025-001534,2025-12-15,2026-01-27,45,12564.61,10647.01,10647.01,USD,USD,BANK-27679119,False,normal,10647.01,0
TXN-0001984,SUP-0035,Maintenance,INV-316-2026-001984,PO-2025-001984,2025-12-15,2026-01-16,45,14885.48,11221.19,11221.19,AED,AED,BANK-23638594,False,normal,3055.53,0
TXN-0003682,SUP-0030,Maintenance,INV-869-2026-003682,PO-2025-003682,2025-12-15,2026-01-26,45,6103.26,5149.86,5149.86,AED,AED,BANK-14041955,False,normal,1402.31,0
TXN-0004132,SUP-0096,Aircraft Components,INV-398-2026-004132,PO-2025-004132,2025-12-15,2026-01-23,30,26514.35,22120.07,22120.07,AED,AED,BANK-55569693,False,normal,6023.3,0
TXN-0004224,SUP-0069,Ground Services,INV-129-2026-004224,PO-2025-004224,2025-12-15,2026-03-19,90,5227.18,4113.43,4113.43,USD,USD,BANK-43048809,False,normal,4113.43,0
TXN-0005130,SUP-0117,Information Technology,INV-244-2026-005130,PO-2025-005130,2025-12-15,2026-01-14,30,2306.59,2177.13,2177.13,EUR,EUR,BANK-97580845,False,normal,2373.07,0
TXN-0005202,SUP-0040,Aircraft Components,INV-486-2026-005202,PO-2025-005202,2025-12-15,2026-01-19,30,5072.53,4837.01,4837.01,AED,AED,BANK-30107614,False,normal,1317.12,0
TXN-0005249,SUP-0105,Information Technology,INV-213-2026-005249,PO-2026-005249,2025-12-15,2026-02-13,45,8071.2,6701.95,6701.95,EUR,EUR,BANK-12259119,False,normal,7305.13,0
TXN-0005355,SUP-0125,Facilities,INV-782-2026-005355,PO-2026-005355,2025-12-15,2026-01-15,45,7000.71,5064.04,5064.04,USD,USD,BANK-56892046,False,normal,5064.04,0
TXN-0000388,SUP-0020,Information Technology,INV-227-2026-000388,PO-2025-000388,2025-12-16,2026-01-24,30,66096.47,55346.67,55346.67,AED,AED,BANK-36182605,False,normal,15070.9,0
TXN-0001581,SUP-0117,Aircraft Components,INV-189-2026-001581,PO-2026-001581,2025-12-16,2026-01-12,30,18384.61,17232.21,17232.21,EUR,EUR,BANK-97580845,False,normal,18783.11,0
TXN-0001935,SUP-0042,Professional Services,INV-982-2026-001935,PO-2026-001935,2025-12-16,2026-02-18,60,9186.35,9038.14,9038.14,EUR,EUR,BANK-20438281,False,normal,9851.57,0
TXN-0002480,SUP-0095,Ground Services,INV-344-2026-002480,PO-2025-002480,2025-12-16,2026-03-13,90,6932.63,6028.1,6028.1,USD,USD,BANK-36688168,False,normal,6028.1,0
TXN-0003504,SUP-0077,Information Technology,INV-106-2026-003504,PO-2025-003504,2025-12-16,2026-01-26,45,6758.5,5634.16,5634.16,USD,USD,BANK-99822506,False,normal,5634.16,0
TXN-0003532,SUP-0025,Ground Services,INV-405-2026-003532,PO-2025-003532,2025-12-16,2026-02-08,60,29814.65,28841.59,28841.59,EUR,EUR,BANK-99224451,False,normal,31437.33,0
TXN-0004730,SUP-0038,Facilities,INV-195-2026-004730,PO-2025-004730,2025-12-16,2026-01-23,30,4845.54,3698.76,3698.76,AED,AED,BANK-86107842,False,normal,1007.17,0
TXN-0005104,SUP-0136,Aircraft Components,INV-974-2026-005104,PO-2025-005104,2025-12-16,2026-02-04,45,1115.67,1024.84,1024.84,USD,USD,BANK-19530766,False,normal,1024.84,0
TXN-0000454,SUP-0082,Professional Services,INV-630-2026-000454,PO-2025-000454,2025-12-17,2026-01-09,30,13494.68,10774.81,10774.81,USD,USD,BANK-55066706,False,normal,10774.81,0
TXN-0000643,SUP-0089,Maintenance,INV-864-2026-000643,PO-2026-000643,2025-12-17,2026-02-10,45,17130.96,13024.82,13024.82,USD,USD,BANK-35136775,False,normal,13024.82,0
TXN-0000855,SUP-0086,Aircraft Components,INV-475-2026-000855,PO-2026-000855,2025-12-17,2026-01-30,30,9291.56,7309.19,7309.19,USD,USD,BANK-11254265,False,normal,7309.19,0
TXN-0000974,SUP-0083,Information Technology,INV-414-2026-000974,PO-2025-000974,2025-12-17,2026-01-24,30,7132.47,6934.76,6934.76,EUR,EUR,BANK-49032895,False,normal,7558.89,0
TXN-0001430,SUP-0083,Aircraft Components,INV-497-2026-001430,PO-2025-001430,2025-12-17,2026-02-19,60,4955.7,4622.07,4622.07,EUR,EUR,BANK-49032895,False,normal,5038.06,0
TXN-0001823,SUP-0050,Maintenance,INV-638-2026-001823,PO-2026-001823,2025-12-17,2026-02-09,45,10433.29,9100.85,9100.85,USD,USD,BANK-46919792,False,normal,9100.85,0
TXN-0002947,SUP-0034,Aircraft Components,INV-645-2026-002947,PO-2026-002947,2025-12-17,2026-03-08,60,4784.99,3613.0,3613.0,USD,USD,BANK-99313799,False,normal,3613.0,0
TXN-0004366,SUP-0117,Aircraft Components,INV-615-2026-004366,PO-2025-004366,2025-12-17,2026-01-09,30,4971.73,3950.44,3950.44,EUR,EUR,BANK-97580845,False,normal,4305.98,0
TXN-0005015,SUP-0152,Ground Services,INV-522-2026-005015,PO-2026-005015,2025-12-17,2026-02-23,60,28694.62,25673.73,25673.73,EUR,EUR,BANK-86228158,False,normal,27984.37,0
TXN-0005158,SUP-0109,Facilities,INV-795-2026-005158,PO-2025-005158,2025-12-17,2026-01-12,30,49427.09,37774.86,37774.86,USD,USD,BANK-84335845,False,normal,37774.86,0
TXN-0005193,SUP-0098,Facilities,INV-324-2026-005193,PO-2026-005193,2025-12-17,2026-03-20,90,9865.86,9774.96,9774.96,USD,USD,BANK-72483618,False,normal,9774.96,0
TXN-0000630,SUP-0079,Maintenance,INV-310-2026-000630,PO-2025-000630,2025-12-18,2026-01-28,30,10781.84,9399.83,9399.83,AED,AED,BANK-38837550,False,normal,2559.57,0
TXN-0000748,SUP-0120,Maintenance,INV-708-2026-000748,PO-2025-000748,2025-12-18,2026-01-15,30,11445.28,11239.5,11239.5,AED,AED,BANK-53972563,False,normal,3060.52,0
TXN-0002145,SUP-0150,Facilities,INV-404-2026-002145,PO-2026-002145,2025-12-18,2026-01-13,45,2166.89,1667.07,1667.07,USD,USD,BANK-67087104,False,normal,1667.07,0
TXN-0002341,SUP-0058,Maintenance,INV-764-2026-002341,PO-2026-002341,2025-12-18,2026-02-18,60,11604.6,11136.28,11136.28,AED,AED,BANK-94313182,False,normal,3032.41,0
TXN-0002609,SUP-0146,Ground Services,INV-846-2026-002609,PO-2026-002609,2025-12-18,2026-04-04,90,17900.74,17476.64,17476.64,USD,USD,BANK-76449297,False,normal,17476.64,0
TXN-0002774,SUP-0066,Aircraft Components,INV-550-2026-002774,PO-2025-002774,2025-12-18,2026-01-21,45,34779.29,30433.25,30433.25,AED,AED,BANK-23795588,False,normal,8286.97,0
TXN-0002924,SUP-0076,Maintenance,INV-105-2026-002924,PO-2025-002924,2025-12-18,2026-02-13,60,5272.08,4103.82,4103.82,USD,USD,BANK-37929130,False,normal,4103.82,0
TXN-0003116,SUP-0098,Facilities,INV-311-2026-003116,PO-2025-003116,2025-12-18,2026-01-03,30,16234.45,11958.45,11958.45,USD,USD,BANK-72483618,False,normal,11958.45,0
TXN-0003385,SUP-0008,Information Technology,INV-965-2026-003385,PO-2026-003385,2025-12-18,2026-02-12,45,1006.45,921.94,921.94,EUR,EUR,BANK-22713593,False,normal,1004.91,0
TXN-0005560,SUP-0076,Facilities,INV-262-2026-005560,PO-2025-005560,2025-12-18,2026-03-18,90,32753.49,29336.53,29336.53,USD,USD,BANK-37929130,False,normal,29336.53,0
TXN-0001312,SUP-0030,Ground Services,INV-817-2026-001312,PO-2025-001312,2025-12-19,2026-02-09,60,5451.58,5157.95,5157.95,AED,AED,BANK-14041955,False,normal,1404.51,0
TXN-0001521,SUP-0070,Aircraft Components,INV-580-2026-001521,PO-2026-001521,2025-12-19,2026-02-09,45,9565.95,6908.18,6908.18,USD,USD,BANK-63944450,False,normal,6908.18,0
TXN-0001844,SUP-0024,Ground Services,INV-610-2026-001844,PO-2025-001844,2025-12-19,2026-03-19,90,5128.28,4491.97,4491.97,EUR,EUR,BANK-33036857,False,normal,4896.25,0
TXN-0002250,SUP-0023,Ground Services,INV-774-2026-002250,PO-2025-002250,2025-12-19,2026-02-03,30,2354.62,2302.42,2302.42,GBP,GBP,BANK-91497896,False,normal,2924.07,0
TXN-0002879,SUP-0026,Professional Services,INV-840-2026-002879,PO-2026-002879,2025-12-19,2025-12-19,60,2571.92,1887.78,1887.78,USD,USD,BANK-94243920,False,rapid_payment,1887.78,1
TXN-0003750,SUP-0007,Ground Services,INV-918-2026-003750,PO-2025-003750,2025-12-19,2026-02-06,30,47459.53,36786.58,36786.58,EUR,EUR,BANK-31280989,False,normal,40097.37,0
TXN-0003770,SUP-0053,Aircraft Components,INV-887-2026-003770,PO-2025-003770,2025-12-19,2026-02-09,60,3004.33,2256.43,2256.43,EUR,EUR,BANK-76295561,False,normal,2459.51,0
TXN-0004053,SUP-0134,Information Technology,INV-231-2026-004053,PO-2026-004053,2025-12-19,2026-03-06,60,8060.21,9242.98,9242.98,USD,USD,BANK-67057759,False,invoice_above_po,9242.98,1
TXN-0004558,SUP-0091,Facilities,INV-233-2026-004558,PO-2025-004558,2025-12-19,2026-01-15,30,6185.49,6038.65,6038.65,USD,USD,BANK-11616527,False,normal,6038.65,0
TXN-0004765,SUP-0024,Facilities,INV-165-2026-004765,PO-2026-004765,2025-12-19,2026-02-04,45,19654.73,18643.59,18643.59,EUR,EUR,BANK-33036857,False,normal,20321.51,0
TXN-0004944,SUP-0138,Facilities,INV-140-2026-004944,PO-2025-004944,2025-12-19,2026-01-26,30,32007.83,25194.98,25194.98,AED,AED,BANK-22630563,False,normal,6860.59,0
TXN-0001858,SUP-0119,Maintenance,INV-627-2026-001858,PO-2025-001858,2025-12-20,2026-02-25,60,1960.39,1502.43,1502.43,USD,USD,BANK-21899503,False,normal,1502.43,0
TXN-0002508,SUP-0137,Aircraft Components,INV-580-2026-002508,PO-2025-002508,2025-12-20,2026-03-03,60,14790.78,11509.44,11509.44,GBP,GBP,BANK-75099036,False,normal,14616.99,0
TXN-0000046,SUP-0027,Facilities,INV-194-2026-000046,PO-2025-000046,2025-12-21,2026-02-23,60,59467.44,43878.18,43878.18,AED,AED,BANK-26263179,False,normal,11948.03,0
TXN-0000733,SUP-0130,Ground Services,INV-371-2026-000733,PO-2026-000733,2025-12-21,2026-02-09,45,97415.46,71438.33,71438.33,AED,AED,BANK-12237354,False,normal,19452.66,0
TXN-0001384,SUP-0124,Aircraft Components,INV-396-2026-001384,PO-2025-001384,2025-12-21,2026-01-19,30,24951.25,23865.86,23865.86,USD,USD,BANK-96006092,False,normal,23865.86,0
TXN-0002649,SUP-0114,Information Technology,INV-903-2026-002649,PO-2026-002649,2025-12-21,2026-03-31,90,3182.48,2335.26,2335.26,AED,AED,BANK-93480628,False,normal,635.89,0
TXN-0002783,SUP-0022,Ground Services,INV-768-2026-002783,PO-2026-002783,2025-12-21,2026-02-07,30,3041.95,2336.69,2336.69,USD,USD,BANK-56355141,False,normal,2336.69,0
TXN-0002884,SUP-0019,Professional Services,INV-552-2026-002884,PO-2025-002884,2025-12-21,2026-01-16,30,23757.62,19383.18,19383.18,EUR,EUR,BANK-67134797,False,normal,21127.67,0
TXN-0003701,SUP-0043,Aircraft Components,INV-317-2026-003701,PO-2026-003701,2025-12-21,2026-01-16,30,11951.03,9200.75,9200.75,AED,AED,BANK-56697251,False,normal,2505.36,0
TXN-0003863,SUP-0123,Professional Services,INV-459-2026-003863,PO-2026-003863,2025-12-21,2026-01-20,30,21911.09,16565.3,16565.3,USD,USD,BANK-38236379,False,normal,16565.3,0
TXN-0004540,SUP-0020,Professional Services,INV-102-2026-004540,PO-2025-004540,2025-12-21,2026-01-26,30,15153.99,11316.13,11316.13,AED,AED,BANK-36182605,False,normal,3081.38,0
TXN-0004831,SUP-0086,Information Technology,INV-827-2026-004831,PO-2026-004831,2025-12-21,2026-01-13,30,6412.79,4971.08,4971.08,USD,USD,BANK-11254265,False,normal,4971.08,0
TXN-0004876,SUP-0129,Information Technology,INV-171-2026-004876,PO-2025-004876,2025-12-21,2026-01-13,30,8798.39,8462.04,8462.04,USD,USD,BANK-54924829,False,normal,8462.04,0
TXN-0005363,SUP-0097,Aircraft Components,INV-895-2026-005363,PO-2026-005363,2025-12-21,2026-02-13,45,10091.37,9801.37,9801.37,USD,USD,BANK-93475211,False,normal,9801.37,0
TXN-0000029,SUP-0154,Professional Services,INV-476-2026-000029,PO-2026-000029,2025-12-22,2026-01-26,30,42934.06,39884.98,39884.98,AED,AED,BANK-69720522,False,normal,10860.68,0
TXN-0001094,SUP-0097,Professional Services,INV-223-2026-001094,PO-2025-001094,2025-12-22,2026-02-11,45,26538.09,20048.56,20048.56,USD,USD,BANK-93475211,False,normal,20048.56,0
TXN-0001193,SUP-0148,Maintenance,INV-537-2026-001193,PO-2026-001193,2025-12-22,2026-02-03,30,6684.03,6434.29,6434.29,AED,AED,BANK-48887190,False,normal,1752.06,0
TXN-0002270,SUP-0140,Ground Services,INV-349-2026-002270,PO-2025-002270,2025-12-22,2026-01-04,30,1234.53,1020.77,1020.77,USD,USD,BANK-47720288,False,normal,1020.77,0
TXN-0002428,SUP-0037,Aircraft Components,INV-859-2026-002428,PO-2025-002428,2025-12-22,2026-02-04,45,2197.85,2146.27,2146.27,USD,USD,BANK-18183594,False,normal,2146.27,0
TXN-0002802,SUP-0033,Facilities,INV-408-2026-002802,PO-2025-002802,2025-12-22,2026-02-01,45,4189.24,3437.14,3437.14,USD,USD,BANK-97243596,False,normal,3437.14,0
TXN-0002827,SUP-0149,Ground Services,INV-134-2026-002827,PO-2026-002827,2025-12-22,2026-02-11,60,63356.36,58712.43,58712.43,USD,USD,BANK-52064343,False,normal,58712.43,0
TXN-0002895,SUP-0134,Ground Services,INV-592-2026-002895,PO-2026-002895,2025-12-22,2026-01-23,30,7867.16,7263.13,7263.13,USD,USD,BANK-67057759,False,normal,7263.13,0
TXN-0004577,SUP-0099,Maintenance,INV-509-2026-004577,PO-2026-004577,2025-12-22,2026-01-19,30,7293.72,6490.28,6490.28,USD,USD,BANK-78956930,False,normal,6490.28,0
TXN-0000198,SUP-0154,Information Technology,INV-889-2026-000198,PO-2025-000198,2025-12-23,2026-01-27,30,13467.42,13016.49,13016.49,AED,AED,BANK-69720522,False,normal,3544.39,0
TXN-0000290,SUP-0153,Maintenance,INV-377-2026-000290,PO-2025-000290,2025-12-23,2026-02-09,30,17202.44,16425.28,16425.28,USD,USD,BANK-11605310,False,normal,16425.28,0
TXN-0002194,SUP-0060,Aircraft Components,INV-381-2026-002194,PO-2025-002194,2025-12-23,2026-01-20,30,4696.67,4119.7,4119.7,USD,USD,BANK-31687351,False,normal,4119.7,0
TXN-0002280,SUP-0086,Aircraft Components,INV-752-2026-002280,PO-2025-002280,2025-12-23,2026-02-17,60,13051.9,9717.52,9717.52,USD,USD,BANK-11254265,False,normal,9717.52,0
TXN-0002906,SUP-0084,Ground Services,INV-652-2026-002906,PO-2025-002906,2025-12-23,2026-03-04,60,8317.58,8013.91,8013.91,USD,USD,BANK-22950775,False,normal,8013.91,0
TXN-0003074,SUP-0075,Aircraft Components,INV-438-2026-003074,PO-2025-003074,2025-12-23,2026-01-20,30,2819.1,2362.35,2362.35,USD,USD,BANK-35245775,False,normal,2362.35,0
TXN-0003430,SUP-0013,Information Technology,INV-182-2026-003430,PO-2025-003430,2025-12-23,2026-02-24,45,48295.91,45445.53,45445.53,AED,AED,BANK-84681076,False,normal,12374.82,0
TXN-0003557,SUP-0122,Aircraft Components,INV-502-2026-003557,PO-2026-003557,2025-12-23,2026-01-27,30,11307.97,10685.35,10685.35,AED,AED,BANK-69657778,False,normal,2909.62,0
TXN-0003712,SUP-0020,Aircraft Components,INV-204-2026-003712,PO-2025-003712,2025-12-23,2026-03-01,60,7559.8,6597.2,6597.2,AED,AED,BANK-36182605,False,normal,1796.42,0
TXN-0004092,SUP-0123,Professional Services,INV45920260038A63,PO-2026-003863,2025-12-23,2026-01-22,30,21911.09,16565.3,16565.3,USD,USD,BANK-38236379,False,near_duplicate,16565.3,1
TXN-0004335,SUP-0087,Information Technology,INV-833-2026-004335,PO-2026-004335,2025-12-23,2026-02-06,45,11224.37,9310.13,9310.13,AED,AED,BANK-25685067,False,normal,2535.15,0
TXN-0004596,SUP-0082,Maintenance,INV-480-2026-004596,PO-2025-004596,2025-12-23,2026-01-22,30,7596.88,7012.22,7012.22,USD,USD,BANK-55066706,False,normal,7012.22,0
TXN-0005100,SUP-0119,Maintenance,INV-360-2026-005100,PO-2025-005100,2025-12-23,2026-02-17,60,20334.0,17209.74,17209.74,USD,USD,BANK-21899503,False,normal,17209.74,0
TXN-0000377,SUP-0020,Professional Services,INV-875-2026-000377,PO-2026-000377,2025-12-24,2026-03-03,60,11523.15,9268.12,9268.12,AED,AED,BANK-36182605,False,normal,2523.71,0
TXN-0000595,SUP-0148,Professional Services,INV-451-2026-000595,PO-2026-000595,2025-12-24,2026-02-24,60,6750.08,6692.2,6692.2,AED,AED,BANK-48887190,False,normal,1822.29,0
TXN-0000723,SUP-0046,Information Technology,INV-336-2026-000723,PO-2026-000723,2025-12-24,2026-02-04,45,21528.42,19978.97,19978.97,EUR,EUR,BANK-11990275,False,normal,21777.08,0
TXN-0000813,SUP-0085,Professional Services,INV-283-2026-000813,PO-2026-000813,2025-12-24,2026-02-22,60,3000.71,2944.32,2944.32,USD,USD,BANK-94093522,False,normal,2944.32,0
TXN-0000896,SUP-0046,Aircraft Components,INV-554-2026-000896,PO-2025-000896,2025-12-24,2026-02-09,45,20440.64,16172.45,16172.45,EUR,EUR,BANK-11990275,False,normal,17627.97,0
TXN-0001518,SUP-0074,Maintenance,INV-355-2026-001518,PO-2025-001518,2025-12-24,2026-01-29,45,16231.75,12821.72,12821.72,USD,USD,BANK-27679119,False,normal,12821.72,0
TXN-0001974,SUP-0010,Information Technology,INV-535-2026-001974,PO-2025-001974,2025-12-24,2026-01-17,30,5148.7,4610.58,4610.58,USD,USD,BANK-59212295,False,normal,4610.58,0
TXN-0002663,SUP-0159,Facilities,INV-293-2026-002663,PO-2026-002663,2025-12-24,2026-02-20,60,11956.74,11893.92,11893.92,AED,AED,BANK-81713537,False,normal,3238.71,0
TXN-0003638,SUP-0043,Facilities,INV-108-2026-003638,PO-2025-003638,2025-12-24,2026-02-13,45,9393.79,7483.65,7483.65,AED,AED,BANK-56697251,False,normal,2037.8,0
TXN-0004165,SUP-0064,Aircraft Components,INV-360-2026-004165,PO-2026-004165,2025-12-24,2026-01-15,30,6141.25,4732.05,4732.05,EUR,EUR,BANK-84800139,False,normal,5157.93,0
TXN-0004343,SUP-0147,Information Technology,INV-167-2026-004343,PO-2026-004343,2025-12-24,2026-03-28,90,6274.25,5285.3,5285.3,USD,USD,BANK-82392481,False,normal,5285.3,0
TXN-0000860,SUP-0160,Information Technology,INV-565-2026-000860,PO-2025-000860,2025-12-25,2026-02-06,45,10792.27,10237.73,10237.73,EUR,USD,BANK-51670701,False,currency_mismatch,10237.73,1
TXN-0001516,SUP-0010,Ground Services,INV-200-2026-001516,PO-2025-001516,2025-12-25,2026-02-25,60,6289.73,4687.49,4687.49,USD,USD,BANK-59212295,False,normal,4687.49,0
TXN-0001535,SUP-0049,Information Technology,INV-445-2026-001535,PO-2026-001535,2025-12-25,2026-02-06,30,27880.47,23043.01,23043.01,AED,AED,BANK-69549513,False,normal,6274.61,0
TXN-0001855,SUP-0068,Facilities,INV-610-2026-001855,PO-2026-001855,2025-12-25,2026-02-03,45,22665.02,20470.56,20470.56,USD,USD,BANK-26134147,False,normal,20470.56,0
TXN-0002037,SUP-0040,Aircraft Components,INV-486-2026-005202,PO-2025-005202,2025-12-25,2026-01-24,30,5072.53,4837.01,4837.01,AED,AED,BANK-30107614,False,exact_duplicate,1317.12,1
TXN-0002208,SUP-0068,Aircraft Components,INV-875-2026-002208,PO-2025-002208,2025-12-25,2026-01-24,30,20797.27,16181.73,16181.73,USD,USD,BANK-26134147,False,normal,16181.73,0
TXN-0002568,SUP-0058,Ground Services,INV-251-2026-002568,PO-2025-002568,2025-12-25,2026-02-05,45,16847.46,16320.3,16320.3,AED,AED,BANK-94313182,False,normal,4444.02,0
TXN-0003160,SUP-0085,Aircraft Components,INV-460-2026-003160,PO-2025-003160,2025-12-25,2026-03-18,90,4566.3,3508.64,3508.64,USD,USD,BANK-94093522,False,normal,3508.64,0
TXN-0005301,SUP-0104,Professional Services,INV-678-2026-005301,PO-2026-005301,2025-12-25,2026-02-03,30,5734.4,5591.24,5591.24,GBP,GBP,BANK-82371206,False,normal,7100.87,0
TXN-0000242,SUP-0015,Ground Services,INV-932-2026-000242,PO-2025-000242,2025-12-26,2026-02-23,60,2975.24,2306.76,2306.76,USD,USD,BANK-82742631,False,normal,2306.76,0
TXN-0000557,SUP-0067,Maintenance,INV-923-2026-000557,PO-2026-000557,2025-12-26,2026-02-05,45,34365.91,28476.2,28476.2,AED,AED,BANK-77206550,False,normal,7754.07,0
TXN-0003306,SUP-0029,Ground Services,INV-876-2026-003306,PO-2025-003306,2025-12-26,2026-03-01,60,6086.57,5929.35,5929.35,USD,USD,BANK-57984114,False,normal,5929.35,0
TXN-0003411,SUP-0086,Ground Services,INV-903-2026-003411,PO-2026-003411,2025-12-26,2026-02-24,60,11172.91,10035.14,10035.14,USD,USD,BANK-11254265,False,normal,10035.14,0
TXN-0004193,SUP-0105,Maintenance,INV-168-2026-004193,PO-2026-004193,2025-12-26,2026-02-17,60,14183.59,12182.19,12182.19,EUR,EUR,BANK-12259119,False,normal,13278.59,0
TXN-0005055,SUP-0046,Information Technology,INV-699-2026-005055,PO-2026-005055,2025-12-26,2026-03-29,90,8371.84,6648.88,6648.88,EUR,EUR,BANK-11990275,False,normal,7247.28,0
TXN-0000199,SUP-0028,Facilities,INV-546-2026-000199,PO-2026-000199,2025-12-27,2026-01-23,30,9927.88,8619.78,8619.78,USD,USD,BANK-24814703,False,normal,8619.78,0
TXN-0001514,SUP-0045,Ground Services,INV-825-2026-001514,PO-2025-001514,2025-12-27,2026-02-18,30,127603.23,98534.07,98534.07,EUR,EUR,BANK-38433614,False,normal,107402.14,0
TXN-0001622,SUP-0023,Maintenance,INV-454-2026-001622,PO-2025-001622,2025-12-27,2026-01-24,30,7285.61,5836.69,5836.69,GBP,GBP,BANK-91497896,False,normal,7412.6,0
TXN-0001703,SUP-0074,Information Technology,INV-652-2026-001703,PO-2026-001703,2025-12-27,2026-03-11,90,1068.5,1044.33,1044.33,USD,USD,BANK-27679119,False,normal,1044.33,0
TXN-0002896,SUP-0126,Professional Services,INV-231-2026-002896,PO-2025-002896,2025-12-27,2026-02-15,45,4139.99,4127.65,4127.65,AED,AED,BANK-35780160,False,normal,1123.96,0
TXN-0002971,SUP-0121,Aircraft Components,INV-727-2026-002971,PO-2026-002971,2025-12-27,2026-02-02,30,14452.74,13384.62,13384.62,AED,AED,BANK-55753531,False,normal,3644.63,0
TXN-0003389,SUP-0100,Aircraft Components,INV-707-2026-003389,PO-2026-003389,2025-12-27,2026-03-01,60,8459.33,7879.1,7879.1,GBP,GBP,BANK-62300494,False,normal,10006.46,0
TXN-0003925,SUP-0020,Ground Services,INV-507-2026-003925,PO-2026-003925,2025-12-27,2026-01-12,30,14800.37,11075.04,11075.04,AED,AED,BANK-36182605,False,normal,3015.73,0
TXN-0004231,SUP-0143,Ground Services,INV-852-2026-004231,PO-2026-004231,2025-12-27,2026-02-03,30,5316.71,4841.41,4841.41,GBP,GBP,BANK-24937333,False,normal,6148.59,0
TXN-0004920,SUP-0063,Ground Services,INV-648-2026-004920,PO-2025-004920,2025-12-27,2026-02-22,45,20907.57,15943.67,15943.67,AED,AED,BANK-16087857,False,normal,4341.46,0
TXN-0005120,SUP-0010,Maintenance,INV-350-2026-005120,PO-2025-005120,2025-12-27,2026-02-22,45,27843.02,22214.72,22214.72,USD,USD,BANK-59212295,False,normal,22214.72,0
TXN-0005585,SUP-0021,Maintenance,INV-235-2026-005585,PO-2026-005585,2025-12-27,2026-02-16,45,18329.85,15724.07,15724.07,EUR,EUR,BANK-65967398,False,normal,17139.24,0
TXN-0000073,SUP-0127,Aircraft Components,INV-698-2026-000073,PO-2026-000073,2025-12-28,2026-03-31,90,6999.01,6049.53,6049.53,USD,USD,BANK-96425599,False,normal,6049.53,0
TXN-0001506,SUP-0071,Maintenance,INV-116-2026-001506,PO-2025-001506,2025-12-28,2026-03-01,60,15530.82,12876.24,12876.24,USD,USD,BANK-74793410,False,normal,12876.24,0
TXN-0001656,SUP-0141,Professional Services,INV-836-2026-001656,PO-2025-001656,2025-12-28,2026-01-12,30,3385.32,2908.28,2908.28,AED,AED,BANK-10585992,False,normal,791.92,0
TXN-0001989,SUP-0017,Aircraft Components,INV-787-2026-001989,PO-2026-001989,2025-12-28,2026-01-09,30,2239.82,2189.68,2189.68,AED,AED,BANK-38542500,False,normal,596.25,0
TXN-0002501,SUP-0120,Information Technology,INV-138-2026-002501,PO-2026-002501,2025-12-28,2026-01-16,30,3194.03,2905.81,2905.81,AED,AED,BANK-53972563,False,normal,791.25,0
TXN-0002657,SUP-0073,Professional Services,INV-810-2026-002657,PO-2026-002657,2025-12-28,2026-01-06,30,3484.93,2908.11,2908.11,EUR,EUR,BANK-14030635,False,normal,3169.84,0
TXN-0003661,SUP-0067,Information Technology,INV-498-2026-003661,PO-2026-003661,2025-12-28,2026-02-09,45,8449.29,7869.36,7869.36,AED,AED,BANK-77206550,False,normal,2142.83,0
TXN-0004122,SUP-0078,Maintenance,INV-450-2026-004122,PO-2025-004122,2025-12-28,2026-02-19,60,19660.51,18154.56,18154.56,AED,AED,BANK-79966434,False,normal,4943.49,0
TXN-0004740,SUP-0079,Maintenance,INV-263-2026-004740,PO-2025-004740,2025-12-28,2026-01-23,30,8356.64,7407.65,7407.65,AED,AED,BANK-38837550,False,normal,2017.1,0
TXN-0004895,SUP-0027,Aircraft Components,INV-710-2026-004895,PO-2026-004895,2025-12-28,2026-01-18,45,472897.99,422865.09,422865.09,AED,AED,BANK-26263179,False,normal,115146.16,0
TXN-0004954,SUP-0090,Information Technology,INV-685-2026-004954,PO-2025-004954,2025-12-28,2026-02-09,45,3820.37,3352.71,3352.71,AED,AED,BANK-21863999,False,normal,912.94,0
TXN-0000101,SUP-0111,Professional Services,INV-714-2026-000101,PO-2026-000101,2025-12-29,2026-02-06,30,28009.82,26732.67,26732.67,USD,USD,BANK-49045227,False,normal,26732.67,0
TXN-0001267,SUP-0101,Information Technology,INV-601-2026-001267,PO-2026-001267,2025-12-29,2026-02-05,45,17041.57,14786.68,14786.68,EUR,EUR,BANK-47533220,False,normal,16117.48,0
TXN-0001337,SUP-0049,Information Technology,INV-728-2026-001337,PO-2026-001337,2025-12-29,2026-02-07,30,4620.84,4587.8,4587.8,AED,AED,BANK-69549513,False,normal,1249.26,0
TXN-0003003,SUP-0071,Maintenance,INV-638-2026-003003,PO-2026-003003,2025-12-29,2026-03-03,60,4573.8,3417.45,3417.45,USD,USD,BANK-74793410,False,normal,3417.45,0
TXN-0003276,SUP-0081,Ground Services,INV-954-2026-003276,PO-2025-003276,2025-12-29,2026-02-02,30,10794.95,7782.54,7782.54,AED,AED,BANK-54937628,False,normal,2119.19,0
TXN-0003530,SUP-0023,Ground Services,INV-640-2026-003530,PO-2025-003530,2025-12-29,2026-03-15,60,32386.39,29253.93,29253.93,GBP,GBP,BANK-91497896,False,normal,37152.49,0
TXN-0003549,SUP-0069,Information Technology,INV-117-2026-003549,PO-2026-003549,2025-12-29,2026-01-30,30,8875.08,8115.1,8115.1,USD,USD,BANK-43048809,False,normal,8115.1,0
TXN-0003987,SUP-0079,Aircraft Components,INV-397-2026-003987,PO-2026-003987,2025-12-29,2026-02-21,60,12351.53,9346.4,9346.4,AED,AED,BANK-38837550,False,normal,2545.02,0
TXN-0004815,SUP-0011,Professional Services,INV-509-2026-004815,PO-2026-004815,2025-12-29,2026-02-19,60,57578.64,41578.67,41578.67,USD,USD,BANK-43383005,False,normal,41578.67,0
TXN-0000070,SUP-0081,Ground Services,INV-712-2026-000070,PO-2025-000070,2025-12-30,2026-01-26,30,20280.19,16245.06,16245.06,AED,AED,BANK-54937628,False,normal,4423.53,0
TXN-0000628,SUP-0047,Ground Services,INV-348-2026-000628,PO-2025-000628,2025-12-30,2026-01-25,30,8046.43,7343.86,7343.86,USD,USD,BANK-79481118,False,normal,7343.86,0
TXN-0001849,SUP-0089,Information Technology,INV-198-2026-001849,PO-2026-001849,2025-12-30,2026-02-07,45,26017.44,24523.58,24523.58,USD,USD,BANK-35136775,False,normal,24523.58,0
TXN-0002022,SUP-0100,Information Technology,INV-368-2026-002022,PO-2025-002022,2025-12-30,2026-01-22,30,5580.59,4427.58,4427.58,GBP,GBP,BANK-62300494,False,normal,5623.03,0
TXN-0002469,SUP-0045,Information Technology,INV-696-2026-002469,PO-2026-002469,2025-12-30,2026-03-08,60,7017.23,6147.76,6147.76,EUR,EUR,BANK-38433614,False,normal,6701.06,0
TXN-0004075,SUP-0079,Maintenance,INV-457-2026-004075,PO-2026-004075,2025-12-30,2026-02-01,30,6312.79,4941.39,4941.39,AED,AED,BANK-38837550,False,normal,1345.54,0
TXN-0004910,SUP-0006,Aircraft Components,INV-581-2026-004910,PO-2025-004910,2025-12-30,2026-03-11,60,2532.97,2101.17,2101.17,GBP,GBP,BANK-30719258,False,normal,2668.49,0
TXN-0000163,SUP-0154,Aircraft Components,INV-787-2026-000163,PO-2026-000163,2025-12-31,2026-02-06,45,6271.2,5002.22,5002.22,AED,AED,BANK-69720522,False,normal,1362.1,0
TXN-0000169,SUP-0089,Professional Services,INV-572-2026-000169,PO-2026-000169,2025-12-31,2026-01-19,30,5980.94,5845.97,5845.97,USD,USD,BANK-35136775,False,normal,5845.97,0
TXN-0000264,SUP-0026,Aircraft Components,INV-701-2026-000264,PO-2025-000264,2025-12-31,2026-02-06,30,3871.4,3296.25,3296.25,USD,USD,BANK-94243920,False,normal,3296.25,0
TXN-0000852,SUP-0048,Ground Services,INV-998-2026-000852,PO-2025-000852,2025-12-31,2026-02-23,60,12769.6,12073.03,12073.03,USD,USD,BANK-40202528,False,normal,12073.03,0
TXN-0001002,SUP-0001,Maintenance,INV-375-2026-001002,PO-2025-001002,2025-12-31,2026-02-04,30,5736.78,5457.12,5457.12,EUR,EUR,BANK-38861149,False,normal,5948.26,0
TXN-0001808,SUP-0120,Professional Services,INV-967-2026-001808,PO-2025-001808,2025-12-31,2026-01-27,30,7992.65,6431.55,6431.55,AED,AED,BANK-53972563,False,normal,1751.31,0
TXN-0001836,SUP-0006,Maintenance,INV-786-2026-001836,PO-2025-001836,2025-12-31,2026-02-26,45,3955.27,3913.98,3913.98,GBP,GBP,BANK-30719258,False,normal,4970.75,0
TXN-0002339,SUP-0100,Professional Services,INV-468-2026-002339,PO-2026-002339,2025-12-31,2026-02-27,60,12051.57,11892.72,11892.72,GBP,GBP,BANK-62300494,False,normal,15103.75,0
TXN-0003432,SUP-0136,Aircraft Components,INV-973-2026-003432,PO-2025-003432,2025-12-31,2026-03-11,60,28489.88,23574.71,23574.71,USD,USD,BANK-19530766,False,normal,23574.71,0
TXN-0003503,SUP-0067,Aircraft Components,INV-475-2026-003503,PO-2026-003503,2025-12-31,2026-02-07,30,5052.83,4633.96,4633.96,AED,AED,BANK-77206550,False,normal,1261.83,0
TXN-0004407,SUP-0010,Maintenance,INV-105-2026-004407,PO-2026-004407,2025-12-31,2026-01-30,30,15682.0,14798.41,14798.41,USD,USD,NEW-72906062,True,bank_change,14798.41,1
TXN-0004432,SUP-0044,Information Technology,INV-290-2026-004432,PO-2025-004432,2025-12-31,2026-02-04,45,1622.65,1185.48,1185.48,USD,USD,BANK-52259076,False,normal,1185.48,0
TXN-0004939,SUP-0049,Facilities,INV-428-2026-004939,PO-2026-004939,2025-12-31,2026-03-06,60,15096.79,22290.25,22290.25,AED,AED,BANK-69549513,False,invoice_above_po,6069.64,1
TXN-0005172,SUP-0131,Aircraft Components,INV-789-2026-005172,PO-2025-005172,2025-12-31,2026-03-09,60,26668.84,25477.56,25477.56,USD,USD,BANK-63724249,False,normal,25477.56,0
TXN-0005528,SUP-0095,Facilities,INV-613-2026-005528,PO-2025-005528,2025-12-31,2026-03-30,90,59894.36,56505.27,56505.27,USD,USD,BANK-36688168,False,normal,56505.27,0
TXN-0000862,SUP-0113,Ground Services,INV-448-2026-000862,PO-2025-000862,2026-01-01,2026-01-31,30,26615.07,25536.7,25536.7,USD,USD,BANK-61055398,False,normal,25536.7,0
TXN-0001058,SUP-0092,Ground Services,INV-728-2026-001058,PO-2025-001058,2026-01-01,2026-01-30,30,1106.25,939.4,939.4,AED,AED,BANK-70989279,False,normal,255.8,0
TXN-0002293,SUP-0063,Ground Services,INV-714-2026-002293,PO-2026-002293,2026-01-01,2026-02-22,45,7301.69,6275.59,6275.59,AED,AED,BANK-16087857,False,normal,1708.84,0
TXN-0003014,SUP-0072,Information Technology,INV-294-2026-003014,PO-2025-003014,2026-01-01,2026-02-14,30,40976.49,29899.24,29899.24,USD,USD,BANK-88710582,False,normal,29899.24,0
TXN-0003803,SUP-0123,Maintenance,INV-485-2026-003803,PO-2026-003803,2026-01-01,2026-03-04,60,11858.77,11193.91,11193.91,USD,USD,BANK-38236379,False,normal,11193.91,0
TXN-0003815,SUP-0045,Aircraft Components,INV-346-2026-003815,PO-2026-003815,2026-01-01,2026-01-27,30,6237.74,6173.85,6173.85,EUR,EUR,BANK-38433614,False,normal,6729.5,0
TXN-0003843,SUP-0008,Information Technology,INV-830-2026-003843,PO-2026-003843,2026-01-01,2026-04-04,90,18216.43,13254.87,13254.87,EUR,EUR,BANK-22713593,False,normal,14447.81,0
TXN-0003866,SUP-0091,Maintenance,INV-129-2026-003866,PO-2025-003866,2026-01-01,2026-01-28,30,9148.96,7056.15,7056.15,USD,USD,BANK-11616527,False,normal,7056.15,0
TXN-0003950,SUP-0149,Information Technology,INV-162-2026-003950,PO-2025-003950,2026-01-01,2026-02-17,45,23671.82,19758.83,19758.83,USD,USD,BANK-52064343,False,normal,19758.83,0
TXN-0004057,SUP-0149,Maintenance,INV-740-2026-004057,PO-2026-004057,2026-01-01,2026-02-10,45,7638.48,6382.6,6382.6,USD,USD,BANK-52064343,False,normal,6382.6,0
TXN-0004134,SUP-0144,Facilities,INV-871-2026-004134,PO-2025-004134,2026-01-01,2026-01-29,30,6062.84,5474.32,5474.32,AED,AED,BANK-63643829,False,normal,1490.66,0
TXN-0004528,SUP-0151,Facilities,INV-881-2026-004528,PO-2025-004528,2026-01-01,2026-03-05,60,3340.75,3274.75,3274.75,EUR,EUR,BANK-80628709,False,normal,3569.48,0
TXN-0004960,SUP-0057,Aircraft Components,INV-347-2026-004960,PO-2025-004960,2026-01-01,2026-02-10,45,14038.52,11241.4,11241.4,USD,USD,BANK-10477636,False,normal,11241.4,0
TXN-0000260,SUP-0059,Facilities,INV-285-2026-000260,PO-2025-000260,2026-01-02,2026-02-25,45,4423.48,4053.22,4968.1,USD,USD,BANK-95295830,False,overpayment,4968.1,1
TXN-0000623,SUP-0151,Aircraft Components,INV-869-2026-000623,PO-2026-000623,2026-01-02,2026-02-12,30,40401.82,34658.82,34658.82,EUR,EUR,BANK-80628709,False,normal,37778.11,0
TXN-0000859,SUP-0030,Ground Services,INV-249-2026-000859,PO-2026-000859,2026-01-02,2026-03-06,60,4385.13,3744.23,3744.23,AED,AED,BANK-14041955,False,normal,1019.55,0
TXN-0001040,SUP-0008,Maintenance,INV-382-2026-001040,PO-2025-001040,2026-01-02,2026-03-04,60,76297.56,58048.27,58048.27,EUR,EUR,BANK-22713593,False,normal,63272.61,0
TXN-0001362,SUP-0087,Ground Services,INV-564-2026-001362,PO-2025-001362,2026-01-02,2026-02-02,30,1380.83,1042.34,1042.34,AED,AED,BANK-25685067,False,normal,283.83,0
TXN-0002143,SUP-0099,Aircraft Components,INV-348-2026-002143,PO-2026-002143,2026-01-02,2026-02-21,45,3454.74,3239.74,3239.74,USD,USD,BANK-78956930,False,normal,3239.74,0
TXN-0003097,SUP-0034,Aircraft Components,INV-541-2026-003097,PO-2026-003097,2026-01-02,2026-03-09,60,11764.56,11303.91,11303.91,USD,USD,BANK-99313799,False,normal,11303.91,0
TXN-0004873,SUP-0011,Facilities,INV-887-2026-004873,PO-2026-004873,2026-01-02,2026-03-25,60,6587.62,5963.85,5963.85,USD,USD,BANK-43383005,False,normal,5963.85,0
TXN-0004900,SUP-0141,Information Technology,INV-380-2026-004900,PO-2025-004900,2026-01-02,2026-01-10,30,22748.17,19826.62,19826.62,AED,AED,BANK-10585992,False,normal,5398.79,0
TXN-0005281,SUP-0050,Professional Services,INV-562-2026-005281,PO-2026-005281,2026-01-02,2026-02-26,60,8628.87,7167.46,7167.46,USD,USD,BANK-46919792,False,normal,7167.46,0
TXN-0005336,SUP-0074,Maintenance,INV-355-2026-001518,PO-2025-001518,2026-01-02,2026-02-16,45,16231.75,12821.72,12821.72,USD,USD,BANK-27679119,False,exact_duplicate,12821.72,1
TXN-0005445,SUP-0149,Professional Services,INV-770-2026-005445,PO-2026-005445,2026-01-02,2026-01-23,30,17163.1,12903.59,12903.59,USD,USD,BANK-52064343,False,normal,12903.59,0
TXN-0005491,SUP-0150,Professional Services,INV-450-2026-005491,PO-2026-005491,2026-01-02,2026-02-14,45,1823.69,1757.23,1757.23,USD,USD,BANK-67087104,False,normal,1757.23,0
TXN-0000935,SUP-0152,Information Technology,INV-516-2026-000935,PO-2026-000935,2026-01-03,2026-03-15,60,6952.97,6201.1,6201.1,EUR,EUR,BANK-86228158,False,normal,6759.2,0
TXN-0001609,SUP-0026,Aircraft Components,INV-212-2026-001609,PO-2026-001609,2026-01-03,2026-01-29,30,10149.22,9693.38,9693.38,USD,USD,BANK-94243920,False,normal,9693.38,0
TXN-0002578,SUP-0021,Maintenance,INV-904-2026-002578,PO-2025-002578,2026-01-03,2026-02-15,30,1815.63,1325.77,1325.77,EUR,EUR,BANK-65967398,False,normal,1445.09,0
TXN-0002624,SUP-0038,Facilities,INV-996-2026-002624,PO-2025-002624,2026-01-03,2026-03-08,60,36531.59,34173.98,34173.98,AED,AED,BANK-86107842,False,normal,9305.57,0
TXN-0002990,SUP-0035,Aircraft Components,INV-924-2026-002990,PO-2025-002990,2026-01-03,2026-03-10,60,10205.73,8629.87,8629.87,AED,AED,BANK-23638594,False,normal,2349.91,0
TXN-0003426,SUP-0156,Professional Services,INV-640-2026-003426,PO-2025-003426,2026-01-03,2026-01-23,30,5086.53,5053.35,5053.35,AED,AED,BANK-35913857,False,normal,1376.03,0
TXN-0003541,SUP-0034,Information Technology,INV-377-2026-003541,PO-2026-003541,2026-01-03,2026-03-04,60,4132.46,3596.14,3596.14,USD,USD,BANK-99313799,False,normal,3596.14,0
TXN-0004220,SUP-0038,Aircraft Components,INV-422-2026-004220,PO-2025-004220,2026-01-03,2026-02-08,45,2147.05,1613.53,1613.53,AED,AED,BANK-86107842,False,normal,439.36,0
TXN-0004747,SUP-0048,Ground Services,INV-635-2026-004747,PO-2026-004747,2026-01-03,2026-02-02,30,188259.7,143939.63,143939.63,USD,USD,BANK-40202528,False,normal,143939.63,0
TXN-0004759,SUP-0057,Maintenance,INV-341-2026-004759,PO-2026-004759,2026-01-03,2026-02-15,30,31239.95,27720.64,27720.64,USD,USD,BANK-10477636,False,normal,27720.64,0
TXN-0005506,SUP-0076,Ground Services,INV-585-2026-005506,PO-2025-005506,2026-01-03,2026-02-07,30,11669.78,10101.52,10101.52,USD,USD,BANK-37929130,False,normal,10101.52,0
TXN-0000563,SUP-0107,Aircraft Components,INV-189-2026-000563,PO-2026-000563,2026-01-04,2026-02-01,30,10389.94,9904.74,9904.74,USD,USD,BANK-17594929,False,normal,9904.74,0
TXN-0001190,SUP-0158,Professional Services,INV-212-2026-001190,PO-2025-001190,2026-01-04,2026-03-04,45,15690.72,22211.02,22211.02,AED,AED,BANK-32546185,False,invoice_above_po,6048.06,1
TXN-0001421,SUP-0048,Aircraft Components,INV-799-2026-001421,PO-2026-001421,2026-01-04,2026-02-19,45,10346.9,7618.92,7618.92,USD,USD,BANK-40202528,False,normal,7618.92,0
TXN-0001870,SUP-0059,Facilities,INV-132-2026-001870,PO-2025-001870,2026-01-04,2026-02-19,60,44619.77,37449.04,37449.04,USD,USD,BANK-95295830,False,normal,37449.04,0
TXN-0002755,SUP-0034,Ground Services,INV-827-2026-002755,PO-2026-002755,2026-01-04,2026-03-16,90,11745.02,10307.29,10307.29,USD,USD,BANK-99313799,False,normal,10307.29,0
TXN-0003110,SUP-0047,Maintenance,INV-429-2026-003110,PO-2025-003110,2026-01-04,2026-02-27,60,23368.95,17846.0,17846.0,USD,USD,BANK-79481118,False,normal,17846.0,0
TXN-0003185,SUP-0024,Information Technology,INV-104-2026-003185,PO-2026-003185,2026-01-04,2026-03-09,60,9529.54,6922.61,6922.61,EUR,EUR,NEW-34977937,True,bank_change,7545.64,1
TXN-0003476,SUP-0138,Maintenance,INV-262-2026-003476,PO-2025-003476,2026-01-04,2026-02-21,45,25381.07,21558.4,21558.4,AED,AED,BANK-22630563,False,normal,5870.35,0
TXN-0003496,SUP-0015,Professional Services,INV-961-2026-003496,PO-2025-003496,2026-01-04,2026-01-23,30,26084.88,25992.16,25992.16,USD,USD,BANK-82742631,False,normal,25992.16,0
TXN-0003966,SUP-0041,Information Technology,INV-741-2026-003966,PO-2025-003966,2026-01-04,2026-01-29,30,10712.53,7747.85,7747.85,USD,USD,BANK-90410196,False,normal,7747.85,0
TXN-0005006,SUP-0126,Ground Services,INV-379-2026-005006,PO-2025-005006,2026-01-04,2026-02-05,30,17131.91,12471.17,12471.17,AED,AED,BANK-35780160,False,normal,3395.9,0
TXN-0005223,SUP-0086,Facilities,INV-236-2026-005223,PO-2026-005223,2026-01-04,2026-03-01,60,2998.78,2199.9,2199.9,USD,USD,BANK-11254265,False,normal,2199.9,0
TXN-0000008,SUP-0097,Aircraft Components,INV-229-2026-000008,PO-2025-000008,2026-01-05,2026-04-09,90,10558.51,8807.6,8807.6,USD,USD,BANK-93475211,False,normal,8807.6,0
TXN-0000407,SUP-0084,Ground Services,INV-182-2026-000407,PO-2026-000407,2026-01-05,2026-02-01,30,7320.23,6535.92,6535.92,USD,USD,BANK-22950775,False,normal,6535.92,0
TXN-0000738,SUP-0105,Professional Services,INV-342-2026-000738,PO-2025-000738,2026-01-05,2026-03-20,60,21177.13,18190.49,18190.49,EUR,EUR,BANK-12259119,False,normal,19827.63,0
TXN-0001911,SUP-0152,Maintenance,INV-510-2026-001911,PO-2026-001911,2026-01-05,2026-03-03,60,1984.26,1784.19,1784.19,EUR,EUR,BANK-86228158,False,normal,1944.77,0
TXN-0002999,SUP-0066,Professional Services,INV-862-2026-002999,PO-2026-002999,2026-01-05,2026-02-12,30,12076.93,11602.43,11602.43,AED,AED,BANK-23795588,False,normal,3159.34,0
TXN-0003886,SUP-0028,Facilities,INV-821-2026-003886,PO-2025-003886,2026-01-05,2026-02-13,30,12346.1,8902.02,8902.02,USD,USD,BANK-24814703,False,normal,8902.02,0
TXN-0004382,SUP-0052,Aircraft Components,INV-895-2026-004382,PO-2025-004382,2026-01-05,2026-03-08,45,5296.8,4883.47,4883.47,USD,USD,BANK-89766631,False,normal,4883.47,0
TXN-0004504,SUP-0142,Aircraft Components,INV-437-2026-004504,PO-2025-004504,2026-01-05,2026-02-07,30,37915.73,31642.97,31642.97,AED,AED,BANK-96960871,False,normal,8616.38,0
TXN-0005250,SUP-0090,Aircraft Components,INV-698-2026-005250,PO-2025-005250,2026-01-05,2026-01-20,30,30663.34,23104.67,23104.67,AED,AED,BANK-21863999,False,normal,6291.4,0
TXN-0001424,SUP-0151,Ground Services,INV-729-2026-001424,PO-2025-001424,2026-01-06,2026-03-06,60,5046.37,3944.73,3944.73,EUR,EUR,BANK-80628709,False,normal,4299.76,0
TXN-0003066,SUP-0084,Ground Services,INV-844-2026-003066,PO-2025-003066,2026-01-06,2026-04-12,90,161791.87,154186.44,154186.44,USD,USD,BANK-22950775,False,normal,154186.44,0
TXN-0004238,SUP-0009,Aircraft Components,INV-146-2026-004238,PO-2025-004238,2026-01-06,2026-02-09,30,21822.07,20716.28,20716.28,USD,USD,BANK-59936721,False,normal,20716.28,0
TXN-0004430,SUP-0017,Information Technology,INV-948-2026-004430,PO-2025-004430,2026-01-06,2026-02-13,45,26199.67,19505.22,23501.26,AED,AED,BANK-38542500,False,overpayment,6399.39,1
TXN-0004519,SUP-0124,Aircraft Components,INV-376-2026-004519,PO-2026-004519,2026-01-06,2026-02-27,45,9162.17,6736.37,6736.37,USD,USD,BANK-96006092,False,normal,6736.37,0
TXN-0004754,SUP-0145,Professional Services,INV-994-2026-004754,PO-2025-004754,2026-01-06,2026-01-18,30,99978.92,93851.14,93851.14,AED,AED,BANK-26332140,False,normal,25555.67,0
TXN-0004878,SUP-0137,Maintenance,INV-825-2026-004878,PO-2025-004878,2026-01-06,2026-02-11,45,5422.14,5347.59,5347.59,GBP,GBP,BANK-75099036,False,normal,6791.44,0
TXN-0000050,SUP-0025,Facilities,INV-223-2026-000050,PO-2025-000050,2026-01-07,2026-02-12,30,7322.71,7301.0,7301.0,EUR,EUR,BANK-99224451,False,normal,7958.09,0
TXN-0000870,SUP-0080,Maintenance,INV-719-2026-000870,PO-2025-000870,2026-01-07,2026-02-21,45,71507.47,57709.3,57709.3,EUR,EUR,BANK-97464377,False,normal,62903.14,0
TXN-0001162,SUP-0107,Professional Services,INV-964-2026-001162,PO-2025-001162,2026-01-07,2026-03-03,60,17511.91,13680.85,21078.07,USD,USD,BANK-17594929,False,overpayment,21078.07,1
TXN-0001572,SUP-0119,Maintenance,INV-466-2026-001572,PO-2025-001572,2026-01-07,2026-02-01,30,6080.03,5926.92,5926.92,USD,USD,BANK-21899503,False,normal,5926.92,0
TXN-0001979,SUP-0075,Professional Services,INV-909-2026-001979,PO-2026-001979,2026-01-07,2026-04-14,90,45768.95,36440.85,36440.85,USD,USD,BANK-35245775,False,normal,36440.85,0
TXN-0002320,SUP-0156,Facilities,INV-377-2026-002320,PO-2025-002320,2026-01-07,2026-02-10,30,8326.51,7558.94,7558.94,AED,AED,BANK-35913857,False,normal,2058.3,0
TXN-0002373,SUP-0116,Aircraft Components,INV-102-2026-002373,PO-2026-002373,2026-01-07,2026-03-09,45,1536.64,1161.43,1161.43,EUR,EUR,BANK-45782037,False,normal,1265.96,0
TXN-0002677,SUP-0026,Professional Services,INV-338-2026-002677,PO-2026-002677,2026-01-07,2026-02-24,45,1216.29,975.73,975.73,USD,USD,BANK-94243920,False,normal,975.73,0
TXN-0003617,SUP-0031,Maintenance,INV-241-2026-003617,PO-2026-003617,2026-01-07,2026-02-07,30,38928.14,30840.68,30840.68,EUR,EUR,BANK-36891816,False,normal,33616.34,0
TXN-0003653,SUP-0141,Maintenance,INV-218-2026-003653,PO-2026-003653,2026-01-07,2026-02-25,60,13550.74,13268.64,13268.64,AED,AED,BANK-10585992,False,normal,3613.05,0
TXN-0000470,SUP-0098,Facilities,INV-663-2026-000470,PO-2025-000470,2026-01-08,2026-02-16,30,3278.57,2800.14,2800.14,USD,USD,BANK-72483618,False,normal,2800.14,0
TXN-0001019,SUP-0096,Aircraft Components,INV-508-2026-001019,PO-2026-001019,2026-01-08,2026-02-03,30,20924.28,15337.41,15337.41,AED,AED,BANK-55569693,False,normal,4176.38,0
TXN-0001920,SUP-0133,Maintenance,INV-802-2026-001920,PO-2025-001920,2026-01-08,2026-03-26,90,37203.89,27401.83,27401.83,AED,AED,BANK-23338758,False,normal,7461.52,0
TXN-0002286,SUP-0097,Aircraft Components,INV-229-2026-000008,PO-2025-000008,2026-01-08,2026-04-08,90,10558.51,8807.6,8807.6,USD,USD,BANK-93475211,False,exact_duplicate,8807.6,1
TXN-0002328,SUP-0155,Facilities,INV-658-2026-002328,PO-2025-002328,2026-01-08,2026-02-26,30,8713.46,6746.73,6746.73,USD,USD,BANK-19822959,False,normal,6746.73,0
TXN-0002820,SUP-0041,Professional Services,INV-390-2026-002820,PO-2025-002820,2026-01-08,2026-02-05,30,6324.93,5961.02,5961.02,USD,USD,BANK-90410196,False,normal,5961.02,0
TXN-0002865,SUP-0026,Maintenance,INV-457-2026-002865,PO-2026-002865,2026-01-08,2026-02-13,45,799.72,794.82,794.82,USD,USD,BANK-94243920,False,normal,794.82,0
TXN-0003788,SUP-0051,Ground Services,INV-718-2026-003788,PO-2025-003788,2026-01-08,2026-03-10,60,5344.01,4221.44,4221.44,USD,USD,BANK-43629195,False,normal,4221.44,0
TXN-0004368,SUP-0011,Professional Services,INV-757-2026-004368,PO-2025-004368,2026-01-08,2026-02-24,45,11543.27,10468.89,10468.89,USD,USD,BANK-43383005,False,normal,10468.89,0
TXN-0004619,SUP-0018,Ground Services,INV-560-2026-004619,PO-2026-004619,2026-01-08,2026-02-07,45,91660.66,88425.96,88425.96,USD,USD,BANK-95760944,False,normal,88425.96,0
TXN-0004642,SUP-0083,Professional Services,INV-641-2026-004642,PO-2025-004642,2026-01-08,2026-02-26,45,6272.75,4898.42,4898.42,EUR,EUR,BANK-49032895,False,normal,5339.28,0
TXN-0005014,SUP-0006,Maintenance,INV-106-2026-005014,PO-2025-005014,2026-01-08,2026-03-24,60,10776.44,9092.15,9092.15,GBP,GBP,BANK-30719258,False,normal,11547.03,0
TXN-0000735,SUP-0104,Professional Services,INV-776-2026-000735,PO-2026-000735,2026-01-09,2026-02-11,30,16751.37,15543.1,15543.1,GBP,GBP,BANK-82371206,False,normal,19739.74,0
TXN-0001419,SUP-0054,Maintenance,INV-195-2026-001419,PO-2026-001419,2026-01-09,2026-02-21,30,9312.11,8483.18,8483.18,AED,AED,BANK-77211064,False,normal,2309.97,0
TXN-0001716,SUP-0002,Facilities,INV-459-2026-001716,PO-2025-001716,2026-01-09,2026-02-01,30,27638.68,23054.61,23054.61,USD,USD,BANK-19696685,False,normal,23054.61,0
TXN-0001729,SUP-0019,Aircraft Components,INV-490-2026-001729,PO-2026-001729,2026-01-09,2026-03-11,60,11598.56,9560.86,9560.86,EUR,EUR,BANK-67134797,False,normal,10421.34,0
TXN-0002379,SUP-0014,Professional Services,INV-837-2026-002379,PO-2026-002379,2026-01-09,2026-01-30,30,7202.28,5350.89,5350.89,EUR,EUR,BANK-51403053,False,normal,5832.47,0
TXN-0002991,SUP-0088,Facilities,INV-784-2026-002991,PO-2026-002991,2026-01-09,2026-02-14,30,17754.51,16185.55,16185.55,AED,AED,BANK-30669042,False,normal,4407.33,0
TXN-0003087,SUP-0111,Maintenance,INV-648-2026-003087,PO-2026-003087,2026-01-09,2026-02-04,30,2109.57,1635.65,1635.65,USD,USD,BANK-49045227,False,normal,1635.65,0
TXN-0003224,SUP-0136,Professional Services,INV-123-2026-003224,PO-2025-003224,2026-01-09,2026-03-19,60,42744.3,32184.05,32184.05,USD,USD,BANK-19530766,False,normal,32184.05,0
TXN-0005368,SUP-0110,Information Technology,INV-108-2026-005368,PO-2025-005368,2026-01-09,2026-04-04,90,5845.16,5336.83,5336.83,EUR,EUR,BANK-21795197,False,normal,5817.14,0
TXN-0000074,SUP-0137,Ground Services,INV-608-2026-000074,PO-2025-000074,2026-01-10,2026-03-03,45,5561.05,4510.7,4510.7,GBP,GBP,BANK-75099036,False,normal,5728.59,0
TXN-0000208,SUP-0152,Information Technology,INV-864-2026-000208,PO-2025-000208,2026-01-10,2026-03-14,45,12469.3,10565.29,10565.29,EUR,EUR,BANK-86228158,False,normal,11516.17,0
TXN-0000394,SUP-0101,Maintenance,INV-163-2026-000394,PO-2025-000394,2026-01-10,2026-04-21,90,8308.02,6005.2,6005.2,EUR,EUR,BANK-47533220,False,normal,6545.67,0
TXN-0001949,SUP-0073,Ground Services,INV-469-2026-001949,PO-2026-001949,2026-01-10,2026-03-04,60,3217.1,3074.77,3074.77,EUR,EUR,BANK-14030635,False,normal,3351.5,0
TXN-0002252,SUP-0031,Ground Services,INV-168-2026-002252,PO-2025-002252,2026-01-10,2026-02-19,30,30115.82,22424.17,22424.17,EUR,EUR,BANK-36891816,False,normal,24442.35,0
TXN-0002272,SUP-0102,Maintenance,INV-379-2026-002272,PO-2025-002272,2026-01-10,2026-02-08,30,719.51,616.7,616.7,AED,AED,BANK-27979808,False,normal,167.93,0
TXN-0002512,SUP-0056,Professional Services,INV-400-2026-002512,PO-2025-002512,2026-01-10,2026-02-24,45,14361.62,13426.34,13426.34,EUR,EUR,BANK-33621446,False,normal,14634.71,0
TXN-0002805,SUP-0065,Aircraft Components,INV-492-2026-002805,PO-2026-002805,2026-01-10,2026-02-07,30,77735.69,62399.87,62399.87,AED,AED,BANK-90272029,False,normal,16991.48,0
TXN-0003148,SUP-0122,Aircraft Components,INV-944-2026-003148,PO-2025-003148,2026-01-10,2026-04-14,90,10781.14,7969.55,7969.55,AED,AED,BANK-69657778,False,normal,2170.11,0
TXN-0003773,SUP-0097,Ground Services,INV-627-2026-003773,PO-2026-003773,2026-01-10,2026-02-28,45,70999.17,54436.4,54436.4,USD,EUR,BANK-93475211,False,currency_mismatch,59335.68,1
TXN-0003967,SUP-0077,Aircraft Components,INV-499-2026-003967,PO-2026-003967,2026-01-10,2026-04-19,90,7543.52,5730.97,5730.97,USD,USD,BANK-99822506,False,normal,5730.97,0
TXN-0004089,SUP-0114,Aircraft Components,INV-586-2026-004089,PO-2026-004089,2026-01-10,2026-01-30,30,40004.52,39794.12,39794.12,AED,AED,BANK-93480628,False,normal,10835.94,0
TXN-0004987,SUP-0128,Ground Services,INV-611-2026-004987,PO-2026-004987,2026-01-10,2026-03-24,60,5436.53,4218.33,4218.33,USD,USD,BANK-93232757,False,normal,4218.33,0
TXN-0005566,SUP-0023,Aircraft Components,INV-202-2026-005566,PO-2025-005566,2026-01-10,2026-01-29,30,26990.51,20140.97,20140.97,GBP,GBP,BANK-91497896,False,normal,25579.03,0
TXN-0000145,SUP-0118,Aircraft Components,INV-394-2026-000145,PO-2026-000145,2026-01-11,2026-02-07,30,12784.68,9697.47,9697.47,AED,AED,BANK-37085381,False,normal,2640.62,0
TXN-0000606,SUP-0072,Professional Services,INV-870-2026-000606,PO-2025-000606,2026-01-11,2026-03-10,60,2616.18,2187.7,2187.7,USD,USD,BANK-88710582,False,normal,2187.7,0
TXN-0000732,SUP-0118,Information Technology,INV-834-2026-000732,PO-2025-000732,2026-01-11,2026-02-02,30,3187.24,2548.41,2548.41,AED,AED,BANK-37085381,False,normal,693.93,0
TXN-0000967,SUP-0009,Maintenance,INV-816-2026-000967,PO-2026-000967,2026-01-11,2026-03-16,60,13018.86,9436.34,9436.34,USD,USD,BANK-59936721,False,normal,9436.34,0
TXN-0000986,SUP-0112,Facilities,INV-943-2026-000986,PO-2025-000986,2026-01-11,2026-02-16,45,3455.25,2646.95,2646.95,USD,AED,BANK-21137842,False,currency_mismatch,720.76,1
TXN-0001938,SUP-0133,Maintenance,INV-920-2026-001938,PO-2025-001938,2026-01-11,2026-03-04,45,17252.35,13558.08,13558.08,AED,AED,BANK-23338758,False,normal,3691.87,0
TXN-0003605,SUP-0118,Facilities,INV-553-2026-003605,PO-2026-003605,2026-01-11,2026-02-26,45,11007.9,8587.42,8587.42,AED,AED,BANK-37085381,False,normal,2338.35,0
TXN-0003697,SUP-0017,Ground Services,INV-702-2026-003697,PO-2026-003697,2026-01-11,2026-03-05,45,38715.0,34508.2,34508.2,AED,AED,BANK-38542500,False,normal,9396.58,0
TXN-0003710,SUP-0080,Facilities,INV-504-2026-003710,PO-2025-003710,2026-01-11,2026-02-06,30,2160.41,1979.35,1979.35,EUR,USD,BANK-97464377,False,currency_mismatch,1979.35,1
TXN-0003776,SUP-0033,Facilities,INV-198-2026-003776,PO-2025-003776,2026-01-11,2026-02-08,45,5126.83,4436.9,4436.9,USD,USD,BANK-97243596,False,normal,4436.9,0
TXN-0004452,SUP-0095,Professional Services,INV-145-2026-004452,PO-2025-004452,2026-01-11,2026-03-24,60,9729.91,8614.53,8614.53,USD,USD,BANK-36688168,False,normal,8614.53,0
TXN-0005283,SUP-0076,Ground Services,INV-826-2026-005283,PO-2026-005283,2026-01-11,2026-03-03,60,8401.62,6204.62,6204.62,USD,USD,NEW-75147781,True,bank_change,6204.62,1
TXN-0000207,SUP-0150,Facilities,INV-251-2026-000207,PO-2026-000207,2026-01-12,2026-02-19,45,12267.95,10867.52,10867.52,USD,USD,BANK-67087104,False,normal,10867.52,0
TXN-0000521,SUP-0137,Facilities,INV-967-2026-000521,PO-2026-000521,2026-01-12,2026-01-19,30,7054.38,5540.51,5540.51,GBP,GBP,BANK-75099036,False,normal,7036.45,0
TXN-0001460,SUP-0020,Information Technology,INV-586-2026-001460,PO-2025-001460,2026-01-12,2026-04-18,90,1215.03,1062.76,1062.76,AED,AED,BANK-36182605,False,normal,289.39,0
TXN-0002361,SUP-0139,Information Technology,INV-612-2026-002361,PO-2026-002361,2026-01-12,2026-03-07,45,11948.23,11489.59,11489.59,EUR,EUR,BANK-77394363,False,normal,12523.65,0
TXN-0002888,SUP-0081,Maintenance,INV-979-2026-002888,PO-2025-002888,2026-01-12,2026-02-28,45,139586.54,125058.86,125058.86,AED,AED,BANK-54937628,False,normal,34053.53,0
TXN-0003256,SUP-0049,Facilities,INV-581-2026-003256,PO-2025-003256,2026-01-12,2026-02-25,45,5274.89,4031.56,4031.56,AED,AED,BANK-69549513,False,normal,1097.79,0
TXN-0003379,SUP-0102,Ground Services,INV-564-2026-003379,PO-2026-003379,2026-01-12,2026-02-15,30,3852.31,3727.55,3727.55,AED,AED,BANK-27979808,False,normal,1015.01,0
TXN-0003607,SUP-0059,Ground Services,INV-698-2026-003607,PO-2026-003607,2026-01-12,2026-03-24,60,8198.78,5979.68,5979.68,USD,USD,BANK-95295830,False,normal,5979.68,0
TXN-0003928,SUP-0156,Facilities,INV-377-2026-002320,PO-2025-002320,2026-01-12,2026-02-11,30,8326.51,7558.94,7558.94,AED,AED,BANK-35913857,False,exact_duplicate,2058.3,1
TXN-0003996,SUP-0048,Facilities,INV-350-2026-003996,PO-2025-003996,2026-01-12,2026-03-12,45,13650.83,12722.73,12722.73,USD,USD,BANK-40202528,False,normal,12722.73,0
TXN-0004028,SUP-0146,Aircraft Components,INV-561-2026-004028,PO-2025-004028,2026-01-12,2026-02-01,30,3321.14,3081.72,3081.72,USD,USD,BANK-76449297,False,normal,3081.72,0
TXN-0004084,SUP-0033,Information Technology,INV-874-2026-004084,PO-2025-004084,2026-01-12,2026-03-15,60,18424.84,14391.81,14391.81,USD,USD,BANK-97243596,False,normal,14391.81,0
TXN-0004645,SUP-0052,Maintenance,INV-402-2026-004645,PO-2026-004645,2026-01-12,2026-02-19,45,108551.57,86866.17,86866.17,USD,USD,BANK-89766631,False,normal,86866.17,0
TXN-0004909,SUP-0087,Facilities,INV-240-2026-004909,PO-2026-004909,2026-01-12,2026-02-12,30,2698.75,2648.01,2648.01,AED,AED,BANK-25685067,False,normal,721.05,0
TXN-0005309,SUP-0065,Professional Services,INV-821-2026-005309,PO-2026-005309,2026-01-12,2026-02-02,30,1769.84,1577.03,1577.03,AED,AED,BANK-90272029,False,normal,429.43,0
TXN-0005404,SUP-0046,Ground Services,INV-468-2026-005404,PO-2025-005404,2026-01-12,2026-03-01,30,6872.42,5010.91,5010.91,EUR,EUR,BANK-11990275,False,normal,5461.89,0
TXN-0005489,SUP-0155,Aircraft Components,INV-825-2026-005489,PO-2026-005489,2026-01-12,2026-02-18,30,26135.98,19920.8,19920.8,USD,USD,BANK-19822959,False,normal,19920.8,0
TXN-0000121,SUP-0052,Ground Services,INV-628-2026-000121,PO-2026-000121,2026-01-13,2026-02-18,30,3640.62,3112.93,3112.93,USD,USD,BANK-89766631,False,normal,3112.93,0
TXN-0001412,SUP-0140,Maintenance,INV-570-2026-001412,PO-2025-001412,2026-01-13,2026-02-10,45,5117.36,4593.68,4593.68,USD,USD,BANK-47720288,False,normal,4593.68,0
TXN-0001810,SUP-0129,Aircraft Components,INV-869-2026-001810,PO-2025-001810,2026-01-13,2026-02-11,30,15152.39,13949.38,13949.38,USD,USD,BANK-54924829,False,normal,13949.38,0
TXN-0002131,SUP-0159,Aircraft Components,INV-399-2026-002131,PO-2026-002131,2026-01-13,2026-02-26,45,22207.41,21433.21,21433.21,AED,AED,NEW-20145050,True,bank_change,5836.26,1
TXN-0002418,SUP-0099,Aircraft Components,INV-172-2026-002418,PO-2025-002418,2026-01-13,2026-03-06,60,63576.33,59247.66,59247.66,USD,USD,BANK-78956930,False,normal,59247.66,0
TXN-0002569,SUP-0127,Maintenance,INV-857-2026-002569,PO-2026-002569,2026-01-13,2026-03-26,60,13038.15,10751.07,10751.07,USD,USD,BANK-96425599,False,normal,10751.07,0
TXN-0003154,SUP-0100,Aircraft Components,INV-949-2026-003154,PO-2025-003154,2026-01-13,2026-02-12,30,3496.24,2862.85,2862.85,GBP,GBP,BANK-62300494,False,normal,3635.82,0
TXN-0003747,SUP-0097,Maintenance,INV-398-2026-003747,PO-2026-003747,2026-01-13,2026-02-13,30,15318.33,12018.96,12018.96,USD,USD,BANK-93475211,False,normal,12018.96,0
TXN-0003957,SUP-0110,Professional Services,INV-103-2026-003957,PO-2026-003957,2026-01-13,2026-02-01,30,163853.81,143593.86,143593.86,EUR,EUR,BANK-21795197,False,normal,156517.31,0
TXN-0001537,SUP-0106,Ground Services,INV-119-2026-001537,PO-2026-001537,2026-01-14,2026-02-01,30,6902.02,6392.16,6392.16,AED,AED,BANK-74386640,False,normal,1740.59,0
TXN-0001966,SUP-0143,Maintenance,INV-498-2026-001966,PO-2025-001966,2026-01-14,2026-02-23,30,3947.15,2920.94,2920.94,GBP,GBP,BANK-24937333,False,normal,3709.59,0
TXN-0002070,SUP-0017,Facilities,INV-430-2026-002070,PO-2025-002070,2026-01-14,2026-03-02,45,24275.2,23278.74,23278.74,AED,AED,BANK-38542500,False,normal,6338.8,0
TXN-0002359,SUP-0074,Maintenance,INV-833-2026-002359,PO-2026-002359,2026-01-14,2026-01-27,30,59577.61,48393.9,48393.9,USD,USD,BANK-27679119,False,normal,48393.9,0
TXN-0002723,SUP-0068,Maintenance,INV-852-2026-002723,PO-2026-002723,2026-01-14,2026-02-19,45,5433.6,4975.87,4975.87,USD,USD,BANK-26134147,False,normal,4975.87,0
TXN-0003124,SUP-0108,Information Technology,INV-485-2026-003124,PO-2025-003124,2026-01-14,2026-02-09,30,24577.06,18664.29,18664.29,USD,USD,BANK-76508559,False,normal,18664.29,0
TXN-0003513,SUP-0118,Professional Services,INV-737-2026-003513,PO-2026-003513,2026-01-14,2026-02-01,30,3212.99,3022.29,3022.29,AED,AED,BANK-37085381,False,normal,822.97,0
TXN-0004038,SUP-0158,Professional Services,INV-886-2026-004038,PO-2025-004038,2026-01-14,2026-02-15,30,94907.06,88738.64,88738.64,AED,AED,BANK-32546185,False,normal,24163.53,0
TXN-0004091,SUP-0014,Maintenance,INV-652-2026-004091,PO-2026-004091,2026-01-14,2026-02-24,60,4541.17,4439.97,4439.97,EUR,EUR,BANK-51403053,False,normal,4839.57,0
TXN-0005070,SUP-0083,Ground Services,INV-605-2026-005070,PO-2025-005070,2026-01-14,2026-03-21,60,10608.76,10383.57,10383.57,EUR,EUR,BANK-49032895,False,normal,11318.09,0
TXN-0000999,SUP-0067,Aircraft Components,INV-942-2026-000999,PO-2026-000999,2026-01-15,2026-03-21,45,8990.88,8867.74,8867.74,AED,AED,BANK-77206550,False,normal,2414.69,0
TXN-0001139,SUP-0089,Ground Services,INV-697-2026-001139,PO-2026-001139,2026-01-15,2026-03-03,45,18033.43,17784.66,17784.66,USD,USD,BANK-35136775,False,normal,17784.66,0
TXN-0001300,SUP-0039,Maintenance,INV-418-2026-001300,PO-2025-001300,2026-01-15,2026-02-22,45,12511.7,11994.11,11994.11,USD,USD,BANK-90171323,False,normal,11994.11,0
TXN-0001448,SUP-0153,Professional Services,INV-939-2026-001448,PO-2025-001448,2026-01-15,2026-03-22,60,6862.97,6694.44,6694.44,USD,USD,BANK-11605310,False,normal,6694.44,0
TXN-0001532,SUP-0117,Aircraft Components,INV-647-2026-001532,PO-2025-001532,2026-01-15,2026-02-12,30,5453.02,4440.97,4440.97,EUR,EUR,BANK-97580845,False,normal,4840.66,0
TXN-0002175,SUP-0070,Maintenance,INV-628-2026-002175,PO-2026-002175,2026-01-15,2026-02-13,30,9817.56,8076.81,8076.81,USD,USD,BANK-63944450,False,normal,8076.81,0
TXN-0003332,SUP-0129,Aircraft Components,INV-924-2026-003332,PO-2025-003332,2026-01-15,2026-02-16,30,6274.43,5677.62,5677.62,USD,USD,BANK-54924829,False,normal,5677.62,0
TXN-0004342,SUP-0086,Professional Services,INV-574-2026-004342,PO-2025-004342,2026-01-15,2026-02-20,30,12784.34,12035.22,12035.22,USD,USD,BANK-11254265,False,normal,12035.22,0
TXN-0004879,SUP-0044,Professional Services,INV-469-2026-004879,PO-2026-004879,2026-01-15,2026-02-22,30,3570.64,3484.27,3484.27,USD,USD,BANK-52259076,False,normal,3484.27,0
TXN-0005500,SUP-0050,Facilities,INV-550-2026-005500,PO-2025-005500,2026-01-15,2026-04-19,90,259517.31,228474.57,228474.57,USD,USD,BANK-46919792,False,normal,228474.57,0
TXN-0000420,SUP-0048,Facilities,INV35020260039A96,PO-2025-003996,2026-01-16,2026-03-02,45,13650.83,12722.73,12722.73,USD,USD,BANK-40202528,False,near_duplicate,12722.73,1
TXN-0000499,SUP-0094,Facilities,INV-326-2026-000499,PO-2026-000499,2026-01-16,2026-02-11,30,10736.88,9222.25,9222.25,USD,USD,BANK-20964925,False,normal,9222.25,0
TXN-0000533,SUP-0007,Professional Services,INV-782-2026-000533,PO-2026-000533,2026-01-16,2026-02-20,30,4512.17,3625.86,3625.86,EUR,EUR,BANK-31280989,False,normal,3952.19,0
TXN-0000547,SUP-0117,Professional Services,INV-906-2026-000547,PO-2026-000547,2026-01-16,2026-04-09,90,10023.11,9699.35,9699.35,EUR,EUR,BANK-97580845,False,normal,10572.29,0
TXN-0000573,SUP-0068,Maintenance,INV-459-2026-000573,PO-2026-000573,2026-01-16,2026-04-25,90,8759.47,7299.55,7299.55,USD,USD,BANK-26134147,False,normal,7299.55,0
TXN-0000726,SUP-0126,Ground Services,INV-561-2026-000726,PO-2025-000726,2026-01-16,2026-03-09,45,5180.64,4624.97,4624.97,AED,AED,BANK-35780160,False,normal,1259.38,0
TXN-0000801,SUP-0146,Facilities,INV-403-2026-000801,PO-2026-000801,2026-01-16,2026-03-15,60,1934.1,1418.16,1418.16,USD,USD,BANK-76449297,False,normal,1418.16,0
TXN-0001220,SUP-0138,Professional Services,INV-540-2026-001220,PO-2025-001220,2026-01-16,2026-03-29,60,4946.6,4531.84,4531.84,AED,AED,BANK-22630563,False,normal,1234.02,0
TXN-0001263,SUP-0129,Information Technology,INV-268-2026-001263,PO-2026-001263,2026-01-16,2026-03-03,30,22841.92,22441.34,22441.34,USD,USD,BANK-54924829,False,normal,22441.34,0
TXN-0001600,SUP-0105,Aircraft Components,INV-285-2026-001600,PO-2025-001600,2026-01-16,2026-03-13,60,3958.94,3074.45,3074.45,EUR,EUR,BANK-12259119,False,normal,3351.15,0
TXN-0002791,SUP-0012,Information Technology,INV-325-2026-002791,PO-2026-002791,2026-01-16,2026-02-04,30,6209.92,5259.0,5259.0,GBP,GBP,BANK-37895989,False,normal,6678.93,0
TXN-0002814,SUP-0129,Information Technology,INV-315-2026-002814,PO-2025-002814,2026-01-16,2026-03-17,45,4204.18,4141.72,4141.72,USD,USD,BANK-54924829,False,normal,4141.72,0
TXN-0003144,SUP-0133,Maintenance,INV-867-2026-003144,PO-2025-003144,2026-01-16,2026-02-12,30,4870.84,4550.18,4550.18,AED,AED,BANK-23338758,False,normal,1239.01,0
TXN-0003642,SUP-0015,Maintenance,INV-944-2026-003642,PO-2025-003642,2026-01-16,2026-03-12,60,136313.41,104135.83,104135.83,USD,USD,BANK-82742631,False,normal,104135.83,0
TXN-0004813,SUP-0028,Aircraft Components,INV-126-2026-004813,PO-2026-004813,2026-01-16,2026-03-03,45,22261.83,20740.79,20740.79,USD,USD,BANK-24814703,False,normal,20740.79,0
TXN-0000487,SUP-0077,Aircraft Components,INV-344-2026-000487,PO-2026-000487,2026-01-17,2026-03-20,60,10942.65,8402.33,8402.33,USD,USD,BANK-99822506,False,normal,8402.33,0
TXN-0000498,SUP-0104,Information Technology,INV-189-2026-000498,PO-2025-000498,2026-01-17,2026-02-26,45,18478.49,17754.91,17754.91,GBP,GBP,BANK-82371206,False,normal,22548.74,0
TXN-0000640,SUP-0135,Information Technology,INV-190-2026-000640,PO-2025-000640,2026-01-17,2026-03-11,60,9756.28,9665.83,9665.83,AED,AED,BANK-85671420,False,normal,2632.01,0
TXN-0001103,SUP-0138,Aircraft Components,INV-137-2026-001103,PO-2026-001103,2026-01-17,2026-03-15,60,11029.32,9792.43,9792.43,AED,AED,BANK-22630563,False,normal,2666.48,0
TXN-0001240,SUP-0126,Aircraft Components,INV-502-2026-001240,PO-2025-001240,2026-01-17,2026-01-30,30,16807.77,14530.86,14530.86,AED,AED,BANK-35780160,False,normal,3956.75,0
TXN-0001827,SUP-0082,Information Technology,INV-268-2026-001827,PO-2026-001827,2026-01-17,2026-02-04,30,7350.02,5680.05,5680.05,USD,USD,BANK-55066706,False,normal,5680.05,0
TXN-0002594,SUP-0072,Ground Services,INV-507-2026-002594,PO-2025-002594,2026-01-17,2026-02-02,30,2930.77,2781.21,2781.21,USD,USD,BANK-88710582,False,normal,2781.21,0
TXN-0003162,SUP-0097,Ground Services,INV-181-2026-003162,PO-2025-003162,2026-01-17,2026-03-09,60,15219.98,11138.2,11138.2,USD,USD,BANK-93475211,False,normal,11138.2,0
TXN-0003281,SUP-0109,Ground Services,INV-569-2026-003281,PO-2026-003281,2026-01-17,2026-02-21,30,3732.71,3400.61,3400.61,USD,USD,BANK-84335845,False,normal,3400.61,0
TXN-0003637,SUP-0158,Ground Services,INV-402-2026-003637,PO-2026-003637,2026-01-17,2026-03-05,30,6943.58,5466.2,5466.2,AED,AED,BANK-32546185,False,normal,1488.45,0
TXN-0003717,SUP-0056,Aircraft Components,INV-616-2026-003717,PO-2026-003717,2026-01-17,2026-02-15,30,117127.51,109281.8,109281.8,EUR,EUR,BANK-33621446,False,normal,119117.16,0
TXN-0004101,SUP-0035,Professional Services,INV-829-2026-004101,PO-2026-004101,2026-01-17,2026-03-23,60,41102.98,36698.06,36698.06,AED,AED,BANK-23638594,False,normal,9992.88,0
TXN-0004408,SUP-0008,Maintenance,INV-344-2026-004408,PO-2025-004408,2026-01-17,2026-02-19,30,39367.92,33675.15,33675.15,EUR,EUR,BANK-22713593,False,normal,36705.91,0
TXN-0004667,SUP-0042,Information Technology,INV-265-2026-004667,PO-2026-004667,2026-01-17,2026-02-24,60,6551.8,5557.83,5557.83,EUR,EUR,BANK-20438281,False,normal,6058.03,0
TXN-0005490,SUP-0088,Facilities,INV-630-2026-005490,PO-2025-005490,2026-01-17,2026-02-23,45,4562.33,3552.31,3552.31,AED,AED,BANK-30669042,False,normal,967.29,0
TXN-0000799,SUP-0062,Ground Services,INV-380-2026-000799,PO-2026-000799,2026-01-18,2026-02-25,45,26110.26,24612.76,24612.76,AED,AED,BANK-21048213,False,normal,6702.05,0
TXN-0001792,SUP-0009,Professional Services,INV-254-2026-001792,PO-2025-001792,2026-01-18,2026-01-31,30,3005.2,2942.11,2942.11,USD,USD,BANK-59936721,False,normal,2942.11,0
TXN-0002031,SUP-0111,Facilities,INV-327-2026-002031,PO-2026-002031,2026-01-18,2026-03-02,45,25509.03,21061.92,21061.92,USD,USD,BANK-49045227,False,normal,21061.92,0
TXN-0002443,SUP-0030,Facilities,INV-204-2026-002443,PO-2026-002443,2026-01-18,2026-04-18,90,10751.85,9991.23,9991.23,AED,AED,BANK-14041955,False,normal,2720.61,0
TXN-0002526,SUP-0081,Professional Services,INV-456-2026-002526,PO-2025-002526,2026-01-18,2026-03-26,60,7835.3,7199.13,7199.13,AED,AED,BANK-54937628,False,normal,1960.32,0
TXN-0004882,SUP-0094,Aircraft Components,INV-530-2026-004882,PO-2025-004882,2026-01-18,2026-03-19,45,33158.7,32068.0,32068.0,USD,USD,BANK-20964925,False,normal,32068.0,0
TXN-0005058,SUP-0128,Aircraft Components,INV-154-2026-005058,PO-2025-005058,2026-01-18,2026-02-20,30,13588.14,12322.35,12322.35,USD,USD,BANK-93232757,False,normal,12322.35,0
TXN-0005237,SUP-0110,Information Technology,INV-886-2026-005237,PO-2026-005237,2026-01-18,2026-02-13,30,1730.92,1457.23,1457.23,EUR,EUR,BANK-21795197,False,normal,1588.38,0
TXN-0000752,SUP-0020,Ground Services,INV-904-2026-000752,PO-2025-000752,2026-01-19,2026-01-27,30,2472.13,1846.3,1846.3,AED,AED,BANK-36182605,False,normal,502.75,0
TXN-0001524,SUP-0102,Aircraft Components,INV-567-2026-001524,PO-2025-001524,2026-01-19,2026-02-26,30,3882.14,2965.52,2965.52,AED,AED,BANK-27979808,False,normal,807.51,0
TXN-0001604,SUP-0004,Aircraft Components,INV-134-2026-001604,PO-2025-001604,2026-01-19,2026-03-12,45,24388.35,23000.43,23000.43,AED,AED,BANK-92441065,False,normal,6263.02,0
TXN-0002380,SUP-0006,Aircraft Components,INV-937-2026-002380,PO-2025-002380,2026-01-19,2026-03-06,60,31809.98,30588.84,30588.84,GBP,GBP,BANK-30719258,False,normal,38847.83,0
TXN-0002382,SUP-0026,Ground Services,INV-211-2026-002382,PO-2025-002382,2026-01-19,2026-03-12,60,10501.55,9848.79,9848.79,USD,USD,NEW-60359652,True,bank_change,9848.79,1
TXN-0002668,SUP-0127,Information Technology,INV-153-2026-002668,PO-2025-002668,2026-01-19,2026-03-10,45,6563.43,5165.26,5165.26,USD,USD,BANK-96425599,False,normal,5165.26,0
TXN-0003193,SUP-0087,Information Technology,INV-927-2026-003193,PO-2026-003193,2026-01-19,2026-03-20,60,16773.63,15987.04,15987.04,AED,AED,BANK-25685067,False,normal,4353.27,0
TXN-0003434,SUP-0099,Information Technology,INV-209-2026-003434,PO-2025-003434,2026-01-19,2026-02-20,45,11081.97,8940.57,8940.57,USD,USD,BANK-78956930,False,normal,8940.57,0
TXN-0004159,SUP-0005,Aircraft Components,INV-298-2026-004159,PO-2026-004159,2026-01-19,2026-03-11,60,10121.38,8235.95,8235.95,USD,USD,BANK-97763977,False,normal,8235.95,0
TXN-0004180,SUP-0133,Aircraft Components,INV-898-2026-004180,PO-2025-004180,2026-01-19,2026-03-14,60,96699.56,76680.3,76680.3,AED,AED,BANK-23338758,False,normal,20880.05,0
TXN-0004536,SUP-0075,Maintenance,INV-363-2026-004536,PO-2025-004536,2026-01-19,2026-04-26,90,89665.28,76297.24,76297.24,USD,USD,BANK-35245775,False,normal,76297.24,0
TXN-0005573,SUP-0103,Information Technology,INV-120-2026-005573,PO-2026-005573,2026-01-19,2026-03-23,60,13972.53,10337.75,10337.75,USD,USD,BANK-87788293,False,normal,10337.75,0
TXN-0002520,SUP-0060,Aircraft Components,INV-503-2026-002520,PO-2025-002520,2026-01-20,2026-03-06,45,6449.29,5545.82,5545.82,USD,USD,BANK-31687351,False,normal,5545.82,0
TXN-0002718,SUP-0023,Facilities,INV-134-2026-002718,PO-2025-002718,2026-01-20,2026-03-14,45,3583.35,3159.37,3159.37,GBP,GBP,BANK-91497896,False,normal,4012.4,0
TXN-0003181,SUP-0095,Information Technology,INV-565-2026-003181,PO-2026-003181,2026-01-20,2026-05-01,90,16358.97,15217.13,15217.13,USD,USD,BANK-36688168,False,normal,15217.13,0
TXN-0003344,SUP-0025,Aircraft Components,INV-752-2026-003344,PO-2025-003344,2026-01-20,2026-03-24,60,4676.92,4503.0,4503.0,EUR,EUR,BANK-99224451,False,normal,4908.27,0
TXN-0003491,SUP-0104,Information Technology,INV-967-2026-003491,PO-2026-003491,2026-01-20,2026-03-21,60,30436.64,30047.56,30047.56,GBP,GBP,BANK-82371206,False,normal,38160.4,0
TXN-0004390,SUP-0107,Aircraft Components,INV-214-2026-004390,PO-2025-004390,2026-01-20,2026-03-18,45,6567.79,4965.64,4965.64,USD,USD,BANK-17594929,False,normal,4965.64,0
TXN-0004684,SUP-0001,Maintenance,INV-221-2026-004684,PO-2025-004684,2026-01-20,2026-03-02,30,45225.25,38972.02,38972.02,EUR,EUR,BANK-38861149,False,normal,42479.5,0
TXN-0004743,SUP-0014,Ground Services,INV-822-2026-004743,PO-2026-004743,2026-01-20,2026-03-21,45,20399.21,17415.25,17415.25,EUR,EUR,BANK-51403053,False,normal,18982.62,0
TXN-0000525,SUP-0044,Professional Services,INV-118-2026-000525,PO-2026-000525,2026-01-21,2026-03-10,45,4709.71,4074.47,4074.47,USD,USD,BANK-52259076,False,normal,4074.47,0
TXN-0000851,SUP-0103,Facilities,INV-692-2026-000851,PO-2026-000851,2026-01-21,2026-03-05,45,53709.33,41039.85,41039.85,USD,USD,BANK-87788293,False,normal,41039.85,0
TXN-0001246,SUP-0145,Ground Services,INV-230-2026-001246,PO-2025-001246,2026-01-21,2026-02-25,45,7961.6,7231.76,7231.76,AED,AED,BANK-26332140,False,normal,1969.21,0
TXN-0001577,SUP-0024,Aircraft Components,INV-309-2026-001577,PO-2026-001577,2026-01-21,2026-03-14,60,24222.94,24216.35,24216.35,EUR,EUR,BANK-33036857,False,normal,26395.82,0
TXN-0001876,SUP-0121,Maintenance,INV-676-2026-001876,PO-2025-001876,2026-01-21,2026-02-11,30,6712.23,5723.81,5723.81,AED,AED,BANK-55753531,False,normal,1558.59,0
TXN-0002463,SUP-0085,Aircraft Components,INV-980-2026-002463,PO-2026-002463,2026-01-21,2026-02-28,30,13437.37,9899.21,9899.21,USD,USD,BANK-94093522,False,normal,9899.21,0
TXN-0002807,SUP-0039,Facilities,INV-157-2026-002807,PO-2026-002807,2026-01-21,2026-03-25,60,71694.21,66720.69,66720.69,USD,USD,BANK-90171323,False,normal,66720.69,0
TXN-0002874,SUP-0085,Professional Services,INV-203-2026-002874,PO-2025-002874,2026-01-21,2026-03-27,60,49425.07,47215.86,47215.86,USD,USD,BANK-94093522,False,normal,47215.86,0
TXN-0003367,SUP-0017,Aircraft Components,INV-497-2026-003367,PO-2026-003367,2026-01-21,2026-04-20,90,44097.25,36383.61,36383.61,AED,AED,BANK-38542500,False,normal,9907.26,0
TXN-0004445,SUP-0003,Aircraft Components,INV-612-2026-004445,PO-2026-004445,2026-01-21,2026-04-29,90,7762.12,6503.34,6503.34,EUR,EUR,BANK-65317853,False,normal,7088.64,0
TXN-0000142,SUP-0059,Aircraft Components,INV-439-2026-000142,PO-2025-000142,2026-01-22,2026-05-04,90,15709.61,11424.71,11424.71,USD,USD,BANK-95295830,False,normal,11424.71,0
TXN-0000922,SUP-0140,Aircraft Components,INV-776-2026-000922,PO-2025-000922,2026-01-22,2026-04-10,60,14277.2,12645.09,12645.09,USD,USD,BANK-47720288,False,normal,12645.09,0
TXN-0001403,SUP-0010,Maintenance,INV-610-2026-001403,PO-2026-001403,2026-01-22,2026-03-05,45,8448.19,7761.37,7761.37,USD,USD,BANK-59212295,False,normal,7761.37,0
TXN-0001529,SUP-0104,Aircraft Components,INV-773-2026-001529,PO-2026-001529,2026-01-22,2026-03-25,60,102491.93,84268.27,84268.27,GBP,GBP,BANK-82371206,False,normal,107020.7,0
TXN-0003394,SUP-0007,Maintenance,INV-860-2026-003394,PO-2025-003394,2026-01-22,2026-02-19,30,3903.76,3485.11,3485.11,EUR,EUR,BANK-31280989,False,normal,3798.77,0
TXN-0003841,SUP-0137,Facilities,INV-962-2026-003841,PO-2026-003841,2026-01-22,2026-03-12,30,7402.33,5637.05,5637.05,GBP,GBP,BANK-75099036,False,normal,7159.05,0
TXN-0004287,SUP-0029,Aircraft Components,INV-837-2026-004287,PO-2026-004287,2026-01-22,2026-02-05,30,4695.5,3922.33,3922.33,USD,USD,BANK-57984114,False,normal,3922.33,0
TXN-0004481,SUP-0037,Aircraft Components,INV-344-2026-004481,PO-2026-004481,2026-01-22,2026-03-08,45,1401.02,1308.02,1308.02,USD,USD,BANK-18183594,False,normal,1308.02,0
TXN-0004698,SUP-0143,Information Technology,INV-763-2026-004698,PO-2025-004698,2026-01-22,2026-02-12,30,11737.89,9523.8,9523.8,GBP,GBP,BANK-24937333,False,normal,12095.23,0
TXN-0004766,SUP-0068,Aircraft Components,INV-663-2026-004766,PO-2025-004766,2026-01-22,2026-02-11,30,30613.33,27831.21,27831.21,USD,USD,BANK-26134147,False,normal,27831.21,0
TXN-0005510,SUP-0034,Ground Services,INV-869-2026-005510,PO-2025-005510,2026-01-22,2026-03-18,60,5035.82,4468.41,4468.41,USD,USD,BANK-99313799,False,normal,4468.41,0
TXN-0000672,SUP-0137,Professional Services,INV-620-2026-000672,PO-2025-000672,2026-01-23,2026-02-26,30,2679.45,2342.69,2342.69,GBP,GBP,BANK-75099036,False,normal,2975.22,0
TXN-0001006,SUP-0079,Ground Services,INV-814-2026-001006,PO-2025-001006,2026-01-23,2026-03-12,45,17339.5,15158.1,15158.1,AED,AED,BANK-38837550,False,normal,4127.55,0
TXN-0001862,SUP-0121,Information Technology,INV-469-2026-001862,PO-2025-001862,2026-01-23,2026-02-14,30,1791.94,1546.62,1546.62,AED,AED,BANK-55753531,False,normal,421.14,0
TXN-0002292,SUP-0023,Facilities,INV-134-2026-002718,PO-2025-002718,2026-01-23,2026-03-09,45,3583.35,3159.37,3159.37,GBP,GBP,BANK-91497896,False,exact_duplicate,4012.4,1
TXN-0002561,SUP-0117,Information Technology,INV-814-2026-002561,PO-2026-002561,2026-01-23,2026-02-12,30,5763.95,4417.23,4417.23,EUR,EUR,BANK-97580845,False,normal,4814.78,0
TXN-0002872,SUP-0141,Ground Services,INV-924-2026-002872,PO-2025-002872,2026-01-23,2026-02-20,30,2168.74,1812.57,1812.57,AED,AED,BANK-10585992,False,normal,493.56,0
TXN-0003158,SUP-0079,Information Technology,INV-265-2026-003158,PO-2025-003158,2026-01-23,2026-03-16,60,2888.3,2120.84,2120.84,AED,AED,BANK-38837550,False,normal,577.5,0
TXN-0003255,SUP-0036,Maintenance,INV-480-2026-003255,PO-2026-003255,2026-01-23,2026-03-13,45,6485.26,5066.34,5066.34,USD,USD,BANK-90250953,False,normal,5066.34,0
TXN-0003782,SUP-0149,Information Technology,INV-294-2026-003782,PO-2025-003782,2026-01-23,2026-02-26,30,10086.23,7655.03,7655.03,USD,USD,BANK-52064343,False,normal,7655.03,0
TXN-0004560,SUP-0059,Information Technology,INV-890-2026-004560,PO-2025-004560,2026-01-23,2026-03-02,30,4701.59,3970.53,3970.53,USD,USD,BANK-95295830,False,normal,3970.53,0
TXN-0005000,SUP-0028,Information Technology,INV-683-2026-005000,PO-2025-005000,2026-01-23,2026-03-29,60,1321.58,961.05,961.05,USD,USD,BANK-24814703,False,normal,961.05,0
TXN-0005170,SUP-0036,Ground Services,INV-402-2026-005170,PO-2025-005170,2026-01-23,2026-03-01,45,10135.28,8530.48,8530.48,USD,USD,NEW-35265913,True,bank_change,8530.48,1
TXN-0005235,SUP-0157,Facilities,INV-776-2026-005235,PO-2026-005235,2026-01-23,2026-04-03,60,15545.2,14093.42,14093.42,USD,USD,NEW-10892045,True,bank_change,14093.42,1
TXN-0000136,SUP-0077,Information Technology,INV-453-2026-000136,PO-2025-000136,2026-01-24,2026-02-24,45,7362.7,6023.29,6023.29,USD,USD,BANK-99822506,False,normal,6023.29,0
TXN-0001667,SUP-0138,Professional Services,INV-987-2026-001667,PO-2026-001667,2026-01-24,2026-02-09,30,15057.86,11674.91,11674.91,AED,AED,BANK-22630563,False,normal,3179.08,0
TXN-0001674,SUP-0054,Ground Services,INV-133-2026-001674,PO-2025-001674,2026-01-24,2026-05-01,90,13828.03,16782.3,16782.3,AED,AED,BANK-77211064,False,invoice_above_po,4569.82,1
TXN-0003995,SUP-0075,Facilities,INV-435-2026-003995,PO-2026-003995,2026-01-24,2026-03-30,90,2822.6,2537.19,2537.19,USD,USD,BANK-35245775,False,normal,2537.19,0
TXN-0004168,SUP-0034,Professional Services,INV-872-2026-004168,PO-2025-004168,2026-01-24,2026-02-17,30,5519.65,5301.24,5301.24,USD,USD,BANK-99313799,False,normal,5301.24,0
TXN-0004229,SUP-0005,Aircraft Components,INV-890-2026-004229,PO-2026-004229,2026-01-24,2026-03-13,45,9639.51,9222.18,9222.18,USD,USD,BANK-97763977,False,normal,9222.18,0
TXN-0004681,SUP-0116,Professional Services,INV-962-2026-004681,PO-2026-004681,2026-01-24,2026-03-12,45,1149.17,955.17,955.17,EUR,EUR,BANK-45782037,False,normal,1041.14,0
TXN-0004719,SUP-0084,Maintenance,INV-283-2026-004719,PO-2026-004719,2026-01-24,2026-02-20,45,21087.83,18391.54,18391.54,USD,USD,BANK-22950775,False,normal,18391.54,0
TXN-0005038,SUP-0148,Ground Services,INV-518-2026-005038,PO-2025-005038,2026-01-24,2026-03-26,60,10311.15,7607.22,7607.22,AED,AED,BANK-48887190,False,normal,2071.45,0
TXN-0000368,SUP-0039,Aircraft Components,INV-642-2026-000368,PO-2025-000368,2026-01-25,2026-03-20,45,3941.15,3519.31,3519.31,USD,USD,BANK-90171323,False,normal,3519.31,0
TXN-0000476,SUP-0066,Professional Services,INV-251-2026-000476,PO-2025-000476,2026-01-25,2026-03-25,45,93102.67,90839.94,90839.94,AED,AED,BANK-23795588,False,normal,24735.72,0
TXN-0000651,SUP-0116,Professional Services,INV-694-2026-000651,PO-2026-000651,2026-01-25,2026-03-14,45,10455.15,8233.21,8233.21,EUR,EUR,BANK-45782037,False,normal,8974.2,0
TXN-0000671,SUP-0020,Professional Services,INV-245-2026-000671,PO-2026-000671,2026-01-25,2026-03-12,45,5665.7,4357.99,4357.99,AED,AED,BANK-36182605,False,normal,1186.68,0
TXN-0001053,SUP-0114,Ground Services,INV-189-2026-001053,PO-2026-001053,2026-01-25,2026-03-14,45,12568.56,10750.94,10750.94,AED,AED,BANK-93480628,False,normal,2927.48,0
TXN-0002260,SUP-0065,Maintenance,INV-214-2026-002260,PO-2025-002260,2026-01-25,2026-03-20,45,14854.93,11151.03,11151.03,AED,AED,BANK-90272029,False,normal,3036.43,0
TXN-0002716,SUP-0147,Aircraft Components,INV-467-2026-002716,PO-2025-002716,2026-01-25,2026-04-16,90,3936.01,3672.49,3672.49,USD,USD,BANK-82392481,False,normal,3672.49,0
TXN-0002891,SUP-0081,Maintenance,INV-613-2026-002891,PO-2026-002891,2026-01-25,2026-02-08,30,10195.79,7580.54,7580.54,AED,AED,BANK-54937628,False,normal,2064.18,0
TXN-0004031,SUP-0057,Professional Services,INV-441-2026-004031,PO-2026-004031,2026-01-25,2026-03-07,45,4444.28,3506.9,3506.9,USD,USD,BANK-10477636,False,normal,3506.9,0
TXN-0004192,SUP-0091,Professional Services,INV-265-2026-004192,PO-2025-004192,2026-01-25,2026-04-18,90,2587.6,2334.05,2334.05,USD,USD,BANK-11616527,False,normal,2334.05,0
TXN-0005009,SUP-0124,Facilities,INV-113-2026-005009,PO-2026-005009,2026-01-25,2026-03-02,30,9798.45,8546.94,8546.94,USD,USD,BANK-96006092,False,normal,8546.94,0
TXN-0005556,SUP-0063,Maintenance,INV-753-2026-005556,PO-2025-005556,2026-01-25,2026-03-15,45,13250.34,10656.67,10656.67,AED,AED,BANK-16087857,False,normal,2901.81,0
TXN-0005580,SUP-0041,Ground Services,INV-125-2026-005580,PO-2025-005580,2026-01-25,2026-03-23,60,1924.41,1546.81,1546.81,USD,USD,BANK-90410196,False,normal,1546.81,0
TXN-0000216,SUP-0099,Aircraft Components,INV-418-2026-000216,PO-2025-000216,2026-01-26,2026-05-10,90,8063.94,6996.36,6996.36,USD,USD,BANK-78956930,False,normal,6996.36,0
TXN-0000569,SUP-0013,Ground Services,INV-591-2026-000569,PO-2026-000569,2026-01-26,2026-03-31,60,24310.58,19965.29,19965.29,AED,AED,BANK-84681076,False,normal,5436.55,0
TXN-0000610,SUP-0013,Aircraft Components,INV-843-2026-000610,PO-2025-000610,2026-01-26,2026-03-03,45,8649.91,8552.65,8552.65,AED,AED,BANK-84681076,False,normal,2328.89,0
TXN-0000625,SUP-0102,Maintenance,INV-940-2026-000625,PO-2026-000625,2026-01-26,2026-03-10,30,136818.77,132592.29,132592.29,AED,AED,BANK-27979808,False,normal,36104.88,0
TXN-0001153,SUP-0030,Aircraft Components,INV-901-2026-001153,PO-2026-001153,2026-01-26,2026-04-24,90,35487.93,27889.94,27889.94,AED,AED,BANK-14041955,False,normal,7594.43,0
TXN-0001732,SUP-0160,Aircraft Components,INV-415-2026-001732,PO-2025-001732,2026-01-26,2026-03-14,30,1081.43,1002.76,1002.76,EUR,EUR,BANK-51670701,False,normal,1093.01,0
TXN-0002591,SUP-0018,Aircraft Components,INV-558-2026-002591,PO-2026-002591,2026-01-26,2026-03-22,45,10812.63,10015.88,10015.88,USD,USD,BANK-95760944,False,normal,10015.88,0
TXN-0002656,SUP-0066,Aircraft Components,INV-436-2026-002656,PO-2025-002656,2026-01-26,2026-03-09,45,13691.86,13345.05,13345.05,AED,AED,BANK-23795588,False,normal,3633.86,0
TXN-0003013,SUP-0020,Aircraft Components,INV-165-2026-003013,PO-2026-003013,2026-01-26,2026-02-11,30,13625.25,13403.49,13403.49,AED,AED,BANK-36182605,False,normal,3649.77,0
TXN-0003849,SUP-0147,Aircraft Components,INV-563-2026-003849,PO-2026-003849,2026-01-26,2026-03-31,60,2699.16,2104.07,2104.07,USD,USD,BANK-82392481,False,normal,2104.07,0
TXN-0004339,SUP-0080,Facilities,INV-565-2026-004339,PO-2026-004339,2026-01-26,2026-03-21,45,18634.99,16215.64,16215.64,EUR,EUR,BANK-97464377,False,normal,17675.05,0
TXN-0004495,SUP-0145,Aircraft Components,INV-128-2026-004495,PO-2026-004495,2026-01-26,2026-04-10,60,7934.65,7540.21,7540.21,AED,AED,BANK-26332140,False,normal,2053.2,0
TXN-0000202,SUP-0095,Information Technology,INV-625-2026-000202,PO-2025-000202,2026-01-27,2026-02-27,30,5384.39,5225.1,5225.1,USD,USD,BANK-36688168,False,normal,5225.1,0
TXN-0000373,SUP-0108,Ground Services,INV-550-2026-000373,PO-2026-000373,2026-01-27,2026-03-28,45,16737.09,15996.97,15996.97,USD,USD,BANK-76508559,False,normal,15996.97,0
TXN-0001257,SUP-0073,Information Technology,INV-220-2026-001257,PO-2026-001257,2026-01-27,2026-03-02,45,2558.62,2133.13,2133.13,EUR,EUR,BANK-14030635,False,normal,2325.11,0
TXN-0001896,SUP-0072,Aircraft Components,INV-872-2026-001896,PO-2025-001896,2026-01-27,2026-03-02,30,12287.25,10517.72,10517.72,USD,USD,BANK-88710582,False,normal,10517.72,0
TXN-0001954,SUP-0011,Information Technology,INV-913-2026-001954,PO-2025-001954,2026-01-27,2026-02-25,30,21031.05,15476.56,15476.56,USD,USD,BANK-43383005,False,normal,15476.56,0
TXN-0001996,SUP-0138,Professional Services,INV-464-2026-001996,PO-2025-001996,2026-01-27,2026-02-17,30,2815.39,2787.32,2787.32,AED,AED,BANK-22630563,False,normal,758.99,0
TXN-0002089,SUP-0124,Aircraft Components,INV-809-2026-002089,PO-2026-002089,2026-01-27,2026-02-24,30,5345.59,4809.07,4809.07,USD,USD,BANK-96006092,False,normal,4809.07,0
TXN-0002281,SUP-0060,Aircraft Components,INV-384-2026-002281,PO-2026-002281,2026-01-27,2026-04-08,60,14109.35,11521.34,11521.34,USD,USD,BANK-31687351,False,normal,11521.34,0
TXN-0002736,SUP-0041,Aircraft Components,INV-805-2026-002736,PO-2025-002736,2026-01-27,2026-02-25,30,6009.45,4880.57,4880.57,USD,USD,BANK-90410196,False,normal,4880.57,0
TXN-0002754,SUP-0007,Facilities,INV-638-2026-002754,PO-2025-002754,2026-01-27,2026-03-19,30,3066.35,2912.35,2912.35,EUR,EUR,BANK-31280989,False,normal,3174.46,0
TXN-0003166,SUP-0012,Professional Services,INV-927-2026-003166,PO-2025-003166,2026-01-27,2026-04-29,90,26404.44,24139.21,24139.21,GBP,GBP,BANK-37895989,False,normal,30656.8,0
TXN-0003464,SUP-0028,Aircraft Components,INV-274-2026-003464,PO-2025-003464,2026-01-27,2026-03-25,30,5488.85,5423.44,5423.44,USD,USD,BANK-24814703,False,normal,5423.44,0
TXN-0003554,SUP-0060,Maintenance,INV-917-2026-003554,PO-2025-003554,2026-01-27,2026-02-19,30,10548.11,8174.46,8174.46,USD,USD,BANK-31687351,False,normal,8174.46,0
TXN-0003767,SUP-0157,Aircraft Components,INV-674-2026-003767,PO-2026-003767,2026-01-27,2026-03-21,60,6915.49,5017.91,5017.91,USD,USD,BANK-84648574,False,normal,5017.91,0
TXN-0004016,SUP-0086,Maintenance,INV-624-2026-004016,PO-2025-004016,2026-01-27,2026-03-01,45,24726.56,23215.25,23215.25,USD,USD,BANK-11254265,False,normal,23215.25,0
TXN-0004123,SUP-0140,Ground Services,INV-744-2026-004123,PO-2026-004123,2026-01-27,2026-04-05,60,12946.8,11159.76,11159.76,USD,USD,BANK-47720288,False,normal,11159.76,0
TXN-0004394,SUP-0121,Maintenance,INV-812-2026-004394,PO-2025-004394,2026-01-27,2026-03-26,60,1497.64,1334.88,1334.88,AED,AED,BANK-55753531,False,normal,363.49,0
TXN-0004422,SUP-0127,Aircraft Components,INV-386-2026-004422,PO-2025-004422,2026-01-27,2026-02-25,30,12341.34,10416.28,10416.28,USD,USD,BANK-96425599,False,normal,10416.28,0
TXN-0004580,SUP-0111,Aircraft Components,INV-819-2026-004580,PO-2025-004580,2026-01-27,2026-03-12,45,2589.49,2116.29,2116.29,USD,USD,BANK-49045227,False,normal,2116.29,0
TXN-0004915,SUP-0137,Aircraft Components,INV-610-2026-004915,PO-2026-004915,2026-01-27,2026-03-09,45,6382.32,5366.38,5366.38,GBP,GBP,BANK-75099036,False,normal,6815.3,0
TXN-0005003,SUP-0138,Ground Services,INV-661-2026-005003,PO-2026-005003,2026-01-27,2026-02-27,45,4612.11,3594.03,3594.03,AED,AED,BANK-22630563,False,normal,978.65,0
TXN-0005243,SUP-0067,Maintenance,INV-934-2026-005243,PO-2026-005243,2026-01-27,2026-04-28,90,35110.94,35028.4,35028.4,AED,AED,BANK-77206550,False,normal,9538.23,0
TXN-0000284,SUP-0061,Professional Services,INV-183-2026-000284,PO-2025-000284,2026-01-28,2026-04-05,60,10992.39,8201.8,8201.8,AED,AED,BANK-12871994,False,normal,2233.35,0
TXN-0000715,SUP-0141,Facilities,INV-639-2026-000715,PO-2026-000715,2026-01-28,2026-02-23,30,3912.63,2939.56,2939.56,AED,AED,BANK-10585992,False,normal,800.44,0
TXN-0001422,SUP-0026,Aircraft Components,INV-844-2026-001422,PO-2025-001422,2026-01-28,2026-04-08,60,11262.41,10191.62,10191.62,USD,USD,BANK-94243920,False,normal,10191.62,0
TXN-0001717,SUP-0007,Information Technology,INV-140-2026-001717,PO-2026-001717,2026-01-28,2026-02-19,30,5384.88,4318.22,4318.22,EUR,EUR,BANK-31280989,False,normal,4706.86,0
TXN-0001912,SUP-0047,Maintenance,INV-696-2026-001912,PO-2025-001912,2026-01-28,2026-03-03,45,16989.89,15519.27,15519.27,USD,USD,BANK-79481118,False,normal,15519.27,0
TXN-0001981,SUP-0049,Ground Services,INV-512-2026-001981,PO-2026-001981,2026-01-28,2026-03-26,45,558.46,549.82,549.82,AED,AED,BANK-69549513,False,normal,149.72,0
TXN-0002780,SUP-0103,Aircraft Components,INV-854-2026-002780,PO-2025-002780,2026-01-28,2026-04-28,90,6895.98,6149.7,6149.7,USD,USD,BANK-87788293,False,normal,6149.7,0
TXN-0004350,SUP-0085,Professional Services,INV-891-2026-004350,PO-2025-004350,2026-01-28,2026-03-09,30,4453.99,3452.4,3452.4,USD,USD,BANK-94093522,False,normal,3452.4,0
TXN-0005052,SUP-0135,Professional Services,INV-298-2026-005052,PO-2025-005052,2026-01-28,2026-03-06,30,26044.05,24223.57,24223.57,AED,AED,BANK-85671420,False,normal,6596.08,0
TXN-0005139,SUP-0034,Information Technology,INV-227-2026-005139,PO-2026-005139,2026-01-28,2026-02-27,30,27741.15,21564.52,21564.52,USD,USD,BANK-99313799,False,normal,21564.52,0
TXN-0000066,SUP-0063,Facilities,INV-752-2026-000066,PO-2025-000066,2026-01-29,2026-03-10,30,2878.81,2271.19,2271.19,AED,AED,BANK-16087857,False,normal,618.45,0
TXN-0000160,SUP-0053,Ground Services,INV-199-2026-000160,PO-2025-000160,2026-01-29,2026-04-27,90,5047.42,4859.81,4859.81,EUR,EUR,BANK-76295561,False,normal,5297.19,0
TXN-0000197,SUP-0154,Facilities,INV-629-2026-000197,PO-2026-000197,2026-01-29,2026-04-07,60,6374.43,4617.89,4617.89,AED,AED,BANK-69720522,False,normal,1257.45,0
TXN-0000926,SUP-0090,Aircraft Components,INV-354-2026-000926,PO-2025-000926,2026-01-29,2026-03-06,30,7345.67,6141.84,6141.84,AED,AED,BANK-21863999,False,normal,1672.42,0
TXN-0001309,SUP-0077,Ground Services,INV-608-2026-001309,PO-2026-001309,2026-01-29,2026-03-30,45,6753.52,6292.58,6292.58,USD,USD,BANK-99822506,False,normal,6292.58,0
TXN-0002709,SUP-0119,Professional Services,INV-435-2026-002709,PO-2026-002709,2026-01-29,2026-04-02,60,12597.55,9718.51,9718.51,USD,USD,BANK-21899503,False,normal,9718.51,0
TXN-0003969,SUP-0098,Aircraft Components,INV-349-2026-003969,PO-2026-003969,2026-01-29,2026-03-25,60,29819.88,22962.62,22962.62,USD,USD,BANK-72483618,False,normal,22962.62,0
TXN-0004263,SUP-0139,Aircraft Components,INV-837-2026-004263,PO-2026-004263,2026-01-29,2026-03-07,45,1577.35,1238.99,1238.99,EUR,EUR,BANK-77394363,False,normal,1350.5,0
TXN-0005308,SUP-0156,Facilities,INV-224-2026-005308,PO-2025-005308,2026-01-29,2026-03-21,45,86954.45,66530.58,66530.58,AED,AED,BANK-35913857,False,normal,18116.28,0
TXN-0000201,SUP-0066,Aircraft Components,INV-308-2026-000201,PO-2026-000201,2026-01-30,2026-03-29,45,8845.41,8280.36,8280.36,AED,AED,BANK-23795588,False,normal,2254.74,0
TXN-0000390,SUP-0081,Maintenance,INV-207-2026-000390,PO-2025-000390,2026-01-30,2026-03-09,45,3341.66,3210.28,3210.28,AED,AED,BANK-54937628,False,normal,874.16,0
TXN-0000924,SUP-0046,Aircraft Components,INV-120-2026-000924,PO-2025-000924,2026-01-30,2026-02-10,30,5621.07,5176.96,5176.96,EUR,EUR,BANK-11990275,False,normal,5642.89,0
TXN-0001023,SUP-0139,Maintenance,INV-678-2026-001023,PO-2026-001023,2026-01-30,2026-03-04,30,5570.12,5558.68,5558.68,EUR,EUR,BANK-77394363,False,normal,6058.96,0
TXN-0001239,SUP-0086,Ground Services,INV-864-2026-001239,PO-2026-001239,2026-01-30,2026-02-25,30,6524.66,6156.31,6156.31,USD,USD,BANK-11254265,False,normal,6156.31,0
TXN-0002156,SUP-0080,Information Technology,INV-393-2026-002156,PO-2025-002156,2026-01-30,2026-03-10,45,12401.65,9844.69,9844.69,EUR,EUR,BANK-97464377,False,normal,10730.71,0
TXN-0002322,SUP-0050,Facilities,INV-185-2026-002322,PO-2025-002322,2026-01-30,2026-03-29,45,44216.42,34771.67,34771.67,USD,USD,BANK-46919792,False,normal,34771.67,0
TXN-0002567,SUP-0121,Aircraft Components,INV-259-2026-002567,PO-2026-002567,2026-01-30,2026-03-17,60,3351.1,3348.62,3348.62,AED,AED,BANK-55753531,False,normal,911.83,0
TXN-0003761,SUP-0044,Facilities,INV-395-2026-003761,PO-2026-003761,2026-01-30,2026-02-17,30,26639.64,20672.73,20672.73,USD,USD,BANK-52259076,False,normal,20672.73,0
TXN-0003916,SUP-0019,Facilities,INV-566-2026-003916,PO-2025-003916,2026-01-30,2026-02-14,30,17492.44,13124.4,13124.4,EUR,EUR,BANK-67134797,False,normal,14305.6,0
TXN-0005191,SUP-0084,Facilities,INV-105-2026-005191,PO-2026-005191,2026-01-30,2026-03-05,45,5632.68,5179.87,5179.87,USD,USD,BANK-22950775,False,normal,5179.87,0
TXN-0000205,SUP-0160,Professional Services,INV-351-2026-000205,PO-2026-000205,2026-01-31,2026-02-16,30,17990.8,13825.15,13825.15,EUR,EUR,BANK-51670701,False,normal,15069.41,0
TXN-0000353,SUP-0003,Aircraft Components,INV-328-2026-000353,PO-2026-000353,2026-01-31,2026-03-02,45,1911.98,1448.64,1448.64,EUR,EUR,BANK-65317853,False,normal,1579.02,0
TXN-0000421,SUP-0066,Professional Services,INV-935-2026-000421,PO-2026-000421,2026-01-31,2026-02-23,30,30726.99,27664.19,27664.19,AED,AED,BANK-23795588,False,normal,7532.96,0
TXN-0001958,SUP-0034,Ground Services,INV-427-2026-001958,PO-2025-001958,2026-01-31,2026-03-18,45,29402.12,25655.15,25655.15,USD,USD,BANK-99313799,False,normal,25655.15,0
TXN-0003070,SUP-0072,Facilities,INV-506-2026-003070,PO-2025-003070,2026-01-31,2026-03-13,45,12692.68,9767.64,9767.64,USD,USD,BANK-88710582,False,normal,9767.64,0
TXN-0000978,SUP-0009,Aircraft Components,INV-820-2026-000978,PO-2025-000978,2026-02-01,2026-02-17,30,3566.95,3023.66,3023.66,USD,USD,BANK-59936721,False,normal,3023.66,0
TXN-0001249,SUP-0138,Aircraft Components,INV-625-2026-001249,PO-2026-001249,2026-02-01,2026-04-14,90,3650.17,2989.9,2989.9,AED,AED,BANK-22630563,False,normal,814.15,0
TXN-0001413,SUP-0120,Aircraft Components,INV-261-2026-001413,PO-2026-001413,2026-02-01,2026-02-14,30,2850.6,2665.59,2665.59,AED,AED,BANK-53972563,False,normal,725.84,0
TXN-0004095,SUP-0032,Ground Services,INV-245-2026-004095,PO-2026-004095,2026-02-01,2026-03-20,45,51780.64,40488.66,40488.66,GBP,GBP,BANK-49158734,False,normal,51420.6,0
TXN-0005312,SUP-0100,Professional Services,INV-862-2026-005312,PO-2025-005312,2026-02-01,2026-03-16,45,13702.78,11836.42,11836.42,GBP,GBP,BANK-62300494,False,normal,15032.25,0
TXN-0005425,SUP-0032,Information Technology,INV-821-2026-005425,PO-2026-005425,2026-02-01,2026-03-01,30,17324.94,14886.01,14886.01,GBP,GBP,BANK-49158734,False,normal,18905.23,0
TXN-0005457,SUP-0032,Aircraft Components,INV-333-2026-005457,PO-2026-005457,2026-02-01,2026-03-03,30,18576.89,17012.96,17012.96,GBP,GBP,BANK-49158734,False,normal,21606.46,0
TXN-0000085,SUP-0152,Ground Services,INV-988-2026-000085,PO-2026-000085,2026-02-02,2026-04-04,60,4279.57,4215.65,4215.65,EUR,EUR,BANK-86228158,False,normal,4595.06,0
TXN-0001550,SUP-0136,Aircraft Components,INV-213-2026-001550,PO-2025-001550,2026-02-02,2026-03-01,30,25863.95,21234.04,21234.04,USD,USD,BANK-19530766,False,normal,21234.04,0
TXN-0002100,SUP-0089,Facilities,INV-626-2026-002100,PO-2025-002100,2026-02-02,2026-03-22,30,6548.24,5100.75,5100.75,USD,USD,BANK-35136775,False,normal,5100.75,0
TXN-0002233,SUP-0093,Information Technology,INV-294-2026-002233,PO-2026-002233,2026-02-02,2026-03-17,45,22948.62,21781.58,21781.58,USD,USD,BANK-97237891,False,normal,21781.58,0
TXN-0002240,SUP-0099,Maintenance,INV-770-2026-002240,PO-2025-002240,2026-02-02,2026-04-05,60,34075.24,27858.4,27858.4,USD,USD,BANK-78956930,False,normal,27858.4,0
TXN-0002832,SUP-0064,Information Technology,INV-507-2026-002832,PO-2025-002832,2026-02-02,2026-03-29,60,9235.61,7918.16,7918.16,EUR,EUR,BANK-84800139,False,normal,8630.79,0
TXN-0002988,SUP-0142,Information Technology,INV-855-2026-002988,PO-2025-002988,2026-02-02,2026-04-11,60,11582.82,10372.19,10372.19,AED,AED,BANK-96960871,False,normal,2824.35,0
TXN-0003065,SUP-0071,Maintenance,INV-795-2026-003065,PO-2026-003065,2026-02-02,2026-03-17,45,6513.6,5622.96,5622.96,USD,USD,BANK-74793410,False,normal,5622.96,0
TXN-0004937,SUP-0012,Maintenance,INV-475-2026-004937,PO-2026-004937,2026-02-02,2026-04-26,90,3048.02,2382.02,2382.02,GBP,GBP,BANK-37895989,False,normal,3025.17,0
TXN-0005116,SUP-0160,Maintenance,INV-810-2026-005116,PO-2025-005116,2026-02-02,2026-03-07,30,16575.5,14285.19,14285.19,EUR,EUR,BANK-51670701,False,normal,15570.86,0
TXN-0005408,SUP-0052,Aircraft Components,INV-202-2026-005408,PO-2025-005408,2026-02-02,2026-03-21,45,29279.02,22644.48,22644.48,USD,EUR,BANK-89766631,False,currency_mismatch,24682.48,1
TXN-0000362,SUP-0009,Professional Services,INV-668-2026-000362,PO-2025-000362,2026-02-03,2026-04-19,60,7194.11,6065.61,6065.61,USD,USD,BANK-59936721,False,normal,6065.61,0
TXN-0000939,SUP-0041,Ground Services,INV-992-2026-000939,PO-2026-000939,2026-02-03,2026-04-07,60,6128.57,5910.8,5910.8,USD,USD,BANK-90410196,False,normal,5910.8,0
TXN-0003168,SUP-0083,Professional Services,INV-974-2026-003168,PO-2025-003168,2026-02-03,2026-03-22,30,9369.44,9299.6,9299.6,EUR,EUR,BANK-49032895,False,normal,10136.56,0
TXN-0003873,SUP-0108,Maintenance,INV-157-2026-003873,PO-2026-003873,2026-02-03,2026-04-03,60,37154.46,32540.62,32540.62,USD,USD,BANK-76508559,False,normal,32540.62,0
TXN-0004288,SUP-0158,Facilities,INV-179-2026-004288,PO-2025-004288,2026-02-03,2026-03-22,45,11187.76,9422.4,9422.4,AED,AED,BANK-32546185,False,normal,2565.72,0
TXN-0004527,SUP-0096,Ground Services,INV-970-2026-004527,PO-2026-004527,2026-02-03,2026-03-20,30,24902.33,20377.01,20377.01,AED,AED,BANK-55569693,False,normal,5548.66,0
TXN-0004800,SUP-0092,Ground Services,INV-823-2026-004800,PO-2025-004800,2026-02-03,2026-02-25,30,4002.17,3249.0,3249.0,AED,AED,BANK-70989279,False,normal,884.7,0
TXN-0000319,SUP-0119,Ground Services,INV-687-2026-000319,PO-2026-000319,2026-02-04,2026-03-16,30,12746.7,10644.23,10644.23,USD,USD,BANK-21899503,False,normal,10644.23,0
TXN-0000893,SUP-0081,Maintenance,INV-895-2026-000893,PO-2026-000893,2026-02-04,2026-03-06,30,7132.5,5471.42,5471.42,AED,AED,BANK-54937628,False,normal,1489.87,0
TXN-0001081,SUP-0155,Facilities,INV-117-2026-001081,PO-2026-001081,2026-02-04,2026-03-23,45,4985.84,4036.33,4036.33,USD,USD,BANK-19822959,False,normal,4036.33,0
TXN-0001113,SUP-0136,Facilities,INV-695-2026-001113,PO-2026-001113,2026-02-04,2026-03-03,30,22151.06,18927.42,18927.42,USD,USD,BANK-19530766,False,normal,18927.42,0
TXN-0001356,SUP-0016,Professional Services,INV-544-2026-001356,PO-2025-001356,2026-02-04,2026-03-12,45,1201.42,912.95,912.95,USD,USD,BANK-96689067,False,normal,912.95,0
TXN-0001435,SUP-0063,Professional Services,INV-774-2026-001435,PO-2026-001435,2026-02-04,2026-03-19,45,9705.32,9011.82,9011.82,AED,AED,BANK-16087857,False,normal,2453.92,0
TXN-0001957,SUP-0002,Aircraft Components,INV-394-2026-001957,PO-2026-001957,2026-02-04,2026-03-06,30,14239.74,11810.49,11810.49,USD,USD,BANK-19696685,False,normal,11810.49,0
TXN-0002046,SUP-0129,Maintenance,INV-785-2026-002046,PO-2025-002046,2026-02-04,2026-04-30,90,4196.1,3431.88,3431.88,USD,USD,BANK-54924829,False,normal,3431.88,0
TXN-0002173,SUP-0108,Maintenance,INV-143-2026-002173,PO-2026-002173,2026-02-04,2026-02-28,30,81564.07,81234.09,81234.09,USD,USD,BANK-76508559,False,normal,81234.09,0
TXN-0002257,SUP-0019,Facilities,INV-566-2026-003916,PO-2025-003916,2026-02-04,2026-03-06,30,17492.44,13124.4,13124.4,EUR,EUR,BANK-67134797,False,exact_duplicate,14305.6,1
TXN-0003164,SUP-0119,Maintenance,INV-103-2026-003164,PO-2025-003164,2026-02-04,2026-03-13,45,10776.12,8617.8,8617.8,USD,USD,BANK-21899503,False,normal,8617.8,0
TXN-0003308,SUP-0105,Facilities,INV-133-2026-003308,PO-2025-003308,2026-02-04,2026-03-03,30,19950.04,17694.16,17694.16,EUR,EUR,BANK-12259119,False,normal,19286.63,0
TXN-0003467,SUP-0117,Professional Services,INV-552-2026-003467,PO-2026-003467,2026-02-04,2026-03-10,30,39775.78,31473.16,31473.16,EUR,GBP,BANK-97580845,False,currency_mismatch,39970.91,1
TXN-0004826,SUP-0149,Ground Services,INV-263-2026-004826,PO-2025-004826,2026-02-04,2026-03-20,60,70031.0,66847.57,66847.57,USD,USD,BANK-52064343,False,normal,66847.57,0
TXN-0005021,SUP-0018,Facilities,INV-815-2026-005021,PO-2026-005021,2026-02-04,2026-02-24,30,41063.41,37918.77,37918.77,USD,USD,BANK-95760944,False,normal,37918.77,0
TXN-0005184,SUP-0110,Aircraft Components,INV-627-2026-005184,PO-2025-005184,2026-02-04,2026-03-30,45,23675.08,22338.55,22338.55,EUR,EUR,BANK-21795197,False,normal,24349.02,0
TXN-0005192,SUP-0060,Aircraft Components,INV-394-2026-005192,PO-2025-005192,2026-02-04,2026-02-28,30,15465.26,13343.42,19308.66,USD,USD,BANK-31687351,False,overpayment,19308.66,1
TXN-0000864,SUP-0096,Facilities,INV-387-2026-000864,PO-2025-000864,2026-02-05,2026-04-28,60,3972.48,3097.22,3097.22,AED,AED,BANK-55569693,False,normal,843.37,0
TXN-0001504,SUP-0148,Maintenance,INV-128-2026-001504,PO-2025-001504,2026-02-05,2026-03-12,45,5586.22,4508.2,4508.2,AED,AED,BANK-48887190,False,normal,1227.58,0
TXN-0002355,SUP-0071,Ground Services,INV-765-2026-002355,PO-2026-002355,2026-02-05,2026-03-05,30,3097.72,2643.23,2643.23,USD,USD,BANK-74793410,False,normal,2643.23,0
TXN-0003422,SUP-0156,Professional Services,INV-178-2026-003422,PO-2025-003422,2026-02-05,2026-02-21,30,18998.21,17236.44,17236.44,AED,AED,BANK-35913857,False,normal,4693.48,0
TXN-0004499,SUP-0031,Ground Services,INV-451-2026-004499,PO-2026-004499,2026-02-05,2026-02-26,30,43339.93,34773.14,34773.14,EUR,EUR,BANK-36891816,False,normal,37902.72,0
TXN-0004724,SUP-0006,Maintenance,INV-959-2026-004724,PO-2025-004724,2026-02-05,2026-04-03,60,1041.14,792.58,792.58,GBP,GBP,BANK-30719258,False,normal,1006.58,0
TXN-0000181,SUP-0081,Aircraft Components,INV-740-2026-000181,PO-2026-000181,2026-02-06,2026-04-05,60,3655.95,2681.95,2681.95,AED,AED,BANK-54937628,False,normal,730.29,0
TXN-0000245,SUP-0117,Aircraft Components,INV-127-2026-000245,PO-2026-000245,2026-02-06,2026-03-27,45,7748.07,6972.65,6972.65,EUR,EUR,BANK-97580845,False,normal,7600.19,0
TXN-0000302,SUP-0110,Ground Services,INV-468-2026-000302,PO-2025-000302,2026-02-06,2026-04-21,60,28315.23,25200.2,25200.2,EUR,EUR,BANK-21795197,False,normal,27468.22,0
TXN-0001146,SUP-0144,Information Technology,INV-751-2026-001146,PO-2025-001146,2026-02-06,2026-04-03,60,19267.98,15675.36,15675.36,AED,AED,BANK-63643829,False,normal,4268.4,0
TXN-0001962,SUP-0104,Information Technology,INV-333-2026-001962,PO-2025-001962,2026-02-06,2026-03-17,45,15067.24,12841.97,12841.97,GBP,GBP,BANK-82371206,False,normal,16309.3,0
TXN-0002258,SUP-0152,Ground Services,INV-642-2026-002258,PO-2025-002258,2026-02-06,2026-03-01,30,12777.45,11702.58,11702.58,EUR,EUR,BANK-86228158,False,normal,12755.81,0
TXN-0003219,SUP-0152,Aircraft Components,INV-568-2026-003219,PO-2026-003219,2026-02-06,2026-04-01,60,24291.89,22339.67,22339.67,EUR,EUR,BANK-86228158,False,normal,24350.24,0
TXN-0003268,SUP-0044,Professional Services,INV-630-2026-003268,PO-2025-003268,2026-02-06,2026-03-22,45,10880.18,8627.49,8627.49,USD,USD,BANK-52259076,False,normal,8627.49,0
TXN-0004272,SUP-0022,Aircraft Components,INV-732-2026-004272,PO-2025-004272,2026-02-06,2026-03-02,30,19120.26,18236.36,18236.36,USD,USD,BANK-56355141,False,normal,18236.36,0
TXN-0004348,SUP-0038,Aircraft Components,INV-939-2026-004348,PO-2025-004348,2026-02-06,2026-03-22,60,5465.88,5333.57,5333.57,AED,AED,BANK-86107842,False,normal,1452.33,0
TXN-0001027,SUP-0120,Maintenance,INV-877-2026-001027,PO-2026-001027,2026-02-07,2026-04-20,60,22005.75,20273.75,20273.75,AED,AED,BANK-53972563,False,normal,5520.54,0
TXN-0001088,SUP-0131,Ground Services,INV-965-2026-001088,PO-2025-001088,2026-02-07,2026-03-20,45,10958.22,9845.77,9845.77,USD,USD,BANK-63724249,False,normal,9845.77,0
TXN-0001119,SUP-0020,Professional Services,INV-324-2026-001119,PO-2026-001119,2026-02-07,2026-04-14,60,44978.34,44502.02,44502.02,AED,AED,BANK-36182605,False,normal,12117.9,0
TXN-0001134,SUP-0159,Facilities,INV-452-2026-001134,PO-2025-001134,2026-02-07,2026-05-09,90,1435.46,1315.04,1315.04,AED,AED,BANK-81713537,False,normal,358.09,0
TXN-0001863,SUP-0033,Professional Services,INV-492-2026-001863,PO-2026-001863,2026-02-07,2026-05-10,90,23118.51,22231.14,22231.14,USD,USD,BANK-97243596,False,normal,22231.14,0
TXN-0002203,SUP-0103,Information Technology,INV-539-2026-002203,PO-2026-002203,2026-02-07,2026-03-19,45,3415.67,2690.88,2690.88,USD,USD,BANK-87788293,False,normal,2690.88,0
TXN-0002628,SUP-0149,Professional Services,INV-546-2026-002628,PO-2025-002628,2026-02-07,2026-03-30,60,15334.13,12551.06,12551.06,USD,USD,BANK-52064343,False,normal,12551.06,0
TXN-0002866,SUP-0151,Aircraft Components,INV-638-2026-002866,PO-2025-002866,2026-02-07,2026-03-03,30,6981.25,5530.01,5530.01,EUR,EUR,BANK-80628709,False,normal,6027.71,0
TXN-0003034,SUP-0148,Maintenance,INV-752-2026-003034,PO-2025-003034,2026-02-07,2026-03-21,60,5278.15,5228.32,5228.32,AED,AED,BANK-48887190,False,normal,1423.67,0
TXN-0003163,SUP-0160,Maintenance,INV-512-2026-003163,PO-2026-003163,2026-02-07,2026-03-05,30,1946.45,1434.08,1434.08,EUR,USD,BANK-51670701,False,currency_mismatch,1434.08,1
TXN-0003643,SUP-0088,Facilities,INV-485-2026-003643,PO-2026-003643,2026-02-07,2026-02-08,30,11995.38,9084.84,9084.84,AED,AED,BANK-30669042,False,rapid_payment,2473.8,1
TXN-0004363,SUP-0025,Facilities,INV-199-2026-004363,PO-2026-004363,2026-02-07,2026-04-05,60,2010.31,1606.24,1606.24,EUR,EUR,BANK-99224451,False,normal,1750.8,0
TXN-0000541,SUP-0013,Facilities,INV-562-2026-000541,PO-2026-000541,2026-02-08,2026-03-11,30,8888.64,8417.9,8417.9,AED,AED,BANK-84681076,False,normal,2292.19,0
TXN-0000554,SUP-0133,Facilities,INV-363-2026-000554,PO-2025-000554,2026-02-08,2026-03-13,30,19037.24,17880.79,17880.79,AED,AED,BANK-23338758,False,normal,4868.94,0
TXN-0000558,SUP-0060,Aircraft Components,INV-923-2026-000558,PO-2025-000558,2026-02-08,2026-03-20,30,4478.83,4047.71,4047.71,USD,USD,BANK-31687351,False,normal,4047.71,0
TXN-0001365,SUP-0014,Professional Services,INV-589-2026-001365,PO-2026-001365,2026-02-08,2026-05-15,90,23543.8,22234.85,22234.85,EUR,EUR,BANK-51403053,False,normal,24235.99,0
TXN-0003085,SUP-0128,Information Technology,INV-461-2026-003085,PO-2026-003085,2026-02-08,2026-03-21,30,73467.41,72604.19,72604.19,USD,USD,BANK-93232757,False,normal,72604.19,0
TXN-0003671,SUP-0114,Ground Services,INV-363-2026-003671,PO-2026-003671,2026-02-08,2026-03-04,30,6239.85,5293.75,5293.75,AED,AED,BANK-93480628,False,normal,1441.49,0
TXN-0005174,SUP-0118,Information Technology,INV-776-2026-005174,PO-2025-005174,2026-02-08,2026-04-22,60,145879.91,131068.66,131068.66,AED,AED,BANK-37085381,False,normal,35690.0,0
TXN-0000568,SUP-0154,Maintenance,INV-444-2026-000568,PO-2025-000568,2026-02-09,2026-03-03,30,12077.84,11706.43,11706.43,AED,AED,BANK-69720522,False,normal,3187.66,0
TXN-0000686,SUP-0101,Professional Services,INV-193-2026-000686,PO-2025-000686,2026-02-09,2026-03-25,60,4927.16,4414.98,4414.98,EUR,EUR,BANK-47533220,False,normal,4812.33,0
TXN-0000871,SUP-0056,Maintenance,INV-570-2026-000871,PO-2026-000871,2026-02-09,2026-04-05,60,24778.05,19080.58,19080.58,EUR,EUR,BANK-33621446,False,normal,20797.83,0
TXN-0001485,SUP-0133,Maintenance,INV-374-2026-001485,PO-2026-001485,2026-02-09,2026-03-10,30,14940.44,11641.57,11641.57,AED,AED,BANK-23338758,False,normal,3170.0,0
TXN-0001684,SUP-0157,Maintenance,INV-470-2026-001684,PO-2025-001684,2026-02-09,2026-02-09,45,5418.87,4637.76,4637.76,USD,USD,BANK-84648574,False,rapid_payment,4637.76,1
TXN-0001963,SUP-0125,Professional Services,INV-835-2026-001963,PO-2026-001963,2026-02-09,2026-03-02,30,9559.3,9149.76,9149.76,USD,USD,BANK-56892046,False,normal,9149.76,0
TXN-0001977,SUP-0076,Facilities,INV-501-2026-001977,PO-2026-001977,2026-02-09,2026-03-12,30,18274.33,15349.99,15349.99,USD,USD,BANK-37929130,False,normal,15349.99,0
TXN-0002228,SUP-0084,Professional Services,INV-533-2026-002228,PO-2025-002228,2026-02-09,2026-04-29,90,27304.49,20528.17,20528.17,USD,USD,BANK-22950775,False,normal,20528.17,0
TXN-0002488,SUP-0158,Professional Services,INV-642-2026-002488,PO-2025-002488,2026-02-09,2026-03-23,45,20678.31,18403.93,18403.93,AED,AED,BANK-32546185,False,normal,5011.39,0
TXN-0002607,SUP-0116,Facilities,INV-167-2026-002607,PO-2026-002607,2026-02-09,2026-02-25,30,8707.23,6965.03,6965.03,EUR,EUR,BANK-45782037,False,normal,7591.88,0
TXN-0003309,SUP-0156,Facilities,INV-224-2026-005308,PO-2025-005308,2026-02-09,2026-03-26,45,86954.45,66530.58,66530.58,AED,AED,BANK-35913857,False,exact_duplicate,18116.28,1
TXN-0003758,SUP-0006,Ground Services,INV-705-2026-003758,PO-2025-003758,2026-02-09,2026-03-26,30,69695.63,65370.37,65370.37,GBP,GBP,BANK-30719258,False,normal,83020.37,0
TXN-0005546,SUP-0114,Ground Services,INV-758-2026-005546,PO-2025-005546,2026-02-09,2026-03-30,60,7900.34,6634.22,6634.22,AED,AED,BANK-93480628,False,normal,1806.5,0
TXN-0000162,SUP-0086,Maintenance,INV-539-2026-000162,PO-2025-000162,2026-02-10,2026-03-16,30,20884.18,20464.62,20464.62,USD,USD,BANK-11254265,False,normal,20464.62,0
TXN-0000991,SUP-0079,Aircraft Components,INV-477-2026-000991,PO-2026-000991,2026-02-10,2026-04-12,60,37322.01,35050.58,35050.58,AED,AED,BANK-38837550,False,normal,9544.27,0
TXN-0001917,SUP-0120,Aircraft Components,INV-645-2026-001917,PO-2026-001917,2026-02-10,2026-03-27,30,5585.62,4506.41,4506.41,AED,AED,BANK-53972563,False,normal,1227.1,0
TXN-0002415,SUP-0082,Aircraft Components,INV-654-2026-002415,PO-2026-002415,2026-02-10,2026-03-30,45,167912.58,138616.05,138616.05,USD,USD,BANK-55066706,False,normal,138616.05,0
TXN-0002575,SUP-0040,Ground Services,INV-508-2026-002575,PO-2026-002575,2026-02-10,2026-03-02,30,5070.55,5027.27,5027.27,AED,AED,BANK-30107614,False,normal,1368.93,0
TXN-0002778,SUP-0138,Professional Services,INV-327-2026-002778,PO-2025-002778,2026-02-10,2026-03-14,30,9706.23,8277.74,8277.74,AED,AED,BANK-22630563,False,normal,2254.03,0
TXN-0002907,SUP-0128,Maintenance,INV-501-2026-002907,PO-2026-002907,2026-02-10,2026-03-19,30,9293.76,8894.57,8894.57,USD,USD,BANK-93232757,False,normal,8894.57,0
TXN-0004070,SUP-0035,Information Technology,INV-558-2026-004070,PO-2025-004070,2026-02-10,2026-03-13,30,1553.74,1142.75,1142.75,AED,AED,BANK-23638594,False,normal,311.17,0
TXN-0004941,SUP-0133,Professional Services,INV-201-2026-004941,PO-2026-004941,2026-02-10,2026-04-05,45,2303.63,1670.32,1670.32,AED,AED,BANK-23338758,False,normal,454.83,0
TXN-0005022,SUP-0013,Aircraft Components,INV-511-2026-005022,PO-2025-005022,2026-02-10,2026-04-02,60,12848.56,10675.82,10675.82,AED,AED,BANK-84681076,False,normal,2907.03,0
TXN-0000189,SUP-0100,Information Technology,INV-438-2026-000189,PO-2026-000189,2026-02-11,2026-03-12,30,19047.42,16010.38,16010.38,GBP,GBP,BANK-62300494,False,normal,20333.18,0
TXN-0000262,SUP-0051,Aircraft Components,INV-712-2026-000262,PO-2025-000262,2026-02-11,2026-03-27,45,8528.06,7196.49,7196.49,USD,USD,BANK-43629195,False,normal,7196.49,0
TXN-0000361,SUP-0026,Professional Services,INV-257-2026-000361,PO-2026-000361,2026-02-11,2026-04-16,60,21074.57,20957.58,20957.58,USD,USD,BANK-94243920,False,normal,20957.58,0
TXN-0000500,SUP-0105,Maintenance,INV-311-2026-000500,PO-2025-000500,2026-02-11,2026-03-13,30,9289.18,6696.12,6696.12,EUR,EUR,BANK-12259119,False,normal,7298.77,0
TXN-0001084,SUP-0158,Information Technology,INV-301-2026-001084,PO-2025-001084,2026-02-11,2026-03-28,30,15298.97,14514.56,14514.56,AED,AED,BANK-32546185,False,normal,3952.31,0
TXN-0002421,SUP-0100,Aircraft Components,INV-331-2026-002421,PO-2026-002421,2026-02-11,2026-03-18,30,3935.6,3055.27,3055.27,GBP,GBP,BANK-62300494,False,normal,3880.19,0
TXN-0002497,SUP-0129,Facilities,INV-995-2026-002497,PO-2026-002497,2026-02-11,2026-04-01,60,5642.79,4542.04,4542.04,USD,USD,BANK-54924829,False,normal,4542.04,0
TXN-0004874,SUP-0055,Aircraft Components,INV-524-2026-004874,PO-2025-004874,2026-02-11,2026-04-06,45,6968.57,6002.74,6002.74,AED,AED,BANK-44199230,False,normal,1634.55,0
TXN-0000187,SUP-0102,Information Technology,INV-873-2026-000187,PO-2026-000187,2026-02-12,2026-04-23,60,6008.12,4802.49,4802.49,AED,AED,BANK-27979808,False,normal,1307.72,0
TXN-0001092,SUP-0128,Aircraft Components,INV-194-2026-001092,PO-2025-001092,2026-02-12,2026-05-14,90,1864.64,1787.1,1787.1,USD,USD,BANK-93232757,False,normal,1787.1,0
TXN-0001590,SUP-0066,Maintenance,INV-648-2026-001590,PO-2025-001590,2026-02-12,2026-03-21,30,12822.77,9637.07,9637.07,AED,AED,BANK-23795588,False,normal,2624.17,0
TXN-0001670,SUP-0079,Facilities,INV-420-2026-001670,PO-2025-001670,2026-02-12,2026-03-05,30,12893.0,11013.84,11013.84,AED,AED,BANK-38837550,False,normal,2999.07,0
TXN-0001895,SUP-0084,Professional Services,INV53320260022A28,PO-2025-002228,2026-02-12,2026-05-13,90,27304.49,20528.17,20528.17,USD,USD,BANK-22950775,False,near_duplicate,20528.17,1
TXN-0002128,SUP-0096,Ground Services,INV-933-2026-002128,PO-2025-002128,2026-02-12,2026-03-04,30,6218.43,5397.3,5397.3,AED,AED,BANK-55569693,False,normal,1469.68,0
TXN-0002685,SUP-0101,Facilities,INV-361-2026-002685,PO-2026-002685,2026-02-12,2026-03-30,60,9868.61,7415.75,7415.75,EUR,EUR,BANK-47533220,False,normal,8083.17,0
TXN-0003298,SUP-0122,Facilities,INV-816-2026-003298,PO-2025-003298,2026-02-12,2026-03-27,45,14899.29,12144.55,12144.55,AED,AED,BANK-69657778,False,normal,3306.96,0
TXN-0003535,SUP-0022,Facilities,INV-322-2026-003535,PO-2026-003535,2026-02-12,2026-04-28,60,2062.03,1789.26,1789.26,USD,USD,NEW-67580584,True,bank_change,1789.26,1
TXN-0005275,SUP-0020,Maintenance,INV-223-2026-005275,PO-2026-005275,2026-02-12,2026-03-24,45,11004.51,9165.85,9165.85,AED,AED,BANK-36182605,False,normal,2495.86,0
TXN-0005592,SUP-0030,Information Technology,INV-401-2026-005592,PO-2025-005592,2026-02-12,2026-04-16,60,3931.14,3852.9,3852.9,AED,AED,BANK-14041955,False,normal,1049.14,0
TXN-0001258,SUP-0004,Ground Services,INV-547-2026-001258,PO-2025-001258,2026-02-13,2026-04-04,60,2175.67,1644.24,1644.24,AED,AED,BANK-92441065,False,normal,447.73,0
TXN-0001527,SUP-0025,Maintenance,INV-716-2026-001527,PO-2026-001527,2026-02-13,2026-03-01,30,5225.04,3940.36,3940.36,EUR,EUR,BANK-99224451,False,normal,4294.99,0
TXN-0002277,SUP-0059,Aircraft Components,INV-365-2026-002277,PO-2026-002277,2026-02-13,2026-04-02,45,28979.47,25750.78,25750.78,USD,USD,BANK-95295830,False,normal,25750.78,0
TXN-0003135,SUP-0160,Maintenance,INV-914-2026-003135,PO-2026-003135,2026-02-13,2026-03-18,30,21928.9,21201.04,21201.04,EUR,EUR,BANK-51670701,False,normal,23109.13,0
TXN-0003427,SUP-0031,Maintenance,INV-778-2026-003427,PO-2026-003427,2026-02-13,2026-04-01,45,9729.52,9066.54,9066.54,EUR,EUR,BANK-36891816,False,normal,9882.53,0
TXN-0003537,SUP-0087,Professional Services,INV-653-2026-003537,PO-2026-003537,2026-02-13,2026-03-26,30,21291.76,18645.94,18645.94,AED,AED,BANK-25685067,False,normal,5077.29,0
TXN-0003726,SUP-0114,Maintenance,INV-889-2026-003726,PO-2025-003726,2026-02-13,2026-03-16,45,16680.51,19235.02,19235.02,AED,AED,BANK-93480628,False,invoice_above_po,5237.7,1
TXN-0004062,SUP-0135,Aircraft Components,INV-287-2026-004062,PO-2025-004062,2026-02-13,2026-04-16,60,5073.33,4849.48,4849.48,AED,AED,BANK-85671420,False,normal,1320.51,0
TXN-0004622,SUP-0153,Information Technology,INV-983-2026-004622,PO-2025-004622,2026-02-13,2026-05-09,90,27920.37,25270.92,25270.92,USD,USD,BANK-11605310,False,normal,25270.92,0
TXN-0004855,SUP-0049,Facilities,INV-658-2026-004855,PO-2026-004855,2026-02-13,2026-03-31,30,15473.22,12558.6,12558.6,AED,AED,BANK-69549513,False,normal,3419.71,0
TXN-0005131,SUP-0128,Aircraft Components,INV-351-2026-005131,PO-2026-005131,2026-02-13,2026-04-24,60,1487.77,1273.54,1273.54,USD,USD,BANK-93232757,False,normal,1273.54,0
TXN-0005190,SUP-0044,Ground Services,INV-429-2026-005190,PO-2025-005190,2026-02-13,2026-03-16,30,14873.75,13951.72,13951.72,USD,USD,BANK-52259076,False,normal,13951.72,0
TXN-0000359,SUP-0001,Information Technology,INV-726-2026-000359,PO-2026-000359,2026-02-14,2026-04-24,60,7147.59,6506.93,6506.93,EUR,EUR,BANK-38861149,False,normal,7092.55,0
TXN-0003583,SUP-0119,Ground Services,INV-885-2026-003583,PO-2026-003583,2026-02-14,2026-03-19,30,68779.06,93834.46,93834.46,USD,USD,BANK-21899503,False,invoice_above_po,93834.46,1
TXN-0004489,SUP-0129,Maintenance,INV-868-2026-004489,PO-2026-004489,2026-02-14,2026-03-18,30,6875.5,6388.35,6388.35,USD,USD,BANK-54924829,False,normal,6388.35,0
TXN-0005519,SUP-0075,Professional Services,INV-918-2026-005519,PO-2026-005519,2026-02-14,2026-03-06,30,1326.57,1190.68,1190.68,USD,USD,BANK-35245775,False,normal,1190.68,0
TXN-0000768,SUP-0127,Aircraft Components,INV-928-2026-000768,PO-2025-000768,2026-02-15,2026-03-14,30,57625.37,46945.54,46945.54,USD,USD,BANK-96425599,False,normal,46945.54,0
TXN-0001335,SUP-0051,Facilities,INV-572-2026-001335,PO-2026-001335,2026-02-15,2026-04-11,45,8203.03,7508.31,7508.31,USD,USD,BANK-43629195,False,normal,7508.31,0
TXN-0002038,SUP-0065,Ground Services,INV-322-2026-002038,PO-2025-002038,2026-02-15,2026-03-21,30,7777.64,6319.23,6319.23,AED,AED,BANK-90272029,False,normal,1720.73,0
TXN-0002831,SUP-0102,Aircraft Components,INV-806-2026-002831,PO-2026-002831,2026-02-15,2026-03-24,30,2863.41,2797.39,2797.39,AED,AED,BANK-27979808,False,normal,761.73,0
TXN-0003375,SUP-0087,Professional Services,INV-651-2026-003375,PO-2026-003375,2026-02-15,2026-04-08,45,13711.15,12235.21,12235.21,AED,AED,BANK-25685067,False,normal,3331.65,0
TXN-0003918,SUP-0150,Aircraft Components,INV-151-2026-003918,PO-2025-003918,2026-02-15,2026-03-28,45,3732.98,3497.5,3497.5,USD,USD,BANK-67087104,False,normal,3497.5,0
TXN-0004030,SUP-0127,Information Technology,INV-891-2026-004030,PO-2025-004030,2026-02-15,2026-04-16,60,21996.78,17073.52,17073.52,USD,USD,BANK-96425599,False,normal,17073.52,0
TXN-0004376,SUP-0133,Aircraft Components,INV-623-2026-004376,PO-2025-004376,2026-02-15,2026-04-21,60,4127.44,3482.97,4634.24,AED,AED,BANK-23338758,False,overpayment,1261.9,1
TXN-0005499,SUP-0023,Maintenance,INV-504-2026-005499,PO-2026-005499,2026-02-15,2026-03-12,30,13276.81,12909.84,12909.84,GBP,GBP,BANK-91497896,False,normal,16395.5,0
TXN-0000665,SUP-0060,Information Technology,INV-578-2026-000665,PO-2026-000665,2026-02-16,2026-04-15,30,33129.4,25753.65,25753.65,USD,USD,BANK-31687351,False,normal,25753.65,0
TXN-0001201,SUP-0069,Ground Services,INV-697-2026-001201,PO-2026-001201,2026-02-16,2026-04-01,30,14084.66,13296.05,13296.05,USD,USD,BANK-43048809,False,normal,13296.05,0
TXN-0001579,SUP-0095,Ground Services,INV-730-2026-001579,PO-2026-001579,2026-02-16,2026-04-04,45,15087.62,12955.91,12955.91,USD,USD,BANK-36688168,False,normal,12955.91,0
TXN-0003178,SUP-0154,Aircraft Components,INV-545-2026-003178,PO-2025-003178,2026-02-16,2026-04-15,45,6401.68,5002.05,5002.05,AED,AED,BANK-69720522,False,normal,1362.06,0
TXN-0003201,SUP-0017,Aircraft Components,INV-794-2026-003201,PO-2026-003201,2026-02-16,2026-03-03,30,5212.21,3881.85,3881.85,AED,AED,BANK-38542500,False,normal,1057.03,0
TXN-0004129,SUP-0090,Professional Services,INV-998-2026-004129,PO-2026-004129,2026-02-16,2026-03-11,30,36443.51,29640.39,29640.39,AED,USD,BANK-21863999,False,currency_mismatch,29640.39,1
TXN-0004438,SUP-0109,Facilities,INV-612-2026-004438,PO-2025-004438,2026-02-16,2026-03-24,45,4969.24,3899.72,3899.72,USD,USD,BANK-84335845,False,normal,3899.72,0
TXN-0004510,SUP-0034,Maintenance,INV-917-2026-004510,PO-2025-004510,2026-02-16,2026-03-12,30,71949.47,54920.03,54920.03,USD,USD,BANK-99313799,False,normal,54920.03,0
TXN-0000000,SUP-0038,Information Technology,INV-340-2026-000000,PO-2025-000000,2026-02-17,2026-03-15,30,7802.45,7600.78,7600.78,AED,AED,BANK-86107842,False,normal,2069.69,0
TXN-0000184,SUP-0022,Aircraft Components,INV-748-2026-000184,PO-2025-000184,2026-02-17,2026-05-04,90,2457.11,2319.63,2319.63,USD,USD,BANK-56355141,False,normal,2319.63,0
TXN-0000455,SUP-0111,Maintenance,INV-354-2026-000455,PO-2026-000455,2026-02-17,2026-03-30,30,10715.44,8096.68,8096.68,USD,USD,BANK-49045227,False,normal,8096.68,0
TXN-0001444,SUP-0153,Aircraft Components,INV-107-2026-001444,PO-2025-001444,2026-02-17,2026-03-25,30,24835.87,18964.36,18964.36,USD,USD,BANK-11605310,False,normal,18964.36,0
TXN-0001693,SUP-0101,Ground Services,INV-533-2026-001693,PO-2026-001693,2026-02-17,2026-03-24,30,10959.59,8548.82,8548.82,EUR,EUR,BANK-47533220,False,normal,9318.21,0
TXN-0002917,SUP-0026,Aircraft Components,INV-572-2026-002917,PO-2026-002917,2026-02-17,2026-03-16,30,67698.34,65157.68,73899.22,USD,USD,BANK-94243920,False,overpayment,73899.22,1
TXN-0003357,SUP-0090,Aircraft Components,INV-965-2026-003357,PO-2026-003357,2026-02-17,2026-03-24,30,11389.53,8808.27,8808.27,AED,AED,BANK-21863999,False,normal,2398.49,0
TXN-0003484,SUP-0099,Aircraft Components,INV-837-2026-003484,PO-2025-003484,2026-02-17,2026-03-28,60,5787.6,4290.17,4290.17,USD,USD,BANK-78956930,False,normal,4290.17,0
TXN-0003633,SUP-0034,Information Technology,INV-333-2026-003633,PO-2026-003633,2026-02-17,2026-04-23,45,24635.81,22998.92,22998.92,USD,USD,BANK-99313799,False,normal,22998.92,0
TXN-0004116,SUP-0152,Aircraft Components,INV-845-2026-004116,PO-2025-004116,2026-02-17,2026-05-13,90,22414.1,17205.78,17205.78,EUR,EUR,BANK-86228158,False,normal,18754.3,0
TXN-0004710,SUP-0066,Professional Services,INV-460-2026-004710,PO-2025-004710,2026-02-17,2026-04-07,45,4597.23,3982.31,3982.31,AED,AED,BANK-23795588,False,normal,1084.38,0
TXN-0005035,SUP-0070,Facilities,INV-254-2026-005035,PO-2026-005035,2026-02-17,2026-02-17,60,7655.0,6965.68,6965.68,USD,USD,BANK-63944450,False,rapid_payment,6965.68,1
TXN-0005495,SUP-0097,Aircraft Components,INV-470-2026-005495,PO-2026-005495,2026-02-17,2026-04-08,60,10226.65,9585.89,9585.89,USD,USD,BANK-93475211,False,normal,9585.89,0
TXN-0000602,SUP-0159,Professional Services,INV-827-2026-000602,PO-2025-000602,2026-02-18,2026-04-14,60,13544.09,13101.98,13101.98,AED,AED,BANK-81713537,False,normal,3567.67,0
TXN-0001183,SUP-0086,Ground Services,INV-510-2026-001183,PO-2026-001183,2026-02-18,2026-03-29,45,9567.39,8168.4,8168.4,USD,USD,BANK-11254265,False,normal,8168.4,0
TXN-0001307,SUP-0056,Aircraft Components,INV-166-2026-001307,PO-2026-001307,2026-02-18,2026-04-27,60,5819.64,5362.54,5362.54,EUR,EUR,BANK-33621446,False,normal,5845.17,0
TXN-0001452,SUP-0089,Maintenance,INV-889-2026-001452,PO-2025-001452,2026-02-18,2026-04-21,45,45268.8,35049.23,35049.23,USD,USD,BANK-35136775,False,normal,35049.23,0
TXN-0003007,SUP-0060,Information Technology,INV-866-2026-003007,PO-2026-003007,2026-02-18,2026-04-29,60,42925.72,40730.88,40730.88,USD,USD,BANK-31687351,False,normal,40730.88,0
TXN-0003445,SUP-0114,Aircraft Components,INV-431-2026-003445,PO-2026-003445,2026-02-18,2026-04-02,60,47139.18,40288.27,40288.27,AED,AED,BANK-93480628,False,normal,10970.5,0
TXN-0004150,SUP-0123,Information Technology,INV-763-2026-004150,PO-2025-004150,2026-02-18,2026-04-05,45,8787.85,7462.08,7462.08,USD,USD,BANK-38236379,False,normal,7462.08,0
TXN-0004411,SUP-0137,Facilities,INV-711-2026-004411,PO-2026-004411,2026-02-18,2026-05-22,90,3866.68,3568.92,3568.92,GBP,GBP,BANK-75099036,False,normal,4532.53,0
TXN-0005285,SUP-0053,Professional Services,INV-463-2026-005285,PO-2026-005285,2026-02-18,2026-05-06,60,7884.82,7782.98,7782.98,EUR,EUR,BANK-76295561,False,normal,8483.45,0
TXN-0000411,SUP-0082,Facilities,INV-335-2026-000411,PO-2026-000411,2026-02-19,2026-03-20,30,36461.79,26738.99,26738.99,USD,USD,BANK-55066706,False,normal,26738.99,0
TXN-0001181,SUP-0121,Aircraft Components,INV-789-2026-001181,PO-2026-001181,2026-02-19,2026-05-30,90,34453.39,27280.06,27280.06,AED,AED,BANK-55753531,False,normal,7428.36,0
TXN-0001711,SUP-0047,Facilities,INV-305-2026-001711,PO-2026-001711,2026-02-19,2026-04-25,60,3901.61,3524.21,3524.21,USD,USD,BANK-79481118,False,normal,3524.21,0
TXN-0002005,SUP-0055,Aircraft Components,INV-928-2026-002005,PO-2026-002005,2026-02-19,2026-04-01,60,9493.52,7925.27,7925.27,AED,AED,BANK-44199230,False,normal,2158.05,0
TXN-0002334,SUP-0114,Ground Services,INV-141-2026-002334,PO-2025-002334,2026-02-19,2026-04-17,60,6920.08,6337.4,6337.4,AED,AED,BANK-93480628,False,normal,1725.67,0
TXN-0002592,SUP-0131,Ground Services,INV-956-2026-002592,PO-2025-002592,2026-02-19,2026-05-03,60,6403.37,4672.64,4672.64,USD,USD,BANK-63724249,False,normal,4672.64,0
TXN-0003399,SUP-0026,Professional Services,INV-294-2026-003399,PO-2026-003399,2026-02-19,2026-04-07,30,5007.98,4084.06,4084.06,USD,USD,BANK-94243920,False,normal,4084.06,0
TXN-0003660,SUP-0045,Aircraft Components,INV-182-2026-003660,PO-2025-003660,2026-02-19,2026-03-26,30,616.67,587.01,587.01,EUR,EUR,BANK-38433614,False,normal,639.84,0
TXN-0003934,SUP-0017,Aircraft Components,INV-436-2026-003934,PO-2025-003934,2026-02-19,2026-03-15,30,14170.17,13542.31,13542.31,AED,AED,BANK-38542500,False,normal,3687.57,0
TXN-0004469,SUP-0061,Aircraft Components,INV-906-2026-004469,PO-2026-004469,2026-02-19,2026-03-11,30,17082.73,13177.88,19283.98,AED,AED,BANK-12871994,False,overpayment,5251.03,1
TXN-0004480,SUP-0017,Aircraft Components,INV-530-2026-004480,PO-2025-004480,2026-02-19,2026-03-27,45,42131.39,37888.18,37888.18,AED,AED,BANK-38542500,False,normal,10316.95,0
TXN-0004493,SUP-0148,Information Technology,INV-442-2026-004493,PO-2026-004493,2026-02-19,2026-04-14,60,5527.09,4632.79,4632.79,AED,AED,BANK-48887190,False,normal,1261.51,0
TXN-0004762,SUP-0150,Ground Services,INV-265-2026-004762,PO-2025-004762,2026-02-19,2026-03-29,45,10816.75,10486.84,10486.84,USD,USD,BANK-67087104,False,normal,10486.84,0
TXN-0000653,SUP-0119,Maintenance,INV-755-2026-000653,PO-2026-000653,2026-02-20,2026-03-23,30,4160.02,3526.06,3526.06,USD,USD,BANK-21899503,False,normal,3526.06,0
TXN-0002491,SUP-0080,Professional Services,INV-712-2026-002491,PO-2026-002491,2026-02-20,2026-04-05,60,9231.53,8007.26,8007.26,EUR,EUR,BANK-97464377,False,normal,8727.91,0
TXN-0002927,SUP-0036,Maintenance,INV-334-2026-002927,PO-2026-002927,2026-02-20,2026-04-19,45,10730.52,9846.56,9846.56,USD,USD,BANK-90250953,False,normal,9846.56,0
TXN-0003118,SUP-0100,Information Technology,INV-812-2026-003118,PO-2025-003118,2026-02-20,2026-06-02,90,12293.18,11292.21,11292.21,GBP,GBP,BANK-62300494,False,normal,14341.11,0
TXN-0003313,SUP-0044,Professional Services,INV63020260032A68,PO-2025-003268,2026-02-20,2026-04-06,45,10880.18,8627.49,8627.49,USD,USD,BANK-52259076,False,near_duplicate,8627.49,1
TXN-0003824,SUP-0097,Aircraft Components,INV-880-2026-003824,PO-2025-003824,2026-02-20,2026-03-24,30,4599.54,3925.45,3925.45,USD,USD,BANK-93475211,False,normal,3925.45,0
TXN-0003881,SUP-0027,Maintenance,INV-758-2026-003881,PO-2026-003881,2026-02-20,2026-04-28,90,7992.03,5787.9,5787.9,AED,AED,BANK-26263179,False,normal,1576.05,0
TXN-0004739,SUP-0085,Information Technology,INV-408-2026-004739,PO-2026-004739,2026-02-20,2026-04-23,45,2292.44,2220.98,2220.98,USD,USD,BANK-94093522,False,normal,2220.98,0
TXN-0005154,SUP-0148,Aircraft Components,INV-185-2026-005154,PO-2025-005154,2026-02-20,2026-04-07,30,7102.46,6443.45,6443.45,AED,AED,BANK-48887190,False,normal,1754.55,0
TXN-0005161,SUP-0141,Maintenance,INV-854-2026-005161,PO-2026-005161,2026-02-20,2026-04-12,45,20340.07,17097.24,17097.24,AED,AED,BANK-10585992,False,normal,4655.58,0
TXN-0005548,SUP-0152,Aircraft Components,INV-258-2026-005548,PO-2025-005548,2026-02-20,2026-03-12,30,7622.88,5557.0,5557.0,EUR,EUR,BANK-86228158,False,normal,6057.13,0
TXN-0000089,SUP-0002,Aircraft Components,INV-447-2026-000089,PO-2026-000089,2026-02-21,2026-03-11,30,12898.68,11300.37,11300.37,USD,USD,BANK-19696685,False,normal,11300.37,0
TXN-0000629,SUP-0032,Maintenance,INV-231-2026-000629,PO-2026-000629,2026-02-21,2026-03-21,30,40258.76,59889.99,59889.99,GBP,GBP,BANK-49158734,False,invoice_above_po,76060.29,1
TXN-0001454,SUP-0034,Information Technology,INV-461-2026-001454,PO-2025-001454,2026-02-21,2026-04-12,45,62181.28,49105.39,49105.39,USD,USD,BANK-99313799,False,normal,49105.39,0
TXN-0001584,SUP-0068,Maintenance,INV-614-2026-001584,PO-2025-001584,2026-02-21,2026-04-20,45,25647.22,19002.71,19002.71,USD,USD,BANK-26134147,False,normal,19002.71,0
TXN-0002918,SUP-0158,Aircraft Components,INV-280-2026-002918,PO-2025-002918,2026-02-21,2026-03-30,30,10699.98,10534.86,10534.86,AED,AED,BANK-32546185,False,normal,2868.64,0
TXN-0002977,SUP-0139,Facilities,INV-213-2026-002977,PO-2026-002977,2026-02-21,2026-05-15,90,1113.17,994.9,994.9,EUR,EUR,BANK-77394363,False,normal,1084.44,0
TXN-0003396,SUP-0036,Information Technology,INV-883-2026-003396,PO-2025-003396,2026-02-21,2026-04-04,30,21347.42,15422.37,15422.37,USD,USD,BANK-90250953,False,normal,15422.37,0
TXN-0003714,SUP-0039,Facilities,INV-264-2026-003714,PO-2025-003714,2026-02-21,2026-04-05,30,2539.34,2062.91,2062.91,USD,USD,BANK-90171323,False,normal,2062.91,0
TXN-0004563,SUP-0047,Professional Services,INV-827-2026-004563,PO-2026-004563,2026-02-21,2026-04-28,60,2369.28,1740.08,1740.08,USD,USD,BANK-79481118,False,normal,1740.08,0
TXN-0004807,SUP-0055,Information Technology,INV-450-2026-004807,PO-2026-004807,2026-02-21,2026-03-18,30,13004.08,11195.49,11195.49,AED,AED,BANK-44199230,False,normal,3048.53,0
TXN-0004995,SUP-0159,Aircraft Components,INV-138-2026-004995,PO-2026-004995,2026-02-21,2026-04-16,45,10798.19,8215.27,8215.27,AED,AED,BANK-81713537,False,normal,2237.02,0
TXN-0005551,SUP-0094,Aircraft Components,INV-954-2026-005551,PO-2026-005551,2026-02-21,2026-03-22,30,13391.0,11211.33,11211.33,USD,USD,BANK-20964925,False,normal,11211.33,0
TXN-0000462,SUP-0022,Information Technology,INV-669-2026-000462,PO-2025-000462,2026-02-22,2026-05-03,60,20314.61,14996.06,14996.06,USD,USD,BANK-56355141,False,normal,14996.06,0
TXN-0001072,SUP-0124,Maintenance,INV-730-2026-001072,PO-2025-001072,2026-02-22,2026-05-11,60,2719.87,2623.82,2623.82,USD,USD,BANK-96006092,False,normal,2623.82,0
TXN-0001523,SUP-0127,Professional Services,INV-922-2026-001523,PO-2026-001523,2026-02-22,2026-04-06,45,6387.6,5219.08,5219.08,USD,USD,BANK-96425599,False,normal,5219.08,0
TXN-0001631,SUP-0154,Ground Services,INV-431-2026-001631,PO-2026-001631,2026-02-22,2026-03-28,30,13887.62,12085.15,12085.15,AED,AED,BANK-69720522,False,normal,3290.79,0
TXN-0001892,SUP-0022,Aircraft Components,INV-789-2026-001892,PO-2025-001892,2026-02-22,2026-03-15,30,7733.16,5936.17,5936.17,USD,USD,BANK-56355141,False,normal,5936.17,0
TXN-0002490,SUP-0076,Maintenance,INV-292-2026-002490,PO-2025-002490,2026-02-22,2026-04-13,45,40313.75,39242.19,39242.19,USD,USD,BANK-37929130,False,normal,39242.19,0
TXN-0003802,SUP-0130,Aircraft Components,INV-284-2026-003802,PO-2025-003802,2026-02-22,2026-06-01,90,1809.29,1561.24,1561.24,AED,AED,BANK-12237354,False,normal,425.13,0
TXN-0003868,SUP-0067,Ground Services,INV-329-2026-003868,PO-2025-003868,2026-02-22,2026-05-05,60,108331.13,78883.09,78883.09,AED,AED,BANK-77206550,False,normal,21479.87,0
TXN-0004204,SUP-0116,Aircraft Components,INV-323-2026-004204,PO-2025-004204,2026-02-22,2026-04-09,60,9212.79,9044.24,9044.24,EUR,EUR,BANK-45782037,False,normal,9858.22,0
TXN-0004401,SUP-0111,Aircraft Components,INV-625-2026-004401,PO-2026-004401,2026-02-22,2026-05-27,90,24128.97,23535.03,23535.03,USD,USD,BANK-49045227,False,normal,23535.03,0
TXN-0004659,SUP-0103,Information Technology,INV-278-2026-004659,PO-2026-004659,2026-02-22,2026-03-23,30,49610.23,44581.98,44581.98,USD,USD,BANK-87788293,False,normal,44581.98,0
TXN-0005138,SUP-0140,Professional Services,INV-173-2026-005138,PO-2025-005138,2026-02-22,2026-05-08,60,7306.02,7098.59,7098.59,USD,USD,BANK-47720288,False,normal,7098.59,0
TXN-0000352,SUP-0032,Facilities,INV-549-2026-000352,PO-2025-000352,2026-02-23,2026-05-11,60,9496.78,7316.15,7316.15,GBP,GBP,BANK-49158734,False,normal,9291.51,0
TXN-0001137,SUP-0148,Ground Services,INV-249-2026-001137,PO-2026-001137,2026-02-23,2026-03-19,30,7869.76,7037.03,7037.03,AED,AED,BANK-48887190,False,normal,1916.18,0
TXN-0001170,SUP-0038,Aircraft Components,INV-168-2026-001170,PO-2025-001170,2026-02-23,2026-04-19,60,2714.23,2304.19,2304.19,AED,AED,BANK-86107842,False,normal,627.43,0
TXN-0001343,SUP-0099,Maintenance,INV-754-2026-001343,PO-2026-001343,2026-02-23,2026-05-02,60,10454.99,8177.29,8177.29,USD,USD,BANK-78956930,False,normal,8177.29,0
TXN-0003466,SUP-0036,Information Technology,INV-689-2026-003466,PO-2025-003466,2026-02-23,2026-05-05,45,29797.51,26808.87,26808.87,USD,USD,BANK-90250953,False,normal,26808.87,0
TXN-0003724,SUP-0098,Information Technology,INV-464-2026-003724,PO-2025-003724,2026-02-23,2026-03-31,45,1548.53,1402.4,1402.4,USD,USD,BANK-72483618,False,normal,1402.4,0
TXN-0003790,SUP-0124,Facilities,INV-949-2026-003790,PO-2025-003790,2026-02-23,2026-04-01,45,11474.09,10681.33,10681.33,USD,USD,BANK-96006092,False,normal,10681.33,0
TXN-0004267,SUP-0130,Maintenance,INV-367-2026-004267,PO-2026-004267,2026-02-23,2026-05-24,90,1070.1,881.67,881.67,AED,AED,BANK-12237354,False,normal,240.08,0
TXN-0004396,SUP-0160,Facilities,INV-222-2026-004396,PO-2025-004396,2026-02-23,2026-04-15,60,68749.45,55211.97,55211.97,EUR,EUR,BANK-51670701,False,normal,60181.05,0
TXN-0004453,SUP-0048,Maintenance,INV-535-2026-004453,PO-2026-004453,2026-02-23,2026-03-08,30,18320.51,16121.42,16121.42,USD,USD,BANK-40202528,False,normal,16121.42,0
TXN-0005227,SUP-0075,Information Technology,INV-848-2026-005227,PO-2026-005227,2026-02-23,2026-05-27,90,16992.2,15512.3,15512.3,USD,USD,BANK-35245775,False,normal,15512.3,0
TXN-0005324,SUP-0061,Professional Services,INV-210-2026-005324,PO-2025-005324,2026-02-23,2026-05-04,60,13323.66,9757.85,9757.85,AED,AED,BANK-12871994,False,normal,2657.06,0
TXN-0000068,SUP-0051,Maintenance,INV-718-2026-000068,PO-2025-000068,2026-02-24,2026-06-04,90,4288.5,3192.12,3192.12,USD,USD,BANK-43629195,False,normal,3192.12,0
TXN-0000072,SUP-0141,Ground Services,INV-498-2026-000072,PO-2025-000072,2026-02-24,2026-03-30,30,59824.24,57741.09,57741.09,AED,AED,BANK-10585992,False,normal,15722.9,0
TXN-0000080,SUP-0038,Information Technology,INV-933-2026-000080,PO-2025-000080,2026-02-24,2026-03-11,30,3201.39,2626.78,2626.78,AED,AED,BANK-86107842,False,normal,715.27,0
TXN-0000492,SUP-0092,Professional Services,INV-445-2026-000492,PO-2025-000492,2026-02-24,2026-04-15,45,3402.14,3101.25,3101.25,AED,AED,BANK-70989279,False,normal,844.47,0
TXN-0001089,SUP-0024,Information Technology,INV-974-2026-001089,PO-2026-001089,2026-02-24,2026-03-26,30,5434.2,4827.91,4827.91,EUR,EUR,BANK-33036857,False,normal,5262.42,0
TXN-0001125,SUP-0125,Information Technology,INV-589-2026-001125,PO-2026-001125,2026-02-24,2026-05-31,90,74206.76,71643.83,71643.83,USD,USD,BANK-56892046,False,normal,71643.83,0
TXN-0001352,SUP-0049,Information Technology,INV-524-2026-001352,PO-2025-001352,2026-02-24,2026-04-04,45,94166.5,84640.62,84640.62,AED,AED,BANK-69549513,False,normal,23047.64,0
TXN-0001416,SUP-0085,Professional Services,INV-676-2026-001416,PO-2025-001416,2026-02-24,2026-04-10,45,743.52,725.21,725.21,USD,USD,BANK-94093522,False,normal,725.21,0
TXN-0002264,SUP-0156,Maintenance,INV-370-2026-002264,PO-2025-002264,2026-02-24,2026-03-30,45,3974.58,3233.25,3233.25,AED,AED,BANK-35913857,False,normal,880.41,0
TXN-0002637,SUP-0076,Professional Services,INV-569-2026-002637,PO-2026-002637,2026-02-24,2026-04-08,45,44954.4,41674.07,41674.07,USD,USD,BANK-37929130,False,normal,41674.07,0
TXN-0003876,SUP-0126,Ground Services,INV-505-2026-003876,PO-2025-003876,2026-02-24,2026-03-17,30,12088.98,11348.66,11348.66,AED,AED,BANK-35780160,False,normal,3090.24,0
TXN-0003954,SUP-0051,Maintenance,INV-599-2026-003954,PO-2025-003954,2026-02-24,2026-04-04,30,10800.42,10067.07,10067.07,USD,USD,BANK-43629195,False,normal,10067.07,0
TXN-0004104,SUP-0048,Professional Services,INV-861-2026-004104,PO-2025-004104,2026-02-24,2026-04-05,30,28844.85,27812.02,27812.02,USD,USD,BANK-40202528,False,normal,27812.02,0
TXN-0004172,SUP-0092,Aircraft Components,INV-784-2026-004172,PO-2025-004172,2026-02-24,2026-05-08,60,13970.65,13203.88,13203.88,AED,AED,BANK-70989279,False,normal,3595.42,0
TXN-0004211,SUP-0013,Information Technology,INV-130-2026-004211,PO-2026-004211,2026-02-24,2026-03-25,30,9529.27,7702.12,7702.12,AED,AED,BANK-84681076,False,normal,2097.29,0
TXN-0000209,SUP-0015,Maintenance,INV-464-2026-000209,PO-2026-000209,2026-02-25,2026-04-23,45,53189.84,46615.87,46615.87,USD,USD,BANK-82742631,False,normal,46615.87,0
TXN-0000212,SUP-0095,Professional Services,INV-537-2026-000212,PO-2025-000212,2026-02-25,2026-04-03,45,4783.9,3610.77,3610.77,USD,USD,BANK-36688168,False,normal,3610.77,0
TXN-0000404,SUP-0044,Professional Services,INV-628-2026-000404,PO-2025-000404,2026-02-25,2026-03-25,45,15900.07,13250.9,13250.9,USD,USD,BANK-52259076,False,normal,13250.9,0
TXN-0000675,SUP-0094,Facilities,INV-688-2026-000675,PO-2026-000675,2026-02-25,2026-04-03,30,7124.85,6555.71,6555.71,USD,USD,BANK-20964925,False,normal,6555.71,0
TXN-0001222,SUP-0147,Information Technology,INV-203-2026-001222,PO-2025-001222,2026-02-25,2026-03-26,45,10183.84,7861.22,7861.22,USD,USD,BANK-82392481,False,normal,7861.22,0
TXN-0001545,SUP-0089,Ground Services,INV-171-2026-001545,PO-2026-001545,2026-02-25,2026-04-06,45,4496.28,3343.32,3343.32,USD,USD,BANK-35136775,False,normal,3343.32,0
TXN-0001707,SUP-0046,Aircraft Components,INV-136-2026-001707,PO-2026-001707,2026-02-25,2026-04-10,60,6637.86,5366.17,5366.17,EUR,EUR,BANK-11990275,False,normal,5849.13,0
TXN-0003233,SUP-0110,Aircraft Components,INV-582-2026-003233,PO-2026-003233,2026-02-25,2026-04-24,45,4255.02,4169.2,4169.2,EUR,EUR,BANK-21795197,False,normal,4544.43,0
TXN-0004042,SUP-0015,Professional Services,INV-225-2026-004042,PO-2025-004042,2026-02-25,2026-04-12,60,23597.6,22233.18,22233.18,USD,USD,BANK-82742631,False,normal,22233.18,0
TXN-0004474,SUP-0152,Ground Services,INV-300-2026-004474,PO-2025-004474,2026-02-25,2026-04-02,30,50458.54,40453.04,40453.04,EUR,EUR,BANK-86228158,False,normal,44093.81,0
TXN-0005099,SUP-0074,Maintenance,INV-143-2026-005099,PO-2026-005099,2026-02-25,2026-03-18,30,86365.08,79415.85,79415.85,USD,USD,BANK-27679119,False,normal,79415.85,0
TXN-0000088,SUP-0008,Facilities,INV-217-2026-000088,PO-2025-000088,2026-02-26,2026-03-25,30,2249.51,2144.1,2144.1,EUR,EUR,BANK-22713593,False,normal,2337.07,0
TXN-0000485,SUP-0048,Professional Services,INV-717-2026-000485,PO-2026-000485,2026-02-26,2026-04-22,60,36422.09,30228.06,30228.06,USD,USD,BANK-40202528,False,normal,30228.06,0
TXN-0001427,SUP-0001,Facilities,INV-603-2026-001427,PO-2026-001427,2026-02-26,2026-04-12,60,5833.98,5684.21,5684.21,EUR,EUR,BANK-38861149,False,normal,6195.79,0
TXN-0001566,SUP-0049,Facilities,INV-148-2026-001566,PO-2025-001566,2026-02-26,2026-03-24,30,42399.16,31877.08,31877.08,AED,AED,BANK-69549513,False,normal,8680.13,0
TXN-0002349,SUP-0063,Facilities,INV-446-2026-002349,PO-2026-002349,2026-02-26,2026-04-04,30,2684.18,2548.79,2548.79,AED,AED,BANK-16087857,False,normal,694.04,0
TXN-0003115,SUP-0072,Aircraft Components,INV-314-2026-003115,PO-2026-003115,2026-02-26,2026-04-06,30,5545.3,4769.61,4769.61,USD,USD,BANK-88710582,False,normal,4769.61,0
TXN-0003184,SUP-0035,Maintenance,INV-811-2026-003184,PO-2025-003184,2026-02-26,2026-03-31,45,3556.95,3422.68,3422.68,AED,AED,BANK-23638594,False,normal,932.0,0
TXN-0003441,SUP-0081,Facilities,INV-347-2026-003441,PO-2026-003441,2026-02-26,2026-04-29,60,12661.34,10968.95,10968.95,AED,AED,BANK-54937628,False,normal,2986.85,0
TXN-0003626,SUP-0077,Professional Services,INV-940-2026-003626,PO-2025-003626,2026-02-26,2026-04-09,45,2604.74,2452.64,2452.64,USD,USD,BANK-99822506,False,normal,2452.64,0
TXN-0004277,SUP-0016,Aircraft Components,INV-396-2026-004277,PO-2026-004277,2026-02-26,2026-04-30,60,18661.8,16695.92,16695.92,USD,USD,BANK-96689067,False,normal,16695.92,0
TXN-0004505,SUP-0104,Aircraft Components,INV-823-2026-004505,PO-2026-004505,2026-02-26,2026-03-31,30,52237.57,50250.24,50250.24,GBP,GBP,BANK-82371206,False,normal,63817.8,0
TXN-0004697,SUP-0102,Information Technology,INV-981-2026-004697,PO-2026-004697,2026-02-26,2026-04-18,45,19962.61,15258.41,15258.41,AED,AED,BANK-27979808,False,normal,4154.87,0
TXN-0004731,SUP-0126,Ground Services,INV-647-2026-004731,PO-2026-004731,2026-02-26,2026-04-16,60,8193.79,6481.9,6481.9,AED,AED,BANK-35780160,False,normal,1765.02,0
TXN-0004984,SUP-0044,Ground Services,INV-645-2026-004984,PO-2025-004984,2026-02-26,2026-03-29,30,3354.61,2976.92,2976.92,USD,USD,BANK-52259076,False,normal,2976.92,0
TXN-0005218,SUP-0070,Aircraft Components,INV-426-2026-005218,PO-2025-005218,2026-02-26,2026-05-26,90,10799.51,10567.38,10567.38,USD,USD,BANK-63944450,False,normal,10567.38,0
TXN-0000324,SUP-0160,Ground Services,INV-295-2026-000324,PO-2025-000324,2026-02-27,2026-05-15,60,9058.57,8212.08,8212.08,EUR,EUR,BANK-51670701,False,normal,8951.17,0
TXN-0001172,SUP-0140,Aircraft Components,INV-764-2026-001172,PO-2025-001172,2026-02-27,2026-04-10,60,3028.48,2387.65,2387.65,USD,USD,BANK-47720288,False,normal,2387.65,0
TXN-0001325,SUP-0040,Aircraft Components,INV-393-2026-001325,PO-2026-001325,2026-02-27,2026-04-13,45,35068.7,26119.07,26119.07,AED,AED,BANK-30107614,False,normal,7112.22,0
TXN-0003528,SUP-0079,Information Technology,INV-859-2026-003528,PO-2025-003528,2026-02-27,2026-04-25,60,2871.84,2169.12,2169.12,AED,AED,BANK-38837550,False,normal,590.65,0
TXN-0003705,SUP-0069,Information Technology,INV-927-2026-003705,PO-2026-003705,2026-02-27,2026-03-30,30,17079.28,14953.54,14953.54,USD,USD,BANK-43048809,False,normal,14953.54,0
TXN-0003734,SUP-0027,Information Technology,INV-164-2026-003734,PO-2025-003734,2026-02-27,2026-03-26,30,41254.28,39024.66,39024.66,AED,AED,BANK-26263179,False,normal,10626.41,0
TXN-0003738,SUP-0086,Maintenance,INV-133-2026-003738,PO-2025-003738,2026-02-27,2026-04-17,60,1481.11,1313.8,1313.8,USD,USD,BANK-11254265,False,normal,1313.8,0
TXN-0004117,SUP-0051,Ground Services,INV-224-2026-004117,PO-2026-004117,2026-02-27,2026-03-29,30,16886.16,15392.54,15392.54,USD,USD,BANK-43629195,False,normal,15392.54,0
TXN-0004741,SUP-0050,Maintenance,INV-126-2026-004741,PO-2026-004741,2026-02-27,2026-03-19,30,18815.4,14933.09,14933.09,USD,USD,BANK-46919792,False,normal,14933.09,0
TXN-0005221,SUP-0066,Ground Services,INV-565-2026-005221,PO-2026-005221,2026-02-27,2026-03-30,45,7229.16,6405.71,6405.71,AED,AED,BANK-23795588,False,normal,1744.27,0
TXN-0005257,SUP-0143,Ground Services,INV-585-2026-005257,PO-2026-005257,2026-02-27,2026-03-25,30,13592.64,13050.61,13050.61,GBP,GBP,BANK-24937333,False,normal,16574.27,0
TXN-0005267,SUP-0020,Facilities,INV-628-2026-005267,PO-2026-005267,2026-02-27,2026-04-01,30,29076.27,22945.06,22945.06,AED,AED,BANK-36182605,False,normal,6247.94,0
TXN-0000095,SUP-0015,Professional Services,INV-589-2026-000095,PO-2026-000095,2026-02-28,2026-05-08,60,10820.51,9921.67,9921.67,USD,USD,BANK-82742631,False,normal,9921.67,0
TXN-0000192,SUP-0014,Aircraft Components,INV-285-2026-000192,PO-2025-000192,2026-02-28,2026-04-03,45,9592.15,9294.6,9294.6,EUR,EUR,BANK-51403053,False,normal,10131.11,0
TXN-0000193,SUP-0084,Facilities,INV-850-2026-000193,PO-2026-000193,2026-02-28,2026-04-08,60,5079.19,4626.35,4626.35,USD,USD,BANK-22950775,False,normal,4626.35,0
TXN-0000496,SUP-0113,Maintenance,INV-761-2026-000496,PO-2025-000496,2026-02-28,2026-04-29,60,63012.8,47788.9,47788.9,USD,USD,BANK-61055398,False,normal,47788.9,0
TXN-0000520,SUP-0148,Aircraft Components,INV-201-2026-000520,PO-2025-000520,2026-02-28,2026-03-24,30,34275.19,27809.96,27809.96,AED,AED,BANK-48887190,False,normal,7572.65,0
TXN-0000543,SUP-0091,Maintenance,INV-421-2026-000543,PO-2026-000543,2026-02-28,2026-03-30,30,2359.87,2237.8,2237.8,USD,USD,BANK-11616527,False,normal,2237.8,0
TXN-0001152,SUP-0100,Information Technology,INV-848-2026-001152,PO-2025-001152,2026-02-28,2026-05-02,60,42291.38,33439.83,33439.83,GBP,GBP,BANK-62300494,False,normal,42468.58,0
TXN-0001512,SUP-0159,Professional Services,INV-376-2026-001512,PO-2025-001512,2026-02-28,2026-03-27,30,4153.83,3594.95,3594.95,AED,AED,BANK-81713537,False,normal,978.9,0
TXN-0001964,SUP-0028,Ground Services,INV-554-2026-001964,PO-2025-001964,2026-02-28,2026-04-21,45,1237.2,1155.24,1155.24,USD,USD,BANK-24814703,False,normal,1155.24,0
TXN-0003017,SUP-0050,Ground Services,INV-952-2026-003017,PO-2026-003017,2026-02-28,2026-04-13,45,6308.11,4828.78,4828.78,USD,USD,BANK-46919792,False,normal,4828.78,0
TXN-0003279,SUP-0067,Professional Services,INV-629-2026-003279,PO-2026-003279,2026-02-28,2026-04-27,60,16377.23,13783.85,13783.85,AED,AED,BANK-77206550,False,normal,3753.34,0
TXN-0003570,SUP-0061,Aircraft Components,INV-888-2026-003570,PO-2025-003570,2026-02-28,2026-04-24,60,50085.52,39783.67,39783.67,AED,AED,BANK-12871994,False,normal,10833.09,0
TXN-0003931,SUP-0076,Information Technology,INV-737-2026-003931,PO-2026-003931,2026-02-28,2026-04-29,60,7905.83,5874.82,5874.82,USD,USD,BANK-37929130,False,normal,5874.82,0
TXN-0004588,SUP-0126,Ground Services,INV-524-2026-004588,PO-2025-004588,2026-02-28,2026-04-23,60,6293.26,4561.27,4561.27,AED,AED,BANK-35780160,False,normal,1242.03,0
TXN-0005485,SUP-0120,Professional Services,INV-225-2026-005485,PO-2026-005485,2026-02-28,2026-04-04,30,39614.29,34346.16,34346.16,AED,AED,BANK-53972563,False,normal,9352.46,0
TXN-0000140,SUP-0038,Aircraft Components,INV-594-2026-000140,PO-2025-000140,2026-03-01,2026-04-09,30,2242.38,1912.88,1912.88,AED,AED,BANK-86107842,False,normal,520.88,0
TXN-0000327,SUP-0110,Facilities,INV-899-2026-000327,PO-2026-000327,2026-03-01,2026-04-11,30,13137.45,10308.0,10308.0,EUR,EUR,BANK-21795197,False,normal,11235.72,0
TXN-0000604,SUP-0023,Maintenance,INV-313-2026-000604,PO-2025-000604,2026-03-01,2026-04-10,30,2221.46,1641.83,1641.83,GBP,GBP,BANK-91497896,False,normal,2085.12,0
TXN-0000822,SUP-0039,Maintenance,INV-962-2026-000822,PO-2025-000822,2026-03-01,2026-03-28,30,37865.98,28839.71,28839.71,USD,USD,BANK-90171323,False,normal,28839.71,0
TXN-0001433,SUP-0073,Information Technology,INV-395-2026-001433,PO-2026-001433,2026-03-01,2026-04-29,60,11444.69,11333.21,11333.21,EUR,EUR,BANK-14030635,False,normal,12353.2,0
TXN-0002450,SUP-0037,Maintenance,INV-671-2026-002450,PO-2025-002450,2026-03-01,2026-04-09,45,18419.95,15396.4,15396.4,USD,USD,BANK-18183594,False,normal,15396.4,0
TXN-0002553,SUP-0046,Facilities,INV-204-2026-002553,PO-2026-002553,2026-03-01,2026-04-05,30,23180.03,19287.65,19287.65,EUR,EUR,BANK-11990275,False,normal,21023.54,0
TXN-0002600,SUP-0058,Maintenance,INV-910-2026-002600,PO-2025-002600,2026-03-01,2026-04-25,60,2747.01,2149.38,2149.38,AED,AED,BANK-94313182,False,normal,585.28,0
TXN-0002897,SUP-0154,Ground Services,INV-326-2026-002897,PO-2026-002897,2026-03-01,2026-04-24,45,19898.84,16441.16,16441.16,AED,AED,BANK-69720522,False,normal,4476.93,0
TXN-0003206,SUP-0101,Maintenance,INV-584-2026-003206,PO-2025-003206,2026-03-01,2026-03-02,45,5197.74,4058.18,4058.18,EUR,EUR,BANK-47533220,False,rapid_payment,4423.42,1
TXN-0003721,SUP-0146,Maintenance,INV-231-2026-003721,PO-2026-003721,2026-03-01,2026-04-09,45,14166.71,14024.9,14024.9,USD,USD,BANK-76449297,False,normal,14024.9,0
TXN-0003979,SUP-0072,Maintenance,INV-136-2026-003979,PO-2026-003979,2026-03-01,2026-04-12,45,19577.94,19467.93,19467.93,USD,USD,BANK-88710582,False,normal,19467.93,0
TXN-0004000,SUP-0060,Maintenance,INV-324-2026-004000,PO-2025-004000,2026-03-01,2026-04-05,30,6343.17,5507.93,5507.93,USD,USD,BANK-31687351,False,normal,5507.93,0
TXN-0004307,SUP-0156,Aircraft Components,INV-144-2026-004307,PO-2026-004307,2026-03-01,2026-03-16,30,48741.46,45490.5,45490.5,AED,AED,BANK-35913857,False,normal,12387.06,0
TXN-0004551,SUP-0147,Ground Services,INV-992-2026-004551,PO-2026-004551,2026-03-01,2026-04-14,45,19314.25,16763.32,16763.32,USD,USD,BANK-82392481,False,normal,16763.32,0
TXN-0005433,SUP-0109,Professional Services,INV-183-2026-005433,PO-2026-005433,2026-03-01,2026-05-03,60,13871.05,11224.46,11224.46,USD,USD,BANK-84335845,False,normal,11224.46,0
TXN-0005516,SUP-0133,Professional Services,INV-350-2026-005516,PO-2025-005516,2026-03-01,2026-04-01,30,46488.57,45235.39,45235.39,AED,AED,BANK-23338758,False,normal,12317.6,0
TXN-0000330,SUP-0134,Aircraft Components,INV-578-2026-000330,PO-2025-000330,2026-03-02,2026-04-13,45,5200.84,4291.34,4291.34,USD,USD,BANK-67057759,False,normal,4291.34,0
TXN-0000701,SUP-0023,Aircraft Components,INV-847-2026-000701,PO-2026-000701,2026-03-02,2026-04-15,30,1394.66,1364.88,1364.88,GBP,GBP,BANK-91497896,False,normal,1733.4,0
TXN-0000842,SUP-0014,Aircraft Components,INV-874-2026-000842,PO-2025-000842,2026-03-02,2026-04-16,30,11199.83,8142.31,8142.31,EUR,EUR,BANK-51403053,False,normal,8875.12,0
TXN-0000959,SUP-0023,Professional Services,INV-111-2026-000959,PO-2026-000959,2026-03-02,2026-04-14,45,2316.14,2210.74,2210.74,GBP,GBP,BANK-91497896,False,normal,2807.64,0
TXN-0001171,SUP-0136,Information Technology,INV-578-2026-001171,PO-2026-001171,2026-03-02,2026-03-27,30,36923.21,35270.58,35270.58,USD,USD,BANK-19530766,False,normal,35270.58,0
TXN-0001192,SUP-0068,Aircraft Components,INV-312-2026-001192,PO-2025-001192,2026-03-02,2026-04-13,45,5654.09,4876.61,4876.61,USD,USD,BANK-26134147,False,normal,4876.61,0
TXN-0001316,SUP-0075,Professional Services,INV-566-2026-001316,PO-2025-001316,2026-03-02,2026-03-30,30,3483.84,2749.69,2749.69,USD,USD,BANK-35245775,False,normal,2749.69,0
TXN-0002335,SUP-0087,Aircraft Components,INV-314-2026-002335,PO-2026-002335,2026-03-02,2026-03-03,30,14638.94,10581.43,10581.43,AED,AED,BANK-25685067,False,normal,2881.32,0
TXN-0002530,SUP-0074,Professional Services,INV-896-2026-002530,PO-2025-002530,2026-03-02,2026-04-18,45,78218.75,67245.91,67245.91,USD,USD,BANK-27679119,False,normal,67245.91,0
TXN-0003103,SUP-0105,Professional Services,INV-859-2026-003103,PO-2026-003103,2026-03-02,2026-04-14,45,4858.97,4627.65,4627.65,EUR,EUR,BANK-12259119,False,normal,5044.14,0
TXN-0004140,SUP-0139,Facilities,INV21320260029A77,PO-2026-002977,2026-03-02,2026-05-31,90,1113.17,994.9,994.9,EUR,EUR,BANK-77394363,False,near_duplicate,1084.44,1
TXN-0004578,SUP-0103,Professional Services,INV-119-2026-004578,PO-2025-004578,2026-03-02,2026-04-24,60,4325.88,4202.88,4202.88,USD,USD,BANK-87788293,False,normal,4202.88,0
TXN-0004931,SUP-0057,Professional Services,INV-191-2026-004931,PO-2026-004931,2026-03-02,2026-04-06,45,60437.76,59192.16,59192.16,USD,USD,BANK-10477636,False,normal,59192.16,0
TXN-0005054,SUP-0159,Information Technology,INV-656-2026-005054,PO-2025-005054,2026-03-02,2026-04-26,60,5227.75,4235.49,4235.49,AED,AED,BANK-81713537,False,normal,1153.32,0
TXN-0000220,SUP-0091,Information Technology,INV-349-2026-000220,PO-2025-000220,2026-03-03,2026-04-06,30,9181.47,8145.8,8145.8,USD,USD,BANK-11616527,False,normal,8145.8,0
TXN-0000437,SUP-0072,Information Technology,INV-691-2026-000437,PO-2026-000437,2026-03-03,2026-04-19,45,500.0,425.47,425.47,USD,USD,BANK-88710582,False,normal,425.47,0
TXN-0000713,SUP-0129,Maintenance,INV-606-2026-000713,PO-2026-000713,2026-03-03,2026-05-15,60,2016.19,1499.48,1499.48,USD,USD,BANK-54924829,False,normal,1499.48,0
TXN-0001661,SUP-0029,Aircraft Components,INV-160-2026-001661,PO-2026-001661,2026-03-03,2026-03-30,30,4761.64,4692.51,4692.51,USD,USD,BANK-57984114,False,normal,4692.51,0
TXN-0001976,SUP-0035,Information Technology,INV-962-2026-001976,PO-2025-001976,2026-03-03,2026-04-03,45,7632.6,6006.76,6006.76,AED,AED,BANK-23638594,False,normal,1635.64,0
TXN-0002132,SUP-0009,Aircraft Components,INV-309-2026-002132,PO-2025-002132,2026-03-03,2026-04-23,60,20127.33,19889.34,19889.34,USD,USD,BANK-59936721,False,normal,19889.34,0
TXN-0003030,SUP-0156,Aircraft Components,INV-922-2026-003030,PO-2025-003030,2026-03-03,2026-04-01,30,20841.92,18971.46,18971.46,AED,AED,BANK-35913857,False,normal,5165.93,0
TXN-0003045,SUP-0061,Maintenance,INV-559-2026-003045,PO-2026-003045,2026-03-03,2026-04-07,30,1349.99,1193.75,1193.75,AED,AED,BANK-12871994,False,normal,325.06,0
TXN-0003216,SUP-0037,Maintenance,INV-658-2026-003216,PO-2025-003216,2026-03-03,2026-04-02,30,57531.52,47168.2,47168.2,USD,USD,BANK-18183594,False,normal,47168.2,0
TXN-0003252,SUP-0085,Professional Services,INV-319-2026-003252,PO-2025-003252,2026-03-03,2026-04-25,60,59100.24,47210.19,47210.19,USD,USD,BANK-94093522,False,normal,47210.19,0
TXN-0003620,SUP-0073,Professional Services,INV-991-2026-003620,PO-2025-003620,2026-03-03,2026-03-20,30,2537.67,2214.07,2214.07,EUR,EUR,BANK-14030635,False,normal,2413.34,0
TXN-0004198,SUP-0012,Maintenance,INV-194-2026-004198,PO-2025-004198,2026-03-03,2026-04-09,30,63197.71,60094.64,60094.64,GBP,GBP,BANK-37895989,False,normal,76320.19,0
TXN-0004531,SUP-0009,Aircraft Components,INV-615-2026-004531,PO-2026-004531,2026-03-03,2026-04-01,45,41152.97,58781.16,58781.16,USD,USD,BANK-59936721,False,invoice_above_po,58781.16,1
TXN-0004974,SUP-0143,Ground Services,INV-460-2026-004974,PO-2025-004974,2026-03-03,2026-05-18,60,2525.45,2283.23,2283.23,GBP,GBP,BANK-24937333,False,normal,2899.7,0
TXN-0005289,SUP-0079,Aircraft Components,INV-860-2026-005289,PO-2026-005289,2026-03-03,2026-04-17,45,17470.43,14250.11,14250.11,AED,AED,BANK-38837550,False,normal,3880.3,0
TXN-0000213,SUP-0009,Aircraft Components,INV-731-2026-000213,PO-2026-000213,2026-03-04,2026-03-19,30,22982.87,19184.62,19184.62,USD,USD,BANK-59936721,False,normal,19184.62,0
TXN-0000350,SUP-0125,Aircraft Components,INV-790-2026-000350,PO-2025-000350,2026-03-04,2026-04-05,30,5443.21,4366.66,4366.66,USD,USD,BANK-56892046,False,normal,4366.66,0
TXN-0000941,SUP-0108,Maintenance,INV-615-2026-000941,PO-2026-000941,2026-03-04,2026-04-06,45,21468.34,16837.05,16837.05,USD,USD,BANK-76508559,False,normal,16837.05,0
TXN-0001993,SUP-0013,Facilities,INV-293-2026-001993,PO-2026-001993,2026-03-04,2026-04-16,30,49231.91,38871.01,38871.01,AED,AED,BANK-84681076,False,normal,10584.58,0
TXN-0002468,SUP-0023,Maintenance,INV-313-2026-000604,PO-2025-000604,2026-03-04,2026-04-03,30,2221.46,1641.83,1641.83,GBP,GBP,BANK-91497896,False,exact_duplicate,2085.12,1
TXN-0002651,SUP-0093,Professional Services,INV-611-2026-002651,PO-2026-002651,2026-03-04,2026-04-06,30,8124.55,5993.41,5993.41,USD,USD,BANK-97237891,False,normal,5993.41,0
TXN-0002673,SUP-0107,Professional Services,INV-453-2026-002673,PO-2026-002673,2026-03-04,2026-05-11,60,11781.06,8667.55,8667.55,USD,USD,BANK-17594929,False,normal,8667.55,0
TXN-0002750,SUP-0092,Aircraft Components,INV-397-2026-002750,PO-2025-002750,2026-03-04,2026-05-02,60,1876.89,1405.8,1405.8,AED,AED,BANK-70989279,False,normal,382.8,0
TXN-0003245,SUP-0116,Maintenance,INV-495-2026-003245,PO-2026-003245,2026-03-04,2026-04-20,60,26278.86,19221.09,19221.09,EUR,EUR,BANK-45782037,False,normal,20950.99,0
TXN-0003448,SUP-0117,Ground Services,INV-650-2026-003448,PO-2025-003448,2026-03-04,2026-04-08,30,6836.67,4937.02,4937.02,EUR,EUR,BANK-97580845,False,normal,5381.35,0
TXN-0003655,SUP-0117,Ground Services,INV-803-2026-003655,PO-2026-003655,2026-03-04,2026-05-05,60,12582.54,10035.97,10035.97,EUR,EUR,BANK-97580845,False,normal,10939.21,0
TXN-0003922,SUP-0030,Information Technology,INV-546-2026-003922,PO-2025-003922,2026-03-04,2026-04-27,60,10499.8,8378.45,8378.45,AED,AED,BANK-14041955,False,normal,2281.45,0
TXN-0000104,SUP-0135,Ground Services,INV-232-2026-000104,PO-2025-000104,2026-03-05,2026-04-15,30,1846.83,1662.46,1662.46,AED,AED,BANK-85671420,False,normal,452.69,0
TXN-0000725,SUP-0100,Ground Services,INV-618-2026-000725,PO-2026-000725,2026-03-05,2026-03-23,30,4124.53,3667.64,3667.64,GBP,GBP,BANK-62300494,False,normal,4657.9,0
TXN-0000875,SUP-0014,Ground Services,INV-836-2026-000875,PO-2026-000875,2026-03-05,2026-04-28,45,16944.73,15695.96,15695.96,EUR,EUR,BANK-51403053,False,normal,17108.6,0
TXN-0001178,SUP-0089,Aircraft Components,INV-488-2026-001178,PO-2025-001178,2026-03-05,2026-05-17,60,2270.98,1901.86,1901.86,USD,USD,BANK-35136775,False,normal,1901.86,0
TXN-0002206,SUP-0098,Professional Services,INV-299-2026-002206,PO-2025-002206,2026-03-05,2026-04-27,45,17927.23,14918.56,14918.56,USD,USD,BANK-72483618,False,normal,14918.56,0
TXN-0002376,SUP-0149,Maintenance,INV-393-2026-002376,PO-2025-002376,2026-03-05,2026-06-01,60,2458.92,2307.31,2307.31,USD,USD,BANK-52064343,False,normal,2307.31,0
TXN-0002572,SUP-0024,Maintenance,INV-872-2026-002572,PO-2025-002572,2026-03-05,2026-04-06,30,10785.79,10378.66,10378.66,EUR,EUR,BANK-33036857,False,normal,11312.74,0
TXN-0005196,SUP-0126,Maintenance,INV-419-2026-005196,PO-2025-005196,2026-03-05,2026-04-10,30,6594.38,5537.05,5537.05,AED,AED,BANK-35780160,False,normal,1507.74,0
TXN-0001145,SUP-0092,Aircraft Components,INV-119-2026-001145,PO-2026-001145,2026-03-06,2026-03-06,45,46180.69,40819.42,40819.42,AED,AED,BANK-70989279,False,rapid_payment,11115.13,1
TXN-0003680,SUP-0109,Aircraft Components,INV-865-2026-003680,PO-2025-003680,2026-03-06,2026-04-29,60,7542.01,7011.81,7011.81,USD,USD,BANK-84335845,False,normal,7011.81,0
TXN-0004058,SUP-0098,Maintenance,INV-349-2026-004058,PO-2025-004058,2026-03-06,2026-06-04,90,60451.42,58896.79,58896.79,USD,USD,BANK-72483618,False,normal,58896.79,0
TXN-0004254,SUP-0084,Aircraft Components,INV-618-2026-004254,PO-2025-004254,2026-03-06,2026-04-10,30,25064.94,19411.3,19411.3,USD,USD,BANK-22950775,False,normal,19411.3,0
TXN-0005067,SUP-0105,Maintenance,INV-712-2026-005067,PO-2026-005067,2026-03-06,2026-04-06,30,20264.45,16383.93,16383.93,EUR,EUR,BANK-12259119,False,normal,17858.48,0
TXN-0000248,SUP-0124,Ground Services,INV-295-2026-000248,PO-2025-000248,2026-03-07,2026-05-03,60,12010.72,11343.72,11343.72,USD,USD,BANK-96006092,False,normal,11343.72,0
TXN-0000270,SUP-0071,Ground Services,INV-506-2026-000270,PO-2025-000270,2026-03-07,2026-03-22,30,6764.79,6312.36,6312.36,USD,USD,BANK-74793410,False,normal,6312.36,0
TXN-0000412,SUP-0009,Professional Services,INV-815-2026-000412,PO-2025-000412,2026-03-07,2026-04-24,30,23711.63,22605.83,22605.83,USD,USD,BANK-59936721,False,normal,22605.83,0
TXN-0001179,SUP-0085,Maintenance,INV-187-2026-001179,PO-2026-001179,2026-03-07,2026-04-26,60,26332.14,22542.66,22542.66,USD,USD,BANK-94093522,False,normal,22542.66,0
TXN-0002510,SUP-0101,Aircraft Components,INV-287-2026-002510,PO-2025-002510,2026-03-07,2026-05-19,60,3018.91,2504.15,2504.15,EUR,EUR,BANK-47533220,False,normal,2729.52,0
TXN-0002835,SUP-0014,Ground Services,INV-769-2026-002835,PO-2026-002835,2026-03-07,2026-04-13,45,2363.31,1963.07,1963.07,EUR,EUR,BANK-51403053,False,normal,2139.75,0
TXN-0004055,SUP-0096,Maintenance,INV-404-2026-004055,PO-2026-004055,2026-03-07,2026-03-30,30,9847.13,9764.65,9764.65,AED,AED,BANK-55569693,False,normal,2658.91,0
TXN-0004643,SUP-0109,Information Technology,INV-647-2026-004643,PO-2026-004643,2026-03-07,2026-04-13,30,12751.35,12128.31,12128.31,USD,USD,BANK-84335845,False,normal,12128.31,0
TXN-0002142,SUP-0001,Professional Services,INV-242-2026-002142,PO-2025-002142,2026-03-08,2026-06-01,90,1292.55,962.77,962.77,EUR,EUR,BANK-38861149,False,normal,1049.42,0
TXN-0002179,SUP-0035,Aircraft Components,INV-884-2026-002179,PO-2026-002179,2026-03-08,2026-05-04,60,10187.62,7420.83,7420.83,AED,AED,BANK-23638594,False,normal,2020.69,0
TXN-0002577,SUP-0062,Information Technology,INV-232-2026-002577,PO-2026-002577,2026-03-08,2026-05-02,60,1406.0,1076.25,1076.25,AED,AED,BANK-21048213,False,normal,293.06,0
TXN-0004412,SUP-0094,Information Technology,INV-241-2026-004412,PO-2025-004412,2026-03-08,2026-05-12,60,12836.53,11771.76,11771.76,USD,USD,BANK-20964925,False,normal,11771.76,0
TXN-0004723,SUP-0079,Ground Services,INV-497-2026-004723,PO-2026-004723,2026-03-08,2026-04-27,45,4041.64,3099.7,3099.7,AED,AED,BANK-38837550,False,normal,844.05,0
TXN-0004928,SUP-0143,Aircraft Components,INV-541-2026-004928,PO-2025-004928,2026-03-08,2026-05-17,45,21205.56,17143.07,17143.07,GBP,GBP,BANK-24937333,False,normal,21771.7,0
TXN-0005225,SUP-0044,Professional Services,INV-694-2026-005225,PO-2026-005225,2026-03-08,2026-04-16,45,4073.7,3148.25,3148.25,USD,USD,BANK-52259076,False,normal,3148.25,0
TXN-0000479,SUP-0152,Aircraft Components,INV-453-2026-000479,PO-2026-000479,2026-03-09,2026-05-06,60,14388.2,13237.54,13237.54,EUR,EUR,BANK-86228158,False,normal,14428.92,0
TXN-0001620,SUP-0045,Aircraft Components,INV-846-2026-001620,PO-2025-001620,2026-03-09,2026-06-24,90,12734.4,11551.17,11551.17,EUR,EUR,BANK-38433614,False,normal,12590.78,0
TXN-0002018,SUP-0018,Aircraft Components,INV-749-2026-002018,PO-2025-002018,2026-03-09,2026-04-15,45,8689.78,7150.4,7150.4,USD,USD,BANK-95760944,False,normal,7150.4,0
TXN-0002862,SUP-0021,Facilities,INV-214-2026-002862,PO-2025-002862,2026-03-09,2026-04-24,45,3153.26,2833.96,2833.96,EUR,EUR,BANK-65967398,False,normal,3089.02,0
TXN-0004252,SUP-0059,Facilities,INV-413-2026-004252,PO-2025-004252,2026-03-09,2026-05-08,60,7139.75,5427.82,5427.82,USD,USD,BANK-95295830,False,normal,5427.82,0
TXN-0004761,SUP-0094,Maintenance,INV-785-2026-004761,PO-2026-004761,2026-03-09,2026-03-10,45,2333.71,2206.06,2206.06,USD,USD,BANK-20964925,False,rapid_payment,2206.06,1
TXN-0005419,SUP-0031,Ground Services,INV-965-2026-005419,PO-2026-005419,2026-03-09,2026-04-05,30,3390.91,2480.17,2480.17,EUR,EUR,BANK-36891816,False,normal,2703.39,0
TXN-0005450,SUP-0046,Facilities,INV-270-2026-005450,PO-2025-005450,2026-03-09,2026-04-17,30,9242.13,8034.94,8034.94,EUR,EUR,BANK-11990275,False,normal,8758.08,0
TXN-0000156,SUP-0147,Facilities,INV-602-2026-000156,PO-2025-000156,2026-03-10,2026-04-12,30,36137.79,35567.53,35567.53,USD,USD,BANK-82392481,False,normal,35567.53,0
TXN-0000219,SUP-0021,Aircraft Components,INV-549-2026-000219,PO-2026-000219,2026-03-10,2026-04-13,30,8742.14,6414.25,6414.25,EUR,EUR,BANK-65967398,False,normal,6991.53,0
TXN-0000295,SUP-0141,Maintenance,INV-345-2026-000295,PO-2026-000295,2026-03-10,2026-04-04,30,7412.37,6390.18,6390.18,AED,AED,BANK-10585992,False,normal,1740.05,0
TXN-0001299,SUP-0117,Information Technology,INV-782-2026-001299,PO-2026-001299,2026-03-10,2026-04-07,30,5135.68,3884.07,3884.07,EUR,EUR,BANK-97580845,False,normal,4233.64,0
TXN-0002204,SUP-0158,Aircraft Components,INV-971-2026-002204,PO-2025-002204,2026-03-10,2026-05-26,60,8618.42,8450.36,8450.36,AED,AED,BANK-32546185,False,normal,2301.03,0
TXN-0003156,SUP-0149,Facilities,INV-721-2026-003156,PO-2025-003156,2026-03-10,2026-05-05,60,2837.18,2259.15,2259.15,USD,USD,BANK-52064343,False,normal,2259.15,0
TXN-0003711,SUP-0089,Information Technology,INV-991-2026-003711,PO-2026-003711,2026-03-10,2026-04-21,45,10748.98,8932.57,8932.57,USD,USD,BANK-35136775,False,normal,8932.57,0
TXN-0003904,SUP-0096,Ground Services,INV-759-2026-003904,PO-2025-003904,2026-03-10,2026-04-30,45,27914.02,24428.69,24428.69,AED,AED,BANK-55569693,False,normal,6651.93,0
TXN-0004317,SUP-0036,Information Technology,INV-330-2026-004317,PO-2026-004317,2026-03-10,2026-04-03,30,986.63,925.49,925.49,USD,USD,BANK-90250953,False,normal,925.49,0
TXN-0004552,SUP-0088,Facilities,INV-126-2026-004552,PO-2025-004552,2026-03-10,2026-04-30,45,131849.91,159218.14,159218.14,AED,AED,BANK-30669042,False,invoice_above_po,43355.1,1
TXN-0004716,SUP-0066,Information Technology,INV-649-2026-004716,PO-2025-004716,2026-03-10,2026-06-23,90,38978.39,31499.64,31499.64,AED,AED,BANK-23795588,False,normal,8577.35,0
TXN-0001389,SUP-0066,Professional Services,INV-525-2026-001389,PO-2026-001389,2026-03-11,2026-03-15,30,942.76,762.96,762.96,AED,AED,BANK-23795588,False,normal,207.75,0
TXN-0001547,SUP-0015,Maintenance,INV-408-2026-001547,PO-2026-001547,2026-03-11,2026-04-17,45,8944.91,7530.75,7530.75,USD,USD,BANK-82742631,False,normal,7530.75,0
TXN-0002166,SUP-0141,Aircraft Components,INV-357-2026-002166,PO-2025-002166,2026-03-11,2026-04-04,30,14829.15,14445.99,14445.99,AED,AED,BANK-10585992,False,normal,3933.64,0
TXN-0002307,SUP-0116,Facilities,INV-405-2026-002307,PO-2026-002307,2026-03-11,2026-05-02,45,11853.23,9246.67,9246.67,EUR,EUR,BANK-45782037,False,normal,10078.87,0
TXN-0002597,SUP-0045,Maintenance,INV-681-2026-002597,PO-2026-002597,2026-03-11,2026-04-28,45,23303.11,20001.19,20001.19,EUR,EUR,BANK-38433614,False,normal,21801.3,0
TXN-0003457,SUP-0149,Facilities,INV-892-2026-003457,PO-2026-003457,2026-03-11,2026-05-20,60,10020.86,8019.09,8019.09,USD,USD,BANK-52064343,False,normal,8019.09,0
TXN-0003514,SUP-0084,Aircraft Components,INV-713-2026-003514,PO-2025-003514,2026-03-11,2026-04-28,30,3757.47,3428.41,3428.41,USD,USD,BANK-22950775,False,normal,3428.41,0
TXN-0003832,SUP-0067,Information Technology,INV-349-2026-003832,PO-2025-003832,2026-03-11,2026-05-14,60,4876.9,3618.68,3618.68,AED,AED,BANK-77206550,False,normal,985.37,0
TXN-0004402,SUP-0087,Ground Services,INV-497-2026-004402,PO-2025-004402,2026-03-11,2026-03-23,30,1800.54,1730.5,1730.5,AED,AED,BANK-25685067,False,normal,471.22,0
TXN-0004806,SUP-0142,Ground Services,INV-932-2026-004806,PO-2025-004806,2026-03-11,2026-04-20,60,11022.52,8344.77,8344.77,AED,AED,BANK-96960871,False,normal,2272.28,0
TXN-0005060,SUP-0142,Ground Services,INV-319-2026-005060,PO-2025-005060,2026-03-11,2026-05-09,60,27235.02,24031.23,24031.23,AED,AED,BANK-96960871,False,normal,6543.7,0
TXN-0001742,SUP-0150,Professional Services,INV-450-2026-001742,PO-2025-001742,2026-03-12,2026-04-02,30,31792.68,30004.32,30004.32,USD,USD,BANK-67087104,False,normal,30004.32,0
TXN-0002053,SUP-0085,Ground Services,INV-706-2026-002053,PO-2026-002053,2026-03-12,2026-04-22,30,99465.72,82395.0,82395.0,USD,USD,BANK-94093522,False,normal,82395.0,0
TXN-0002221,SUP-0113,Maintenance,INV-550-2026-002221,PO-2026-002221,2026-03-12,2026-04-29,60,211506.86,179685.4,179685.4,USD,USD,BANK-61055398,False,normal,179685.4,0
TXN-0002922,SUP-0103,Maintenance,INV-976-2026-002922,PO-2025-002922,2026-03-12,2026-04-20,60,34340.0,25961.51,25961.51,USD,USD,BANK-87788293,False,normal,25961.51,0
TXN-0003356,SUP-0080,Professional Services,INV-771-2026-003356,PO-2025-003356,2026-03-12,2026-04-26,45,2343.89,2137.22,2137.22,EUR,EUR,BANK-97464377,False,normal,2329.57,0
TXN-0004728,SUP-0099,Aircraft Components,INV-920-2026-004728,PO-2025-004728,2026-03-12,2026-03-29,30,22829.06,16962.93,16962.93,USD,USD,BANK-78956930,False,normal,16962.93,0
TXN-0005563,SUP-0029,Maintenance,INV-441-2026-005563,PO-2026-005563,2026-03-12,2026-05-18,60,1127.8,1081.72,1081.72,USD,USD,BANK-57984114,False,normal,1081.72,0
TXN-0001349,SUP-0066,Information Technology,INV-831-2026-001349,PO-2026-001349,2026-03-13,2026-04-29,45,22536.84,18516.04,18516.04,AED,AED,BANK-23795588,False,normal,5041.92,0
TXN-0001990,SUP-0068,Information Technology,INV-165-2026-001990,PO-2025-001990,2026-03-13,2026-05-15,60,5243.43,4318.88,4318.88,USD,USD,BANK-26134147,False,normal,4318.88,0
TXN-0002823,SUP-0004,Professional Services,INV-686-2026-002823,PO-2026-002823,2026-03-13,2026-05-23,60,4270.5,3933.14,3933.14,AED,AED,BANK-92441065,False,normal,1070.99,0
TXN-0002886,SUP-0039,Aircraft Components,INV-812-2026-002886,PO-2025-002886,2026-03-13,2026-04-01,30,4157.09,3069.58,3069.58,USD,USD,BANK-90171323,False,normal,3069.58,0
TXN-0003114,SUP-0100,Aircraft Components,INV-900-2026-003114,PO-2025-003114,2026-03-13,2026-05-09,60,4035.08,3596.9,3596.9,GBP,GBP,BANK-62300494,False,normal,4568.06,0
TXN-0003211,SUP-0050,Facilities,INV-691-2026-003211,PO-2026-003211,2026-03-13,2026-03-28,30,6945.14,6721.54,6721.54,USD,USD,BANK-46919792,False,normal,6721.54,0
TXN-0003898,SUP-0091,Information Technology,INV-902-2026-003898,PO-2025-003898,2026-03-13,2026-06-11,90,2115.63,1637.32,1637.32,USD,USD,BANK-11616527,False,normal,1637.32,0
TXN-0005041,SUP-0094,Aircraft Components,INV-748-2026-005041,PO-2026-005041,2026-03-13,2026-06-14,90,10618.68,9017.67,9017.67,USD,USD,BANK-20964925,False,normal,9017.67,0
TXN-0005321,SUP-0069,Information Technology,INV-962-2026-005321,PO-2026-005321,2026-03-13,2026-06-15,90,12862.91,11933.11,11933.11,USD,USD,BANK-43048809,False,normal,11933.11,0
TXN-0000408,SUP-0157,Information Technology,INV-984-2026-000408,PO-2025-000408,2026-03-14,2026-04-05,30,70012.47,69333.56,69333.56,USD,USD,BANK-84648574,False,normal,69333.56,0
TXN-0000584,SUP-0002,Ground Services,INV-399-2026-000584,PO-2025-000584,2026-03-14,2026-04-25,45,17731.05,15825.95,15825.95,USD,USD,BANK-19696685,False,normal,15825.95,0
TXN-0000989,SUP-0157,Ground Services,INV-126-2026-000989,PO-2026-000989,2026-03-14,2026-04-17,30,13655.41,13059.61,13059.61,USD,EUR,BANK-84648574,False,currency_mismatch,14234.97,1
TXN-0001850,SUP-0087,Maintenance,INV-952-2026-001850,PO-2025-001850,2026-03-14,2026-04-14,30,3352.2,2540.16,2540.16,AED,AED,BANK-25685067,False,normal,691.69,0
TXN-0001884,SUP-0029,Information Technology,INV-352-2026-001884,PO-2025-001884,2026-03-14,2026-04-18,30,12130.41,9999.22,9999.22,USD,USD,BANK-57984114,False,normal,9999.22,0
TXN-0001909,SUP-0076,Maintenance,INV-947-2026-001909,PO-2026-001909,2026-03-14,2026-05-08,60,23341.4,21678.15,21678.15,USD,USD,BANK-37929130,False,normal,21678.15,0
TXN-0003361,SUP-0124,Aircraft Components,INV-678-2026-003361,PO-2026-003361,2026-03-14,2026-04-21,45,6180.68,5145.78,5145.78,USD,USD,BANK-96006092,False,normal,5145.78,0
TXN-0003479,SUP-0032,Aircraft Components,INV-579-2026-003479,PO-2026-003479,2026-03-14,2026-04-19,30,6498.63,6069.22,6069.22,GBP,GBP,BANK-49158734,False,normal,7707.91,0
TXN-0003840,SUP-0063,Professional Services,INV-300-2026-003840,PO-2025-003840,2026-03-14,2026-05-01,60,3302.66,2891.86,2891.86,AED,AED,BANK-16087857,False,normal,787.45,0
TXN-0004532,SUP-0086,Facilities,INV-785-2026-004532,PO-2025-004532,2026-03-14,2026-05-14,45,6463.46,4829.67,4829.67,USD,USD,BANK-11254265,False,normal,4829.67,0
TXN-0000465,SUP-0015,Ground Services,INV-873-2026-000465,PO-2026-000465,2026-03-15,2026-04-16,30,904.29,694.74,1043.27,USD,USD,BANK-82742631,False,overpayment,1043.27,1
TXN-0000932,SUP-0071,Aircraft Components,INV-885-2026-000932,PO-2025-000932,2026-03-15,2026-04-22,30,15998.18,14125.96,14125.96,USD,USD,BANK-74793410,False,normal,14125.96,0
TXN-0002397,SUP-0091,Aircraft Components,INV-947-2026-002397,PO-2026-002397,2026-03-15,2026-04-14,30,10803.78,10100.38,10100.38,USD,USD,BANK-11616527,False,normal,10100.38,0
TXN-0002455,SUP-0115,Aircraft Components,INV-114-2026-002455,PO-2026-002455,2026-03-15,2026-04-13,30,18704.29,13740.63,13740.63,USD,USD,BANK-17278259,False,normal,13740.63,0
TXN-0002821,SUP-0045,Ground Services,INV-581-2026-002821,PO-2026-002821,2026-03-15,2026-05-21,60,2622.73,1896.35,1896.35,EUR,EUR,BANK-38433614,False,normal,2067.02,0
TXN-0002840,SUP-0126,Facilities,INV-365-2026-002840,PO-2025-002840,2026-03-15,2026-05-22,60,8704.34,6857.14,6857.14,AED,USD,BANK-35780160,False,currency_mismatch,6857.14,1
TXN-0003683,SUP-0082,Aircraft Components,INV-161-2026-003683,PO-2026-003683,2026-03-15,2026-05-02,60,6500.21,5622.98,5622.98,USD,USD,BANK-55066706,False,normal,5622.98,0
TXN-0003703,SUP-0007,Ground Services,INV-310-2026-003703,PO-2026-003703,2026-03-15,2026-06-07,90,14761.48,11768.35,11768.35,EUR,EUR,BANK-31280989,False,normal,12827.5,0
TXN-0005132,SUP-0030,Facilities,INV-966-2026-005132,PO-2025-005132,2026-03-15,2026-04-17,30,7673.87,5616.26,5616.26,AED,AED,BANK-14041955,False,normal,1529.31,0
TXN-0005454,SUP-0030,Facilities,INV-855-2026-005454,PO-2025-005454,2026-03-15,2026-06-13,90,7909.11,7105.16,7105.16,AED,AED,BANK-14041955,False,normal,1934.74,0
TXN-0000239,SUP-0126,Maintenance,INV-187-2026-000239,PO-2026-000239,2026-03-16,2026-05-15,60,17431.12,16618.7,16618.7,AED,AED,BANK-35780160,False,normal,4525.27,0
TXN-0000530,SUP-0134,Information Technology,INV-403-2026-000530,PO-2025-000530,2026-03-16,2026-04-12,30,21824.65,15853.08,15853.08,USD,USD,BANK-67057759,False,normal,15853.08,0
TXN-0002136,SUP-0063,Information Technology,INV-632-2026-002136,PO-2025-002136,2026-03-16,2026-04-06,30,44995.3,40179.49,40179.49,AED,AED,NEW-60692153,True,bank_change,10940.88,1
TXN-0002274,SUP-0069,Facilities,INV-566-2026-002274,PO-2025-002274,2026-03-16,2026-04-10,30,8941.31,6694.28,6694.28,USD,USD,BANK-43048809,False,normal,6694.28,0
TXN-0002620,SUP-0049,Aircraft Components,INV-748-2026-002620,PO-2025-002620,2026-03-16,2026-04-01,30,23539.7,21506.35,21506.35,AED,AED,BANK-69549513,False,normal,5856.18,0
TXN-0002690,SUP-0090,Facilities,INV-806-2026-002690,PO-2025-002690,2026-03-16,2026-05-10,45,19640.65,16511.88,16511.88,AED,AED,BANK-21863999,False,normal,4496.18,0
TXN-0002923,SUP-0106,Professional Services,INV-945-2026-002923,PO-2026-002923,2026-03-16,2026-05-01,60,5850.48,5681.82,5681.82,AED,AED,BANK-74386640,False,normal,1547.16,0
TXN-0002939,SUP-0098,Professional Services,INV-339-2026-002939,PO-2026-002939,2026-03-16,2026-05-12,60,4640.1,3533.46,3533.46,USD,USD,BANK-72483618,False,normal,3533.46,0
TXN-0003799,SUP-0020,Ground Services,INV-660-2026-003799,PO-2026-003799,2026-03-16,2026-04-12,30,1516.59,1351.65,1351.65,AED,AED,BANK-36182605,False,normal,368.05,0
TXN-0004080,SUP-0055,Professional Services,INV-563-2026-004080,PO-2025-004080,2026-03-16,2026-04-22,30,3338.13,3042.97,3042.97,AED,AED,BANK-44199230,False,normal,828.6,0
TXN-0005353,SUP-0045,Information Technology,INV-678-2026-005353,PO-2026-005353,2026-03-16,2026-05-01,45,19608.91,18001.79,18001.79,EUR,EUR,BANK-38433614,False,normal,19621.95,0
TXN-0000071,SUP-0118,Information Technology,INV-837-2026-000071,PO-2026-000071,2026-03-17,2026-04-14,30,20219.88,15728.75,15728.75,AED,AED,BANK-37085381,False,normal,4282.94,0
TXN-0000727,SUP-0074,Facilities,INV-847-2026-000727,PO-2026-000727,2026-03-17,2026-04-29,45,20211.21,15732.11,15732.11,USD,USD,BANK-27679119,False,normal,15732.11,0
TXN-0000754,SUP-0007,Professional Services,INV-801-2026-000754,PO-2025-000754,2026-03-17,2026-04-16,30,17369.73,14022.74,14022.74,EUR,EUR,BANK-31280989,False,normal,15284.79,0
TXN-0000953,SUP-0052,Aircraft Components,INV-344-2026-000953,PO-2026-000953,2026-03-17,2026-04-14,30,12323.33,11613.64,11613.64,USD,USD,BANK-89766631,False,normal,11613.64,0
TXN-0001450,SUP-0027,Aircraft Components,INV-872-2026-001450,PO-2025-001450,2026-03-17,2026-04-01,30,19527.91,14544.01,14544.01,AED,AED,BANK-26263179,False,normal,3960.33,0
TXN-0001772,SUP-0105,Aircraft Components,INV-750-2026-001772,PO-2025-001772,2026-03-17,2026-04-18,30,6198.16,6043.71,6043.71,EUR,EUR,BANK-12259119,False,normal,6587.64,0
TXN-0003315,SUP-0148,Information Technology,INV-996-2026-003315,PO-2026-003315,2026-03-17,2026-04-15,30,2446.51,2110.74,2110.74,AED,AED,BANK-48887190,False,normal,574.75,0
TXN-0003937,SUP-0123,Facilities,INV-548-2026-003937,PO-2026-003937,2026-03-17,2026-03-31,30,20186.54,17620.85,17620.85,USD,USD,BANK-38236379,False,normal,17620.85,0
TXN-0004010,SUP-0101,Information Technology,INV-988-2026-004010,PO-2025-004010,2026-03-17,2026-03-28,30,86083.55,64278.87,64278.87,EUR,EUR,BANK-47533220,False,normal,70063.97,0
TXN-0004020,SUP-0061,Aircraft Components,INV-138-2026-004020,PO-2025-004020,2026-03-17,2026-05-01,30,41723.85,31424.77,31424.77,AED,AED,BANK-12871994,False,normal,8556.96,0
TXN-0004298,SUP-0121,Maintenance,INV-809-2026-004298,PO-2025-004298,2026-03-17,2026-05-12,45,52257.55,46698.28,46698.28,AED,AED,BANK-55753531,False,normal,12715.94,0
TXN-0004573,SUP-0041,Maintenance,INV-907-2026-004573,PO-2026-004573,2026-03-17,2026-04-14,30,6637.56,5592.09,5592.09,USD,USD,BANK-90410196,False,normal,5592.09,0
TXN-0004906,SUP-0027,Facilities,INV-514-2026-004906,PO-2025-004906,2026-03-17,2026-04-19,30,2369.41,1920.94,1920.94,AED,AED,BANK-26263179,False,normal,523.07,0
TXN-0005459,SUP-0041,Aircraft Components,INV-624-2026-005459,PO-2026-005459,2026-03-17,2026-05-04,45,5553.37,5097.9,5097.9,USD,USD,BANK-90410196,False,normal,5097.9,0
TXN-0005552,SUP-0053,Professional Services,INV-171-2026-005552,PO-2025-005552,2026-03-17,2026-04-26,30,3975.21,2989.64,2989.64,EUR,EUR,BANK-76295561,False,normal,3258.71,0
TXN-0000868,SUP-0147,Information Technology,INV-484-2026-000868,PO-2025-000868,2026-03-18,2026-05-07,45,68349.57,65196.47,65196.47,USD,USD,BANK-82392481,False,normal,65196.47,0
TXN-0001490,SUP-0009,Information Technology,INV-754-2026-001490,PO-2025-001490,2026-03-18,2026-05-31,60,6878.83,4970.87,4970.87,USD,USD,BANK-59936721,False,normal,4970.87,0
TXN-0001761,SUP-0093,Professional Services,INV-956-2026-001761,PO-2026-001761,2026-03-18,2026-04-26,30,3505.06,2853.98,2853.98,USD,USD,BANK-97237891,False,normal,2853.98,0
TXN-0003303,SUP-0157,Facilities,INV-131-2026-003303,PO-2026-003303,2026-03-18,2026-05-10,30,2521.38,1881.9,1881.9,USD,USD,BANK-84648574,False,normal,1881.9,0
TXN-0003482,SUP-0039,Facilities,INV-249-2026-003482,PO-2025-003482,2026-03-18,2026-05-27,60,10515.7,8524.71,8524.71,USD,USD,BANK-90171323,False,normal,8524.71,0
TXN-0003805,SUP-0011,Aircraft Components,INV-906-2026-003805,PO-2026-003805,2026-03-18,2026-05-13,45,2577.69,2336.41,2336.41,USD,USD,BANK-43383005,False,normal,2336.41,0
TXN-0003864,SUP-0057,Professional Services,INV-261-2026-003864,PO-2025-003864,2026-03-18,2026-04-29,60,28729.51,25460.31,25460.31,USD,USD,BANK-10477636,False,normal,25460.31,0
TXN-0004141,SUP-0001,Aircraft Components,INV-337-2026-004141,PO-2026-004141,2026-03-18,2026-05-17,60,2091.57,2073.27,2073.27,EUR,EUR,BANK-38861149,False,normal,2259.86,0
TXN-0004460,SUP-0116,Information Technology,INV-765-2026-004460,PO-2025-004460,2026-03-18,2026-06-22,90,2339.49,2185.05,2185.05,EUR,EUR,BANK-45782037,False,normal,2381.7,0
TXN-0004547,SUP-0058,Maintenance,INV-286-2026-004547,PO-2026-004547,2026-03-18,2026-04-23,30,2195.39,1600.81,1600.81,AED,AED,BANK-94313182,False,normal,435.9,0
TXN-0005023,SUP-0091,Aircraft Components,INV-467-2026-005023,PO-2026-005023,2026-03-18,2026-05-18,60,6209.85,6179.66,6179.66,USD,USD,BANK-11616527,False,normal,6179.66,0
TXN-0005465,SUP-0065,Facilities,INV-865-2026-005465,PO-2026-005465,2026-03-18,2026-04-29,45,12703.48,11282.98,11282.98,AED,AED,BANK-90272029,False,normal,3072.36,0
TXN-0000294,SUP-0137,Facilities,INV-239-2026-000294,PO-2025-000294,2026-03-19,2026-05-23,60,17281.67,14277.69,14277.69,GBP,GBP,NEW-74927644,True,bank_change,18132.67,1
TXN-0000890,SUP-0154,Aircraft Components,INV-219-2026-000890,PO-2025-000890,2026-03-19,2026-04-23,30,10179.89,8189.79,8189.79,AED,AED,BANK-69720522,False,normal,2230.08,0
TXN-0000907,SUP-0158,Information Technology,INV-864-2026-000907,PO-2026-000907,2026-03-19,2026-05-22,60,111057.76,82191.01,82191.01,AED,AED,BANK-32546185,False,normal,22380.61,0
TXN-0002026,SUP-0137,Information Technology,INV-841-2026-002026,PO-2025-002026,2026-03-19,2026-04-16,30,3743.23,3003.45,3003.45,GBP,GBP,BANK-75099036,False,normal,3814.38,0
TXN-0002271,SUP-0142,Maintenance,INV-233-2026-002271,PO-2026-002271,2026-03-19,2026-04-26,45,2538.65,2105.06,2105.06,AED,AED,BANK-96960871,False,normal,573.21,0
TXN-0002356,SUP-0113,Aircraft Components,INV-139-2026-002356,PO-2025-002356,2026-03-19,2026-04-24,45,13233.25,13083.54,13083.54,USD,USD,BANK-61055398,False,normal,13083.54,0
TXN-0002608,SUP-0039,Information Technology,INV-515-2026-002608,PO-2025-002608,2026-03-19,2026-05-21,60,16973.72,16447.08,16447.08,USD,USD,BANK-90171323,False,normal,16447.08,0
TXN-0002759,SUP-0117,Professional Services,INV-487-2026-002759,PO-2026-002759,2026-03-19,2026-05-17,60,7935.59,7256.83,7256.83,EUR,EUR,BANK-97580845,False,normal,7909.94,0
TXN-0004202,SUP-0047,Facilities,INV-589-2026-004202,PO-2025-004202,2026-03-19,2026-04-22,30,55107.54,49154.48,49154.48,USD,USD,BANK-79481118,False,normal,49154.48,0
TXN-0004431,SUP-0017,Maintenance,INV-157-2026-004431,PO-2026-004431,2026-03-19,2026-07-01,90,7906.68,7894.49,7894.49,AED,AED,BANK-38542500,False,normal,2149.67,0
TXN-0004610,SUP-0028,Aircraft Components,INV-930-2026-004610,PO-2025-004610,2026-03-19,2026-05-18,60,15623.05,14382.44,14382.44,USD,USD,BANK-24814703,False,normal,14382.44,0
TXN-0005501,SUP-0147,Maintenance,INV-987-2026-005501,PO-2026-005501,2026-03-19,2026-06-19,90,9813.94,8574.01,8574.01,USD,USD,BANK-82392481,False,normal,8574.01,0
TXN-0005503,SUP-0139,Professional Services,INV-835-2026-005503,PO-2026-005503,2026-03-19,2026-05-08,60,16399.53,12954.05,12954.05,EUR,EUR,BANK-77394363,False,normal,14119.91,0
TXN-0005540,SUP-0122,Aircraft Components,INV-230-2026-005540,PO-2025-005540,2026-03-19,2026-04-20,30,7263.3,7028.29,7028.29,AED,AED,BANK-69657778,False,normal,1913.8,0
TXN-0001843,SUP-0005,Aircraft Components,INV-701-2026-001843,PO-2026-001843,2026-03-20,2026-04-29,60,38981.04,35887.89,35887.89,USD,USD,BANK-97763977,False,normal,35887.89,0
TXN-0002458,SUP-0031,Information Technology,INV-192-2026-002458,PO-2025-002458,2026-03-20,2026-05-13,60,46900.08,38166.85,38166.85,EUR,EUR,BANK-36891816,False,normal,41601.87,0
TXN-0003188,SUP-0001,Information Technology,INV-131-2026-003188,PO-2025-003188,2026-03-20,2026-04-16,30,23119.21,19742.62,19742.62,EUR,EUR,BANK-38861149,False,normal,21519.46,0
TXN-0005137,SUP-0033,Maintenance,INV-600-2026-005137,PO-2026-005137,2026-03-20,2026-04-24,60,8013.96,7519.91,7519.91,USD,USD,BANK-97243596,False,normal,7519.91,0
TXN-0005153,SUP-0018,Ground Services,INV-656-2026-005153,PO-2026-005153,2026-03-20,2026-04-10,30,21639.82,17680.4,17680.4,USD,USD,BANK-95760944,False,normal,17680.4,0
TXN-0005204,SUP-0034,Aircraft Components,INV-389-2026-005204,PO-2025-005204,2026-03-20,2026-04-26,30,5597.14,5006.97,5006.97,USD,USD,BANK-99313799,False,normal,5006.97,0
TXN-0000336,SUP-0107,Facilities,INV-354-2026-000336,PO-2025-000336,2026-03-21,2026-06-24,90,10270.28,8777.82,8777.82,USD,USD,BANK-17594929,False,normal,8777.82,0
TXN-0000705,SUP-0067,Maintenance,INV-489-2026-000705,PO-2026-000705,2026-03-21,2026-04-14,30,18948.32,16357.87,16357.87,AED,AED,BANK-77206550,False,normal,4454.25,0
TXN-0000905,SUP-0049,Professional Services,INV-815-2026-000905,PO-2026-000905,2026-03-21,2026-06-14,90,3934.99,3866.86,3866.86,AED,AED,BANK-69549513,False,normal,1052.95,0
TXN-0003436,SUP-0099,Maintenance,INV-693-2026-003436,PO-2025-003436,2026-03-21,2026-06-06,60,4209.47,3299.21,3299.21,USD,USD,BANK-78956930,False,normal,3299.21,0
TXN-0003490,SUP-0143,Aircraft Components,INV-541-2026-004928,PO-2025-004928,2026-03-21,2026-05-05,45,21205.56,17143.07,17143.07,GBP,GBP,BANK-24937333,False,exact_duplicate,21771.7,1
TXN-0003577,SUP-0102,Professional Services,INV-202-2026-003577,PO-2026-003577,2026-03-21,2026-05-06,60,10243.63,8169.27,8169.27,AED,AED,BANK-27979808,False,normal,2224.49,0
TXN-0004242,SUP-0142,Facilities,INV-134-2026-004242,PO-2025-004242,2026-03-21,2026-04-16,30,181581.32,150013.34,150013.34,AED,AED,BANK-96960871,False,normal,40848.63,0
TXN-0000094,SUP-0017,Aircraft Components,INV-539-2026-000094,PO-2025-000094,2026-03-22,2026-05-01,30,7876.07,7331.43,7331.43,AED,AED,BANK-38542500,False,normal,1996.35,0
TXN-0000571,SUP-0072,Ground Services,INV-700-2026-000571,PO-2026-000571,2026-03-22,2026-04-29,30,41291.53,33863.85,33863.85,USD,USD,BANK-88710582,False,normal,33863.85,0
TXN-0000763,SUP-0053,Ground Services,INV-934-2026-000763,PO-2026-000763,2026-03-22,2026-05-03,30,25500.32,25481.96,25481.96,EUR,EUR,BANK-76295561,False,normal,27775.34,0
TXN-0001166,SUP-0003,Aircraft Components,INV-539-2026-001166,PO-2025-001166,2026-03-22,2026-05-23,60,31590.1,25819.6,25819.6,EUR,EUR,BANK-65317853,False,normal,28143.36,0
TXN-0001224,SUP-0034,Professional Services,INV-624-2026-001224,PO-2025-001224,2026-03-22,2026-05-18,60,4054.43,3478.95,3478.95,USD,USD,BANK-99313799,False,normal,3478.95,0
TXN-0001747,SUP-0151,Information Technology,INV-211-2026-001747,PO-2026-001747,2026-03-22,2026-04-19,30,14219.53,13166.62,13166.62,EUR,EUR,BANK-80628709,False,normal,14351.62,0
TXN-0001882,SUP-0029,Maintenance,INV-346-2026-001882,PO-2025-001882,2026-03-22,2026-05-04,45,14488.0,14087.0,14087.0,USD,USD,BANK-57984114,False,normal,14087.0,0
TXN-0002506,SUP-0103,Information Technology,INV-460-2026-002506,PO-2025-002506,2026-03-22,2026-05-11,45,19879.71,18863.48,18863.48,USD,USD,BANK-87788293,False,normal,18863.48,0
TXN-0002998,SUP-0037,Aircraft Components,INV-926-2026-002998,PO-2025-002998,2026-03-22,2026-05-08,45,5806.93,5728.45,5728.45,USD,USD,BANK-18183594,False,normal,5728.45,0
TXN-0003779,SUP-0096,Information Technology,INV-322-2026-003779,PO-2026-003779,2026-03-22,2026-05-15,60,7654.54,7538.87,7538.87,AED,AED,BANK-55569693,False,normal,2052.83,0
TXN-0004651,SUP-0074,Maintenance,INV-979-2026-004651,PO-2026-004651,2026-03-22,2026-06-13,90,31913.83,23031.76,23031.76,USD,USD,BANK-27679119,False,normal,23031.76,0
TXN-0005182,SUP-0133,Aircraft Components,INV-895-2026-005182,PO-2025-005182,2026-03-22,2026-05-24,60,24725.71,20564.56,20564.56,AED,AED,BANK-23338758,False,normal,5599.73,0
TXN-0005436,SUP-0128,Professional Services,INV-190-2026-005436,PO-2025-005436,2026-03-22,2026-05-06,45,2260.29,2059.65,2059.65,USD,USD,BANK-93232757,False,normal,2059.65,0
TXN-0000660,SUP-0078,Ground Services,INV-294-2026-000660,PO-2025-000660,2026-03-23,2026-04-28,45,11006.74,10624.64,10624.64,AED,AED,BANK-79966434,False,normal,2893.09,0
TXN-0000682,SUP-0064,Professional Services,INV-739-2026-000682,PO-2025-000682,2026-03-23,2026-05-15,60,40512.61,40205.16,40205.16,EUR,EUR,BANK-84800139,False,normal,43823.62,0
TXN-0000770,SUP-0014,Aircraft Components,INV-231-2026-000770,PO-2025-000770,2026-03-23,2026-05-27,60,4725.33,4514.14,4514.14,EUR,EUR,BANK-51403053,False,normal,4920.41,0
TXN-0003050,SUP-0012,Ground Services,INV-528-2026-003050,PO-2025-003050,2026-03-23,2026-05-25,60,8489.59,8123.66,8123.66,GBP,GBP,BANK-37895989,False,normal,10317.05,0
TXN-0004770,SUP-0055,Maintenance,INV-697-2026-004770,PO-2025-004770,2026-03-23,2026-04-15,30,27308.77,25583.41,25583.41,AED,AED,BANK-44199230,False,normal,6966.36,0
TXN-0005044,SUP-0012,Aircraft Components,INV-363-2026-005044,PO-2025-005044,2026-03-23,2026-06-14,90,3511.58,3005.54,3005.54,GBP,GBP,BANK-37895989,False,normal,3817.04,0
TXN-0005405,SUP-0120,Aircraft Components,INV-163-2026-005405,PO-2026-005405,2026-03-23,2026-04-22,30,40065.51,39732.8,39732.8,AED,AED,BANK-53972563,False,normal,10819.24,0
TXN-0000222,SUP-0092,Maintenance,INV-122-2026-000222,PO-2025-000222,2026-03-24,2026-03-25,45,36184.06,34677.76,34677.76,AED,AED,BANK-70989279,False,rapid_payment,9442.75,1
TXN-0000491,SUP-0016,Ground Services,INV-363-2026-000491,PO-2026-000491,2026-03-24,2026-05-22,60,14816.71,13920.62,13920.62,USD,USD,BANK-96689067,False,normal,13920.62,0
TXN-0000699,SUP-0068,Professional Services,INV-364-2026-000699,PO-2026-000699,2026-03-24,2026-05-30,60,17546.55,17227.69,17227.69,USD,USD,BANK-26134147,False,normal,17227.69,0
TXN-0001214,SUP-0154,Information Technology,INV-461-2026-001214,PO-2025-001214,2026-03-24,2026-05-29,60,44963.93,43302.85,43302.85,AED,AED,BANK-69720522,False,normal,11791.37,0
TXN-0001386,SUP-0034,Aircraft Components,INV-940-2026-001386,PO-2025-001386,2026-03-24,2026-04-26,30,12040.6,10017.53,10017.53,USD,USD,BANK-99313799,False,normal,10017.53,0
TXN-0001923,SUP-0075,Maintenance,INV-248-2026-001923,PO-2026-001923,2026-03-24,2026-04-17,30,47910.49,46043.88,46043.88,USD,USD,BANK-35245775,False,normal,46043.88,0
TXN-0001995,SUP-0105,Facilities,INV-988-2026-001995,PO-2026-001995,2026-03-24,2026-04-18,30,5903.87,5052.26,5052.26,EUR,EUR,BANK-12259119,False,normal,5506.96,0
TXN-0002621,SUP-0138,Aircraft Components,INV-615-2026-002621,PO-2026-002621,2026-03-24,2026-05-21,45,6146.08,5030.16,5030.16,AED,AED,BANK-22630563,False,normal,1369.71,0
TXN-0002890,SUP-0081,Maintenance,INV-276-2026-002890,PO-2025-002890,2026-03-24,2026-04-19,30,5963.96,5809.7,5809.7,AED,AED,BANK-54937628,False,normal,1581.98,0
TXN-0003161,SUP-0103,Aircraft Components,INV-461-2026-003161,PO-2026-003161,2026-03-24,2026-05-17,60,5855.48,5390.32,5390.32,USD,USD,BANK-87788293,False,normal,5390.32,0
TXN-0003414,SUP-0148,Ground Services,INV-346-2026-003414,PO-2025-003414,2026-03-24,2026-05-09,30,8443.04,6655.33,6655.33,AED,AED,BANK-48887190,False,normal,1812.25,0
TXN-0004088,SUP-0143,Ground Services,INV-458-2026-004088,PO-2025-004088,2026-03-24,2026-07-03,90,3719.63,2843.56,2843.56,GBP,GBP,BANK-24937333,False,normal,3611.32,0
TXN-0004706,SUP-0147,Professional Services,INV-358-2026-004706,PO-2025-004706,2026-03-24,2026-04-29,30,4067.35,3351.29,3351.29,USD,USD,BANK-82392481,False,normal,3351.29,0
TXN-0001649,SUP-0071,Ground Services,INV-414-2026-001649,PO-2026-001649,2026-03-25,2026-05-10,45,7865.0,7703.09,7703.09,USD,USD,BANK-74793410,False,normal,7703.09,0
TXN-0003273,SUP-0013,Information Technology,INV-345-2026-003273,PO-2026-003273,2026-03-25,2026-06-02,45,3202.43,3128.27,3128.27,AED,AED,BANK-84681076,False,normal,851.83,0
TXN-0003850,SUP-0069,Aircraft Components,INV-875-2026-003850,PO-2025-003850,2026-03-25,2026-05-24,45,9328.6,8992.56,8992.56,USD,USD,BANK-43048809,False,normal,8992.56,0
TXN-0003923,SUP-0042,Information Technology,INV-233-2026-003923,PO-2026-003923,2026-03-25,2026-06-06,60,4459.09,3653.0,3653.0,EUR,EUR,BANK-20438281,False,normal,3981.77,0
TXN-0004078,SUP-0031,Aircraft Components,INV-327-2026-004078,PO-2025-004078,2026-03-25,2026-05-07,45,70507.0,68395.13,68395.13,EUR,EUR,BANK-36891816,False,normal,74550.69,0
TXN-0004136,SUP-0160,Maintenance,INV-439-2026-004136,PO-2025-004136,2026-03-25,2026-05-18,45,20247.08,20069.97,20069.97,EUR,EUR,BANK-51670701,False,normal,21876.27,0
TXN-0005047,SUP-0081,Maintenance,INV-833-2026-005047,PO-2026-005047,2026-03-25,2026-05-16,45,3397.37,2770.01,2770.01,AED,AED,BANK-54937628,False,normal,754.27,0
TXN-0005069,SUP-0089,Facilities,INV-687-2026-005069,PO-2026-005069,2026-03-25,2026-04-17,30,3939.5,3489.37,3489.37,USD,USD,BANK-35136775,False,normal,3489.37,0
TXN-0005372,SUP-0059,Professional Services,INV-677-2026-005372,PO-2025-005372,2026-03-25,2026-05-06,45,6449.12,6383.36,6383.36,USD,USD,BANK-95295830,False,normal,6383.36,0
TXN-0002688,SUP-0056,Facilities,INV-488-2026-002688,PO-2025-002688,2026-03-26,2026-06-29,90,6445.05,6086.45,6086.45,EUR,EUR,BANK-33621446,False,normal,6634.23,0
TXN-0003059,SUP-0006,Professional Services,INV-481-2026-003059,PO-2026-003059,2026-03-26,2026-05-14,45,4241.56,3607.46,3607.46,GBP,GBP,BANK-30719258,False,normal,4581.47,0
TXN-0000577,SUP-0024,Ground Services,INV-452-2026-000577,PO-2026-000577,2026-03-27,2026-04-24,30,19296.83,16284.16,16284.16,EUR,EUR,BANK-33036857,False,normal,17749.73,0
TXN-0000834,SUP-0064,Facilities,INV-263-2026-000834,PO-2025-000834,2026-03-27,2026-05-11,45,5436.36,5275.74,5275.74,EUR,EUR,BANK-84800139,False,normal,5750.56,0
TXN-0001410,SUP-0137,Ground Services,INV-124-2026-001410,PO-2025-001410,2026-03-27,2026-05-09,30,13214.88,12756.38,12756.38,GBP,GBP,BANK-75099036,False,normal,16200.6,0
TXN-0001574,SUP-0065,Information Technology,INV-771-2026-001574,PO-2025-001574,2026-03-27,2026-05-02,45,40664.34,37361.13,37361.13,AED,AED,BANK-90272029,False,normal,10173.44,0
TXN-0001785,SUP-0052,Professional Services,INV-245-2026-001785,PO-2026-001785,2026-03-27,2026-04-16,30,500.0,469.63,469.63,USD,USD,BANK-89766631,False,normal,469.63,0
TXN-0002042,SUP-0152,Maintenance,INV-220-2026-002042,PO-2025-002042,2026-03-27,2026-05-19,60,59212.1,51229.82,51229.82,EUR,EUR,BANK-86228158,False,normal,55840.5,0
TXN-0002297,SUP-0122,Maintenance,INV-215-2026-002297,PO-2026-002297,2026-03-27,2026-05-17,45,2904.14,2195.37,2195.37,AED,AED,BANK-69657778,False,normal,597.8,0
TXN-0002408,SUP-0146,Information Technology,INV-893-2026-002408,PO-2025-002408,2026-03-27,2026-04-30,45,1101.99,892.12,892.12,USD,USD,BANK-76449297,False,normal,892.12,0
TXN-0003662,SUP-0137,Information Technology,INV-433-2026-003662,PO-2025-003662,2026-03-27,2026-05-10,45,124500.58,95802.98,95802.98,GBP,GBP,BANK-75099036,False,normal,121669.78,0
TXN-0003998,SUP-0010,Aircraft Components,INV-445-2026-003998,PO-2025-003998,2026-03-27,2026-06-19,90,10241.59,8737.77,8737.77,USD,USD,BANK-59212295,False,normal,8737.77,0
TXN-0004439,SUP-0053,Information Technology,INV-535-2026-004439,PO-2026-004439,2026-03-27,2026-04-29,30,5903.87,4832.02,4832.02,EUR,EUR,BANK-76295561,False,normal,5266.9,0
TXN-0005169,SUP-0040,Ground Services,INV-139-2026-005169,PO-2026-005169,2026-03-27,2026-04-17,30,2250.28,2183.22,2183.22,AED,AED,BANK-30107614,False,normal,594.49,0
TXN-0005296,SUP-0024,Professional Services,INV-471-2026-005296,PO-2025-005296,2026-03-27,2026-05-28,60,4161.88,3892.43,3892.43,EUR,EUR,BANK-33036857,False,normal,4242.75,0
TXN-0005568,SUP-0043,Ground Services,INV-704-2026-005568,PO-2025-005568,2026-03-27,2026-04-26,30,163220.18,130154.68,130154.68,AED,AED,BANK-56697251,False,normal,35441.12,0
TXN-0000708,SUP-0113,Information Technology,INV-631-2026-000708,PO-2025-000708,2026-03-28,2026-06-03,60,3123.65,2457.39,2457.39,USD,USD,BANK-61055398,False,normal,2457.39,0
TXN-0000824,SUP-0137,Maintenance,INV-553-2026-000824,PO-2025-000824,2026-03-28,2026-05-08,30,8922.02,7293.58,7293.58,GBP,GBP,BANK-75099036,False,normal,9262.85,0
TXN-0001400,SUP-0029,Facilities,INV-295-2026-001400,PO-2025-001400,2026-03-28,2026-04-30,30,11546.59,10655.94,10655.94,USD,USD,BANK-57984114,False,normal,10655.94,0
TXN-0003236,SUP-0094,Aircraft Components,INV-400-2026-003236,PO-2025-003236,2026-03-28,2026-05-17,45,8996.51,8871.32,8871.32,USD,USD,BANK-20964925,False,normal,8871.32,0
TXN-0004210,SUP-0134,Ground Services,INV-894-2026-004210,PO-2025-004210,2026-03-28,2026-04-24,30,61401.99,44598.73,44598.73,USD,USD,BANK-67057759,False,normal,44598.73,0
TXN-0004293,SUP-0018,Ground Services,INV-555-2026-004293,PO-2026-004293,2026-03-28,2026-03-29,30,10859.28,10400.23,10400.23,USD,USD,BANK-95760944,False,rapid_payment,10400.23,1
TXN-0005159,SUP-0098,Maintenance,INV-183-2026-005159,PO-2026-005159,2026-03-28,2026-04-06,30,5902.81,4531.85,4531.85,USD,USD,BANK-72483618,False,normal,4531.85,0
TXN-0000159,SUP-0124,Facilities,INV-916-2026-000159,PO-2026-000159,2026-03-29,2026-04-16,30,13079.94,9627.91,9627.91,USD,USD,BANK-96006092,False,normal,9627.91,0
TXN-0000243,SUP-0079,Ground Services,INV-230-2026-000243,PO-2026-000243,2026-03-29,2026-05-07,30,6302.02,5884.81,5884.81,AED,AED,BANK-38837550,False,normal,1602.43,0
TXN-0002212,SUP-0067,Professional Services,INV-170-2026-002212,PO-2025-002212,2026-03-29,2026-04-23,30,82775.93,80200.21,80200.21,AED,AED,BANK-77206550,False,normal,21838.52,0
TXN-0002533,SUP-0096,Facilities,INV-773-2026-002533,PO-2026-002533,2026-03-29,2026-05-09,30,15920.72,12412.23,12412.23,AED,AED,BANK-55569693,False,normal,3379.85,0
TXN-0002771,SUP-0028,Information Technology,INV-913-2026-002771,PO-2026-002771,2026-03-29,2026-05-01,30,2317.2,2219.37,2219.37,USD,USD,BANK-24814703,False,normal,2219.37,0
TXN-0003047,SUP-0010,Aircraft Components,INV-453-2026-003047,PO-2026-003047,2026-03-29,2026-05-29,60,2318.37,2193.86,2193.86,USD,USD,BANK-59212295,False,normal,2193.86,0
TXN-0003243,SUP-0055,Information Technology,INV-436-2026-003243,PO-2026-003243,2026-03-29,2026-04-25,30,2414.76,2129.62,2129.62,AED,AED,BANK-44199230,False,normal,579.9,0
TXN-0003406,SUP-0149,Professional Services,INV-536-2026-003406,PO-2025-003406,2026-03-29,2026-05-10,30,36301.46,26828.7,26828.7,USD,USD,BANK-52064343,False,normal,26828.7,0
TXN-0005508,SUP-0105,Ground Services,INV-471-2026-005508,PO-2025-005508,2026-03-29,2026-05-24,60,41155.36,30027.69,30027.69,EUR,EUR,BANK-12259119,False,normal,32730.18,0
TXN-0000449,SUP-0071,Professional Services,INV-504-2026-000449,PO-2026-000449,2026-03-30,2026-05-11,45,5131.75,4720.77,4720.77,USD,USD,BANK-74793410,False,normal,4720.77,0
TXN-0002670,SUP-0136,Ground Services,INV-863-2026-002670,PO-2025-002670,2026-03-30,2026-04-23,30,7810.21,6036.4,6036.4,USD,USD,BANK-19530766,False,normal,6036.4,0
TXN-0002824,SUP-0152,Ground Services,INV-481-2026-002824,PO-2025-002824,2026-03-30,2026-06-09,60,20432.74,18062.86,18062.86,EUR,EUR,BANK-86228158,False,normal,19688.52,0
TXN-0003847,SUP-0138,Ground Services,INV-454-2026-003847,PO-2026-003847,2026-03-30,2026-05-29,60,21618.24,19341.43,19341.43,AED,AED,BANK-22630563,False,normal,5266.67,0
TXN-0004228,SUP-0079,Facilities,INV-800-2026-004228,PO-2025-004228,2026-03-30,2026-04-21,30,26932.29,20429.8,20429.8,AED,AED,BANK-38837550,False,normal,5563.03,0
TXN-0005077,SUP-0126,Maintenance,INV-592-2026-005077,PO-2026-005077,2026-03-30,2026-05-31,60,7645.11,5964.43,5964.43,AED,AED,BANK-35780160,False,normal,1624.11,0
TXN-0000033,SUP-0077,Maintenance,INV-829-2026-000033,PO-2026-000033,2026-03-31,2026-04-21,30,2816.83,2304.59,2304.59,USD,USD,BANK-99822506,False,normal,2304.59,0
TXN-0002371,SUP-0091,Ground Services,INV-940-2026-002371,PO-2026-002371,2026-03-31,2026-05-24,45,12606.89,12375.28,12375.28,USD,USD,BANK-11616527,False,normal,12375.28,0
TXN-0003167,SUP-0066,Aircraft Components,INV-778-2026-003167,PO-2026-003167,2026-03-31,2026-05-11,30,17024.27,15556.97,15556.97,AED,AED,BANK-23795588,False,normal,4236.16,0
TXN-0003209,SUP-0064,Information Technology,INV-344-2026-003209,PO-2026-003209,2026-03-31,2026-05-23,45,11931.68,11557.07,11557.07,EUR,EUR,BANK-84800139,False,normal,12597.21,0
TXN-0004223,SUP-0123,Maintenance,INV-210-2026-004223,PO-2026-004223,2026-03-31,2026-06-01,60,5694.84,5588.32,5588.32,USD,USD,BANK-38236379,False,normal,5588.32,0
TXN-0005045,SUP-0095,Information Technology,INV-487-2026-005045,PO-2026-005045,2026-03-31,2026-05-28,45,3212.97,2968.82,2968.82,USD,USD,BANK-36688168,False,normal,2968.82,0
TXN-0005427,SUP-0111,Information Technology,INV-496-2026-005427,PO-2026-005427,2026-03-31,2026-06-27,90,17028.64,16845.25,16845.25,USD,USD,BANK-49045227,False,normal,16845.25,0
TXN-0001126,SUP-0023,Information Technology,INV-596-2026-001126,PO-2025-001126,2026-04-01,2026-05-21,45,34740.36,33442.57,33442.57,GBP,GBP,BANK-91497896,False,normal,42472.06,0
TXN-0001321,SUP-0002,Professional Services,INV-116-2026-001321,PO-2026-001321,2026-04-01,2026-06-06,45,22219.93,16111.91,16111.91,USD,USD,BANK-19696685,False,normal,16111.91,0
TXN-0001328,SUP-0080,Aircraft Components,INV-710-2026-001328,PO-2025-001328,2026-04-01,2026-04-27,30,63252.59,59286.61,59286.61,EUR,EUR,BANK-97464377,False,normal,64622.4,0
TXN-0001757,SUP-0073,Information Technology,INV-888-2026-001757,PO-2026-001757,2026-04-01,2026-06-16,60,6382.27,5762.99,5762.99,EUR,EUR,BANK-14030635,False,normal,6281.66,0
TXN-0003259,SUP-0039,Information Technology,INV-106-2026-003259,PO-2026-003259,2026-04-01,2026-05-25,45,50940.98,41322.26,41322.26,USD,USD,BANK-90171323,False,normal,41322.26,0
TXN-0003278,SUP-0102,Maintenance,INV-168-2026-003278,PO-2025-003278,2026-04-01,2026-04-22,30,49117.08,41024.88,41024.88,AED,AED,BANK-27979808,False,normal,11171.07,0
TXN-0003806,SUP-0149,Facilities,INV-163-2026-003806,PO-2025-003806,2026-04-01,2026-04-19,30,11375.47,8801.16,8801.16,USD,USD,BANK-52064343,False,normal,8801.16,0
TXN-0003834,SUP-0007,Maintenance,INV-167-2026-003834,PO-2025-003834,2026-04-01,2026-06-05,60,15994.2,13670.29,13670.29,EUR,EUR,BANK-31280989,False,normal,14900.62,0
TXN-0003991,SUP-0151,Aircraft Components,INV-156-2026-003991,PO-2026-003991,2026-04-01,2026-05-02,30,3763.69,2790.69,2790.69,EUR,EUR,BANK-80628709,False,normal,3041.85,0
TXN-0004869,SUP-0126,Maintenance,INV-606-2026-004869,PO-2026-004869,2026-04-01,2026-05-27,60,4949.71,4926.31,4926.31,AED,AED,BANK-35780160,False,normal,1341.43,0
TXN-0005027,SUP-0145,Information Technology,INV-643-2026-005027,PO-2026-005027,2026-04-01,2026-04-21,30,17307.39,14015.82,14015.82,AED,AED,BANK-26332140,False,normal,3816.51,0
TXN-0005463,SUP-0150,Information Technology,INV-523-2026-005463,PO-2026-005463,2026-04-01,2026-05-13,45,5183.44,5002.61,5002.61,USD,USD,BANK-67087104,False,normal,5002.61,0
TXN-0000661,SUP-0086,Aircraft Components,INV-211-2026-000661,PO-2026-000661,2026-04-02,2026-05-20,45,6195.66,6021.95,6021.95,USD,USD,BANK-11254265,False,normal,6021.95,0
TXN-0000746,SUP-0118,Ground Services,INV-764-2026-000746,PO-2025-000746,2026-04-02,2026-05-06,30,9007.67,8487.37,8487.37,AED,AED,BANK-37085381,False,normal,2311.11,0
TXN-0000946,SUP-0030,Facilities,INV-627-2026-000946,PO-2025-000946,2026-04-02,2026-06-12,60,5515.23,5505.73,5505.73,AED,AED,BANK-14041955,False,normal,1499.21,0
TXN-0001397,SUP-0029,Aircraft Components,INV-688-2026-001397,PO-2026-001397,2026-04-02,2026-05-07,45,7959.53,7556.81,7556.81,USD,USD,BANK-57984114,False,normal,7556.81,0
TXN-0001498,SUP-0121,Aircraft Components,INV-803-2026-001498,PO-2025-001498,2026-04-02,2026-05-07,45,18192.94,14992.44,14992.44,AED,AED,BANK-55753531,False,normal,4082.44,0
TXN-0002152,SUP-0119,Facilities,INV-638-2026-002152,PO-2025-002152,2026-04-02,2026-05-26,45,3295.83,2780.94,2780.94,USD,USD,BANK-21899503,False,normal,2780.94,0
TXN-0002982,SUP-0042,Professional Services,INV-564-2026-002982,PO-2025-002982,2026-04-02,2026-05-14,45,285627.04,248648.6,248648.6,EUR,EUR,BANK-20438281,False,normal,271026.97,0
TXN-0003300,SUP-0089,Information Technology,INV-225-2026-003300,PO-2025-003300,2026-04-02,2026-05-11,45,77427.26,70539.98,70539.98,USD,USD,BANK-35136775,False,normal,70539.98,0
TXN-0003378,SUP-0098,Information Technology,INV-573-2026-003378,PO-2025-003378,2026-04-02,2026-06-10,45,30891.9,24936.65,24936.65,USD,USD,BANK-72483618,False,normal,24936.65,0
TXN-0003681,SUP-0074,Information Technology,INV-354-2026-003681,PO-2026-003681,2026-04-02,2026-05-12,45,7850.07,6581.13,6581.13,USD,USD,BANK-27679119,False,normal,6581.13,0
TXN-0004203,SUP-0002,Professional Services,INV-757-2026-004203,PO-2026-004203,2026-04-02,2026-05-24,45,4184.61,3269.45,3269.45,USD,USD,BANK-19696685,False,normal,3269.45,0
TXN-0005073,SUP-0085,Ground Services,INV-227-2026-005073,PO-2026-005073,2026-04-02,2026-05-25,45,9595.52,8360.18,8360.18,USD,USD,BANK-94093522,False,normal,8360.18,0
TXN-0002157,SUP-0033,Maintenance,INV-428-2026-002157,PO-2026-002157,2026-04-03,2026-05-16,45,4663.81,3529.4,3529.4,USD,USD,BANK-97243596,False,normal,3529.4,0
TXN-0002367,SUP-0019,Maintenance,INV-971-2026-002367,PO-2026-002367,2026-04-03,2026-05-17,30,44940.37,41813.93,41813.93,EUR,EUR,BANK-67134797,False,normal,45577.18,0
TXN-0003608,SUP-0072,Facilities,INV-485-2026-003608,PO-2025-003608,2026-04-03,2026-05-29,60,4420.77,4170.56,4170.56,USD,USD,BANK-88710582,False,normal,4170.56,0
TXN-0003723,SUP-0037,Professional Services,INV-771-2026-003723,PO-2026-003723,2026-04-03,2026-05-07,30,31553.43,26155.04,26155.04,USD,USD,BANK-18183594,False,normal,26155.04,0
TXN-0004114,SUP-0117,Facilities,INV-649-2026-004114,PO-2025-004114,2026-04-03,2026-04-12,30,43217.65,41735.04,41735.04,EUR,EUR,BANK-97580845,False,normal,45491.19,0
TXN-0004704,SUP-0048,Ground Services,INV-674-2026-004704,PO-2025-004704,2026-04-03,2026-05-05,30,3383.85,2830.42,2830.42,USD,USD,BANK-40202528,False,normal,2830.42,0
TXN-0004794,SUP-0032,Ground Services,INV-492-2026-004794,PO-2025-004794,2026-04-03,2026-05-12,45,22473.71,16659.63,16659.63,GBP,GBP,BANK-49158734,False,normal,21157.73,0
TXN-0005582,SUP-0037,Aircraft Components,INV-969-2026-005582,PO-2025-005582,2026-04-03,2026-04-27,30,205877.01,149343.17,149343.17,USD,USD,BANK-18183594,False,normal,149343.17,0
TXN-0000383,SUP-0072,Aircraft Components,INV-723-2026-000383,PO-2026-000383,2026-04-04,2026-05-23,45,4298.5,3699.36,3699.36,USD,USD,BANK-88710582,False,normal,3699.36,0
TXN-0000737,SUP-0154,Aircraft Components,INV-267-2026-000737,PO-2026-000737,2026-04-04,2026-05-04,30,7477.63,7217.06,7217.06,AED,AED,BANK-69720522,False,normal,1965.21,0
TXN-0002016,SUP-0016,Aircraft Components,INV-686-2026-002016,PO-2025-002016,2026-04-04,2026-04-24,45,53630.87,50415.28,50415.28,USD,USD,BANK-96689067,False,normal,50415.28,0
TXN-0002107,SUP-0086,Ground Services,INV-533-2026-002107,PO-2026-002107,2026-04-04,2026-05-04,30,29587.05,24526.77,24526.77,USD,USD,BANK-11254265,False,normal,24526.77,0
TXN-0002301,SUP-0046,Maintenance,INV-553-2026-002301,PO-2026-002301,2026-04-04,2026-05-28,45,13362.41,12905.36,12905.36,EUR,EUR,BANK-11990275,False,normal,14066.84,0
TXN-0002384,SUP-0033,Professional Services,INV-765-2026-002384,PO-2025-002384,2026-04-04,2026-05-23,45,13457.83,12537.25,12537.25,USD,USD,BANK-97243596,False,normal,12537.25,0
TXN-0003346,SUP-0033,Aircraft Components,INV-131-2026-003346,PO-2025-003346,2026-04-04,2026-05-07,45,6500.69,5564.51,5564.51,USD,USD,BANK-97243596,False,normal,5564.51,0
TXN-0003627,SUP-0025,Maintenance,INV-752-2026-003627,PO-2026-003627,2026-04-04,2026-04-18,30,4681.66,3883.47,3883.47,EUR,EUR,BANK-99224451,False,normal,4232.98,0
TXN-0004275,SUP-0155,Information Technology,INV-258-2026-004275,PO-2026-004275,2026-04-04,2026-05-29,45,8901.45,6487.5,6487.5,USD,USD,BANK-19822959,False,normal,6487.5,0
TXN-0004490,SUP-0129,Aircraft Components,INV-780-2026-004490,PO-2025-004490,2026-04-04,2026-07-01,90,4771.51,4542.84,4542.84,USD,USD,BANK-54924829,False,normal,4542.84,0
TXN-0004557,SUP-0064,Facilities,INV-100-2026-004557,PO-2026-004557,2026-04-04,2026-05-15,45,32553.75,31079.25,31079.25,EUR,EUR,BANK-84800139,False,normal,33876.38,0
TXN-0004753,SUP-0147,Maintenance,INV-935-2026-004753,PO-2026-004753,2026-04-04,2026-05-15,45,5880.79,5235.14,5235.14,USD,USD,BANK-82392481,False,normal,5235.14,0
TXN-0005322,SUP-0160,Facilities,INV-347-2026-005322,PO-2025-005322,2026-04-04,2026-07-08,90,1824.88,1367.31,1367.31,EUR,EUR,BANK-51670701,False,normal,1490.37,0
TXN-0005594,SUP-0102,Maintenance,INV-265-2026-005594,PO-2025-005594,2026-04-04,2026-04-29,30,28026.19,21075.03,21075.03,AED,AED,BANK-27979808,False,normal,5738.73,0
TXN-0000535,SUP-0009,Professional Services,INV-169-2026-000535,PO-2026-000535,2026-04-05,2026-04-27,30,9770.98,8813.67,8813.67,USD,USD,BANK-59936721,False,normal,8813.67,0
TXN-0000954,SUP-0153,Information Technology,INV-982-2026-000954,PO-2025-000954,2026-04-05,2026-05-12,30,5311.44,4802.05,4802.05,USD,USD,BANK-11605310,False,normal,4802.05,0
TXN-0001242,SUP-0092,Aircraft Components,INV-108-2026-001242,PO-2025-001242,2026-04-05,2026-05-24,45,23385.29,22328.84,22328.84,AED,AED,BANK-70989279,False,normal,6080.14,0
TXN-0001755,SUP-0036,Professional Services,INV-964-2026-001755,PO-2026-001755,2026-04-05,2026-05-08,30,1304.95,1138.79,1138.79,USD,USD,BANK-90250953,False,normal,1138.79,0
TXN-0002392,SUP-0150,Aircraft Components,INV-310-2026-002392,PO-2025-002392,2026-04-05,2026-05-27,60,16731.56,15453.71,15453.71,USD,USD,BANK-67087104,False,normal,15453.71,0
TXN-0003258,SUP-0071,Information Technology,INV-251-2026-003258,PO-2025-003258,2026-04-05,2026-05-15,45,18929.08,16843.49,16843.49,USD,USD,BANK-74793410,False,normal,16843.49,0
TXN-0005119,SUP-0098,Maintenance,INV-320-2026-005119,PO-2026-005119,2026-04-05,2026-05-02,30,12929.62,10834.75,10834.75,USD,USD,BANK-72483618,False,normal,10834.75,0
TXN-0005299,SUP-0092,Ground Services,INV-539-2026-005299,PO-2026-005299,2026-04-05,2026-06-07,60,6989.99,6231.65,6231.65,AED,AED,BANK-70989279,False,normal,1696.88,0
TXN-0005306,SUP-0015,Aircraft Components,INV-112-2026-005306,PO-2025-005306,2026-04-05,2026-05-24,45,13558.37,12818.45,12818.45,USD,USD,BANK-82742631,False,normal,12818.45,0
TXN-0000043,SUP-0147,Aircraft Components,INV-383-2026-000043,PO-2026-000043,2026-04-06,2026-07-21,90,5025.02,4683.46,4683.46,USD,USD,BANK-82392481,False,normal,4683.46,0
TXN-0000440,SUP-0152,Information Technology,INV-583-2026-000440,PO-2025-000440,2026-04-06,2026-07-01,90,7421.16,5972.43,5972.43,EUR,EUR,BANK-86228158,False,normal,6509.95,0
TXN-0000879,SUP-0089,Maintenance,INV-758-2026-000879,PO-2026-000879,2026-04-06,2026-05-09,30,38409.76,32377.37,32377.37,USD,USD,BANK-35136775,False,normal,32377.37,0
TXN-0001250,SUP-0128,Ground Services,INV-129-2026-001250,PO-2025-001250,2026-04-06,2026-05-06,30,82039.32,68485.26,68485.26,USD,USD,BANK-93232757,False,normal,68485.26,0
TXN-0001475,SUP-0135,Professional Services,INV-688-2026-001475,PO-2026-001475,2026-04-06,2026-05-21,30,8265.85,7801.28,7801.28,AED,AED,BANK-85671420,False,normal,2124.29,0
TXN-0003439,SUP-0103,Professional Services,INV-465-2026-003439,PO-2026-003439,2026-04-06,2026-04-25,30,11699.81,9965.45,9965.45,USD,USD,BANK-87788293,False,normal,9965.45,0
TXN-0004738,SUP-0132,Maintenance,INV-478-2026-004738,PO-2025-004738,2026-04-06,2026-06-15,60,9310.89,8084.91,8084.91,GBP,GBP,BANK-59967823,False,normal,10267.84,0
TXN-0004961,SUP-0107,Professional Services,INV-707-2026-004961,PO-2026-004961,2026-04-06,2026-05-30,45,6261.6,5385.2,5385.2,USD,USD,BANK-17594929,False,normal,5385.2,0
TXN-0000298,SUP-0020,Professional Services,INV-447-2026-000298,PO-2025-000298,2026-04-07,2026-05-25,45,2070.67,1975.51,1975.51,AED,AED,BANK-36182605,False,normal,537.93,0
TXN-0001886,SUP-0132,Maintenance,INV-223-2026-001886,PO-2025-001886,2026-04-07,2026-05-10,45,10998.25,10422.67,10422.67,GBP,GBP,BANK-59967823,False,normal,13236.79,0
TXN-0003079,SUP-0126,Ground Services,INV-219-2026-003079,PO-2026-003079,2026-04-07,2026-05-17,30,30584.96,25071.62,25071.62,AED,AED,BANK-35780160,False,normal,6827.0,0
TXN-0003907,SUP-0002,Ground Services,INV-686-2026-003907,PO-2026-003907,2026-04-07,2026-04-26,30,33448.77,25705.3,25705.3,USD,USD,BANK-19696685,False,normal,25705.3,0
TXN-0003972,SUP-0007,Facilities,INV-252-2026-003972,PO-2025-003972,2026-04-07,2026-05-15,30,979.81,891.05,891.05,EUR,EUR,BANK-31280989,False,normal,971.24,0
TXN-0004781,SUP-0087,Facilities,INV-869-2026-004781,PO-2026-004781,2026-04-07,2026-05-26,45,17114.88,13745.76,13745.76,AED,AED,BANK-25685067,False,normal,3742.97,0
TXN-0005197,SUP-0061,Aircraft Components,INV-939-2026-005197,PO-2026-005197,2026-04-07,2026-05-23,45,18920.91,14459.32,14459.32,AED,AED,BANK-12871994,False,normal,3937.27,0
TXN-0005209,SUP-0094,Professional Services,INV-700-2026-005209,PO-2026-005209,2026-04-07,2026-05-30,60,13978.62,12780.19,12780.19,USD,USD,BANK-20964925,False,normal,12780.19,0
TXN-0000210,SUP-0041,Information Technology,INV-448-2026-000210,PO-2025-000210,2026-04-08,2026-06-06,45,14774.57,11598.51,11598.51,USD,USD,BANK-90410196,False,normal,11598.51,0
TXN-0000836,SUP-0044,Maintenance,INV-530-2026-000836,PO-2025-000836,2026-04-08,2026-05-29,45,18925.34,18800.51,18800.51,USD,USD,BANK-52259076,False,normal,18800.51,0
TXN-0001268,SUP-0064,Professional Services,INV-885-2026-001268,PO-2025-001268,2026-04-08,2026-05-16,30,2653.25,1999.16,1999.16,EUR,EUR,BANK-84800139,False,normal,2179.08,0
TXN-0001759,SUP-0114,Aircraft Components,INV-712-2026-001759,PO-2026-001759,2026-04-08,2026-06-05,45,9361.15,6789.06,6789.06,AED,AED,BANK-93480628,False,normal,1848.66,0
TXN-0002024,SUP-0020,Maintenance,INV-549-2026-002024,PO-2025-002024,2026-04-08,2026-06-14,60,15665.95,12470.36,12470.36,AED,AED,BANK-36182605,False,normal,3395.68,0
TXN-0002045,SUP-0147,Facilities,INV-934-2026-002045,PO-2026-002045,2026-04-08,2026-05-24,45,7179.85,5676.35,5676.35,USD,USD,BANK-82392481,False,normal,5676.35,0
TXN-0002088,SUP-0063,Aircraft Components,INV-158-2026-002088,PO-2025-002088,2026-04-08,2026-05-04,30,51935.93,44836.51,44836.51,AED,AED,BANK-16087857,False,normal,12208.98,0
TXN-0003489,SUP-0016,Ground Services,INV-443-2026-003489,PO-2026-003489,2026-04-08,2026-06-24,60,7371.79,6288.54,6288.54,USD,USD,BANK-96689067,False,normal,6288.54,0
TXN-0003497,SUP-0108,Facilities,INV-410-2026-003497,PO-2026-003497,2026-04-08,2026-05-29,45,1423.11,1040.4,1040.4,USD,USD,BANK-76508559,False,normal,1040.4,0
TXN-0004478,SUP-0038,Maintenance,INV-469-2026-004478,PO-2025-004478,2026-04-08,2026-06-09,60,3574.25,2772.32,2772.32,AED,AED,BANK-86107842,False,normal,754.9,0
TXN-0005247,SUP-0135,Professional Services,INV-185-2026-005247,PO-2026-005247,2026-04-08,2026-05-19,30,17754.65,12825.35,12825.35,AED,AED,BANK-85671420,False,normal,3492.34,0
TXN-0000203,SUP-0072,Maintenance,INV-476-2026-000203,PO-2026-000203,2026-04-09,2026-06-10,45,12098.62,11230.77,11230.77,USD,USD,BANK-88710582,False,normal,11230.77,0
TXN-0001788,SUP-0074,Maintenance,INV-854-2026-001788,PO-2025-001788,2026-04-09,2026-05-23,45,22452.61,19232.25,19232.25,USD,USD,BANK-27679119,False,normal,19232.25,0
TXN-0002534,SUP-0120,Ground Services,INV-211-2026-002534,PO-2025-002534,2026-04-09,2026-06-13,90,1529.29,1309.37,1309.37,AED,AED,BANK-53972563,False,normal,356.54,0
TXN-0004916,SUP-0111,Facilities,INV-720-2026-004916,PO-2025-004916,2026-04-09,2026-07-17,90,46159.18,37393.7,37393.7,USD,USD,BANK-49045227,False,normal,37393.7,0
TXN-0005248,SUP-0064,Professional Services,INV88520260012A68,PO-2025-001268,2026-04-09,2026-05-09,30,2653.25,1999.16,1999.16,EUR,EUR,BANK-84800139,False,near_duplicate,2179.08,1
TXN-0000964,SUP-0017,Aircraft Components,INV-142-2026-000964,PO-2025-000964,2026-04-10,2026-05-08,30,6051.33,5191.68,5191.68,AED,AED,BANK-38542500,False,normal,1413.69,0
TXN-0001465,SUP-0147,Professional Services,INV-726-2026-001465,PO-2026-001465,2026-04-10,2026-05-27,30,7435.46,7284.19,7284.19,USD,USD,BANK-82392481,False,normal,7284.19,0
TXN-0001544,SUP-0055,Facilities,INV-186-2026-001544,PO-2025-001544,2026-04-10,2026-05-10,30,16202.88,16133.46,16133.46,AED,AED,BANK-44199230,False,normal,4393.14,0
TXN-0002140,SUP-0093,Ground Services,INV-204-2026-002140,PO-2025-002140,2026-04-10,2026-06-14,45,10401.38,9447.04,9447.04,USD,USD,BANK-97237891,False,normal,9447.04,0
TXN-0002231,SUP-0070,Maintenance,INV-260-2026-002231,PO-2026-002231,2026-04-10,2026-04-11,45,90531.83,88923.43,88923.43,USD,USD,BANK-63944450,False,rapid_payment,88923.43,1
TXN-0002932,SUP-0141,Maintenance,INV-205-2026-002932,PO-2025-002932,2026-04-10,2026-06-08,45,2021.07,1793.57,1793.57,AED,AED,BANK-10585992,False,normal,488.39,0
TXN-0002942,SUP-0142,Maintenance,INV-877-2026-002942,PO-2025-002942,2026-04-10,2026-06-06,45,3157.02,3015.22,3015.22,AED,AED,BANK-96960871,False,normal,821.04,0
TXN-0005362,SUP-0108,Professional Services,INV-896-2026-005362,PO-2025-005362,2026-04-10,2026-06-20,60,2989.37,2613.64,2613.64,USD,USD,BANK-76508559,False,normal,2613.64,0
TXN-0000293,SUP-0044,Information Technology,INV-859-2026-000293,PO-2026-000293,2026-04-11,2026-06-09,60,24503.98,22631.0,22631.0,USD,USD,BANK-52259076,False,normal,22631.0,0
TXN-0000589,SUP-0075,Ground Services,INV-370-2026-000589,PO-2026-000589,2026-04-11,2026-06-22,60,3168.07,2911.79,2911.79,USD,USD,BANK-35245775,False,normal,2911.79,0
TXN-0001725,SUP-0112,Aircraft Components,INV-192-2026-001725,PO-2026-001725,2026-04-11,2026-05-19,45,92225.25,91299.88,91299.88,USD,USD,BANK-21137842,False,normal,91299.88,0
TXN-0002470,SUP-0160,Maintenance,INV-919-2026-002470,PO-2025-002470,2026-04-11,2026-05-05,30,61566.5,52434.21,52434.21,EUR,EUR,BANK-51670701,False,normal,57153.29,0
TXN-0003421,SUP-0115,Information Technology,INV-438-2026-003421,PO-2026-003421,2026-04-11,2026-05-23,30,4577.42,4077.98,4077.98,USD,USD,BANK-17278259,False,normal,4077.98,0
TXN-0003646,SUP-0149,Information Technology,INV-602-2026-003646,PO-2025-003646,2026-04-11,2026-05-24,45,16352.27,15335.99,15335.99,USD,USD,BANK-52064343,False,normal,15335.99,0
TXN-0004137,SUP-0133,Maintenance,INV-289-2026-004137,PO-2026-004137,2026-04-11,2026-05-05,30,9933.57,9485.39,15504.65,AED,AED,BANK-23338758,False,overpayment,4221.92,1
TXN-0004482,SUP-0055,Maintenance,INV-301-2026-004482,PO-2025-004482,2026-04-11,2026-06-12,60,48049.86,46865.01,46865.01,AED,AED,BANK-44199230,False,normal,12761.34,0
TXN-0004867,SUP-0020,Facilities,INV-735-2026-004867,PO-2026-004867,2026-04-11,2026-06-08,60,25438.13,19117.66,19117.66,AED,AED,BANK-36182605,False,normal,5205.74,0
TXN-0004988,SUP-0030,Maintenance,INV-956-2026-004988,PO-2025-004988,2026-04-11,2026-05-19,30,31095.37,27266.09,27266.09,AED,AED,BANK-14041955,False,normal,7424.56,0
TXN-0005273,SUP-0086,Facilities,INV-915-2026-005273,PO-2026-005273,2026-04-11,2026-05-17,45,1257.65,1171.11,1171.11,USD,USD,BANK-11254265,False,normal,1171.11,0
TXN-0005284,SUP-0088,Information Technology,INV-724-2026-005284,PO-2025-005284,2026-04-11,2026-05-02,30,5387.56,4292.09,4292.09,AED,AED,BANK-30669042,False,normal,1168.74,0
TXN-0000348,SUP-0023,Ground Services,INV-678-2026-000348,PO-2025-000348,2026-04-12,2026-06-12,45,15922.42,11739.54,11739.54,GBP,GBP,BANK-91497896,False,normal,14909.22,0
TXN-0000731,SUP-0082,Professional Services,INV-726-2026-000731,PO-2026-000731,2026-04-12,2026-06-23,90,11590.16,10354.86,10354.86,USD,USD,BANK-55066706,False,normal,10354.86,0
TXN-0001510,SUP-0001,Ground Services,INV-347-2026-001510,PO-2025-001510,2026-04-12,2026-06-02,45,12973.55,10117.5,10117.5,EUR,EUR,BANK-38861149,False,normal,11028.08,0
TXN-0002004,SUP-0058,Professional Services,INV-214-2026-002004,PO-2025-002004,2026-04-12,2026-05-04,30,711.71,520.32,520.32,AED,AED,BANK-94313182,False,normal,141.68,0
TXN-0002090,SUP-0053,Information Technology,INV-619-2026-002090,PO-2025-002090,2026-04-12,2026-06-17,60,13208.31,12478.4,12478.4,EUR,EUR,BANK-76295561,False,normal,13601.46,0
TXN-0003301,SUP-0029,Maintenance,INV-906-2026-003301,PO-2026-003301,2026-04-12,2026-07-14,90,11615.5,11241.81,11241.81,USD,USD,BANK-57984114,False,normal,11241.81,0
TXN-0004027,SUP-0020,Ground Services,INV-659-2026-004027,PO-2026-004027,2026-04-12,2026-05-02,30,1907.8,1732.58,1732.58,AED,AED,BANK-36182605,False,normal,471.78,0
TXN-0004784,SUP-0084,Aircraft Components,INV-850-2026-004784,PO-2025-004784,2026-04-12,2026-06-10,60,19910.71,15937.47,15937.47,USD,USD,BANK-22950775,False,normal,15937.47,0
TXN-0005082,SUP-0057,Maintenance,INV-419-2026-005082,PO-2025-005082,2026-04-12,2026-05-28,45,14621.09,14416.33,14416.33,USD,USD,BANK-10477636,False,normal,14416.33,0
TXN-0000019,SUP-0044,Maintenance,INV-578-2026-000019,PO-2026-000019,2026-04-13,2026-06-07,45,54484.87,40883.17,40883.17,USD,USD,BANK-52259076,False,normal,40883.17,0
TXN-0000082,SUP-0040,Aircraft Components,INV-137-2026-000082,PO-2025-000082,2026-04-13,2026-06-18,60,6419.92,4808.05,4808.05,AED,AED,BANK-30107614,False,normal,1309.23,0
TXN-0000272,SUP-0062,Aircraft Components,INV-873-2026-000272,PO-2025-000272,2026-04-13,2026-06-08,60,9484.83,7044.54,7044.54,AED,AED,BANK-21048213,False,normal,1918.23,0
TXN-0000656,SUP-0055,Information Technology,INV-905-2026-000656,PO-2025-000656,2026-04-13,2026-05-20,45,20941.93,20238.62,20238.62,AED,AED,BANK-44199230,False,normal,5510.98,0
TXN-0001038,SUP-0025,Maintenance,INV-408-2026-001038,PO-2025-001038,2026-04-13,2026-05-21,45,5401.79,4097.8,4097.8,EUR,EUR,BANK-99224451,False,normal,4466.6,0
TXN-0001298,SUP-0153,Aircraft Components,INV-104-2026-001298,PO-2025-001298,2026-04-13,2026-05-03,30,16808.94,13309.4,13309.4,USD,USD,BANK-11605310,False,normal,13309.4,0
TXN-0002486,SUP-0009,Professional Services,INV-785-2026-002486,PO-2025-002486,2026-04-13,2026-05-25,45,7321.28,6286.9,6286.9,USD,USD,BANK-59936721,False,normal,6286.9,0
TXN-0002909,SUP-0054,Information Technology,INV-587-2026-002909,PO-2026-002909,2026-04-13,2026-04-14,45,27429.1,20704.41,20704.41,AED,AED,BANK-77211064,False,rapid_payment,5637.81,1
TXN-0003139,SUP-0134,Professional Services,INV-951-2026-003139,PO-2026-003139,2026-04-13,2026-06-05,45,4163.99,3958.06,3958.06,USD,USD,BANK-67057759,False,normal,3958.06,0
TXN-0004025,SUP-0048,Information Technology,INV-983-2026-004025,PO-2026-004025,2026-04-13,2026-05-13,30,39912.04,31123.98,31123.98,USD,USD,BANK-40202528,False,normal,31123.98,0
TXN-0000552,SUP-0003,Facilities,INV-504-2026-000552,PO-2025-000552,2026-04-14,2026-06-16,60,36565.19,34490.21,34490.21,EUR,EUR,BANK-65317853,False,normal,37594.33,0
TXN-0001487,SUP-0110,Professional Services,INV-192-2026-001487,PO-2026-001487,2026-04-14,2026-06-14,45,24788.36,23328.62,23328.62,EUR,EUR,BANK-21795197,False,normal,25428.2,0
TXN-0002326,SUP-0046,Maintenance,INV-649-2026-002326,PO-2025-002326,2026-04-14,2026-05-13,30,27853.33,23072.31,23072.31,EUR,EUR,BANK-11990275,False,normal,25148.82,0
TXN-0004189,SUP-0134,Aircraft Components,INV-511-2026-004189,PO-2026-004189,2026-04-14,2026-05-14,30,16137.34,16018.78,16018.78,USD,USD,BANK-67057759,False,normal,16018.78,0
TXN-0004314,SUP-0089,Aircraft Components,INV-760-2026-004314,PO-2025-004314,2026-04-14,2026-05-31,30,4715.24,4308.79,4308.79,USD,USD,BANK-35136775,False,normal,4308.79,0
TXN-0004892,SUP-0041,Maintenance,INV-489-2026-004892,PO-2025-004892,2026-04-14,2026-05-19,30,7258.88,5671.3,5671.3,USD,USD,BANK-90410196,False,normal,5671.3,0
TXN-0004924,SUP-0114,Professional Services,INV-692-2026-004924,PO-2025-004924,2026-04-14,2026-06-10,45,72557.98,57231.04,57231.04,AED,AED,BANK-93480628,False,normal,15584.01,0
TXN-0000531,SUP-0062,Maintenance,INV-624-2026-000531,PO-2026-000531,2026-04-15,2026-05-25,30,3529.51,3358.33,3358.33,AED,AED,BANK-21048213,False,normal,914.47,0
TXN-0001317,SUP-0073,Maintenance,INV-357-2026-001317,PO-2026-001317,2026-04-15,2026-07-02,60,61394.9,52470.86,52470.86,EUR,EUR,BANK-14030635,False,normal,57193.24,0
TXN-0002655,SUP-0079,Professional Services,INV-546-2026-002655,PO-2026-002655,2026-04-15,2026-07-18,90,9824.38,8899.44,8899.44,AED,AED,BANK-38837550,False,normal,2423.32,0
TXN-0002904,SUP-0109,Ground Services,INV-530-2026-002904,PO-2025-002904,2026-04-15,2026-06-03,60,2474.64,1882.88,1882.88,USD,USD,BANK-84335845,False,normal,1882.88,0
TXN-0003324,SUP-0098,Aircraft Components,INV-314-2026-003324,PO-2025-003324,2026-04-15,2026-06-18,45,31655.27,26849.5,26849.5,USD,USD,BANK-72483618,False,normal,26849.5,0
TXN-0003706,SUP-0055,Ground Services,INV-476-2026-003706,PO-2025-003706,2026-04-15,2026-07-03,90,16481.74,14755.16,14755.16,AED,AED,BANK-44199230,False,normal,4017.83,0
TXN-0004261,SUP-0123,Information Technology,INV-963-2026-004261,PO-2026-004261,2026-04-15,2026-05-23,45,1921.68,1900.61,1900.61,USD,USD,BANK-38236379,False,normal,1900.61,0
TXN-0004286,SUP-0122,Information Technology,INV-982-2026-004286,PO-2025-004286,2026-04-15,2026-07-04,90,41510.77,37218.16,37218.16,AED,AED,BANK-69657778,False,normal,10134.5,0
TXN-0004391,SUP-0067,Aircraft Components,INV-130-2026-004391,PO-2026-004391,2026-04-15,2026-05-11,30,7176.36,6161.14,6161.14,AED,AED,BANK-77206550,False,normal,1677.68,0
TXN-0004500,SUP-0009,Facilities,INV-913-2026-004500,PO-2025-004500,2026-04-15,2026-06-11,60,2229.41,1858.93,1858.93,USD,USD,BANK-59936721,False,normal,1858.93,0
TXN-0000513,SUP-0154,Information Technology,INV-208-2026-000513,PO-2026-000513,2026-04-16,2026-06-13,60,7303.62,7181.36,7181.36,AED,AED,BANK-69720522,False,normal,1955.48,0
TXN-0000729,SUP-0012,Ground Services,INV-804-2026-000729,PO-2026-000729,2026-04-16,2026-05-19,30,9925.11,7163.29,7163.29,GBP,GBP,BANK-37895989,False,normal,9097.38,0
TXN-0000960,SUP-0006,Maintenance,INV-953-2026-000960,PO-2025-000960,2026-04-16,2026-05-25,30,15625.36,12358.99,12358.99,GBP,GBP,BANK-30719258,False,normal,15695.92,0
TXN-0001037,SUP-0031,Maintenance,INV-138-2026-001037,PO-2026-001037,2026-04-16,2026-06-03,60,15029.12,11707.0,11707.0,EUR,EUR,BANK-36891816,False,normal,12760.63,0
TXN-0002054,SUP-0079,Ground Services,INV-232-2026-002054,PO-2025-002054,2026-04-16,2026-06-09,45,10768.75,10435.3,10435.3,AED,AED,BANK-38837550,False,normal,2841.53,0
TXN-0002255,SUP-0030,Maintenance,INV-156-2026-002255,PO-2026-002255,2026-04-16,2026-05-15,30,166623.6,143286.85,143286.85,AED,AED,BANK-14041955,False,normal,39017.01,0
TXN-0004625,SUP-0088,Ground Services,INV-139-2026-004625,PO-2026-004625,2026-04-16,2026-05-26,30,26311.01,21979.84,21979.84,AED,AED,BANK-30669042,False,normal,5985.11,0
TXN-0004820,SUP-0131,Information Technology,INV-651-2026-004820,PO-2025-004820,2026-04-16,2026-05-10,30,7434.52,6951.47,6951.47,USD,USD,BANK-63724249,False,normal,6951.47,0
TXN-0004860,SUP-0064,Ground Services,INV-690-2026-004860,PO-2025-004860,2026-04-16,2026-05-30,30,40725.38,35144.62,35144.62,EUR,EUR,BANK-84800139,False,normal,38307.64,0
TXN-0005229,SUP-0154,Facilities,INV-518-2026-005229,PO-2026-005229,2026-04-16,2026-05-05,30,26685.36,24714.99,24714.99,AED,AED,BANK-69720522,False,normal,6729.89,0
TXN-0005435,SUP-0024,Maintenance,INV-396-2026-005435,PO-2026-005435,2026-04-16,2026-05-15,30,22681.75,22208.35,22208.35,EUR,EUR,BANK-33036857,False,normal,24207.1,0
TXN-0005504,SUP-0091,Information Technology,INV-991-2026-005504,PO-2025-005504,2026-04-16,2026-05-22,30,21392.45,17874.92,17874.92,USD,USD,BANK-11616527,False,normal,17874.92,0
TXN-0000032,SUP-0109,Ground Services,INV-530-2026-002904,PO-2025-002904,2026-04-17,2026-06-16,60,2474.64,1882.88,1882.88,USD,USD,BANK-84335845,False,exact_duplicate,1882.88,1
TXN-0000575,SUP-0124,Maintenance,INV-380-2026-000575,PO-2026-000575,2026-04-17,2026-06-01,45,11304.09,9579.28,9579.28,USD,USD,BANK-96006092,False,normal,9579.28,0
TXN-0000603,SUP-0105,Maintenance,INV-898-2026-000603,PO-2026-000603,2026-04-17,2026-05-27,45,16874.22,12907.72,12907.72,EUR,EUR,BANK-12259119,False,normal,14069.41,0
TXN-0000716,SUP-0077,Aircraft Components,INV-785-2026-000716,PO-2025-000716,2026-04-17,2026-07-10,90,10770.21,10472.76,10472.76,USD,USD,BANK-99822506,False,normal,10472.76,0
TXN-0000753,SUP-0048,Ground Services,INV-914-2026-000753,PO-2026-000753,2026-04-17,2026-05-08,30,81991.15,75600.23,75600.23,USD,USD,BANK-40202528,False,normal,75600.23,0
TXN-0001254,SUP-0033,Ground Services,INV-886-2026-001254,PO-2025-001254,2026-04-17,2026-06-22,60,9381.74,8835.78,8835.78,USD,USD,BANK-97243596,False,normal,8835.78,0
TXN-0001288,SUP-0064,Facilities,INV-969-2026-001288,PO-2025-001288,2026-04-17,2026-05-16,30,3168.24,3136.28,3136.28,EUR,EUR,BANK-84800139,False,normal,3418.55,0
TXN-0001509,SUP-0121,Aircraft Components,INV-868-2026-001509,PO-2026-001509,2026-04-17,2026-05-09,30,3747.72,3399.31,3399.31,AED,AED,BANK-55753531,False,normal,925.63,0
TXN-0001797,SUP-0052,Professional Services,INV-638-2026-001797,PO-2026-001797,2026-04-17,2026-05-23,30,6994.21,6876.93,6876.93,USD,USD,BANK-89766631,False,normal,6876.93,0
TXN-0003076,SUP-0028,Aircraft Components,INV-107-2026-003076,PO-2025-003076,2026-04-17,2026-06-07,45,24209.72,17892.7,17892.7,USD,USD,BANK-24814703,False,normal,17892.7,0
TXN-0003359,SUP-0148,Aircraft Components,INV-623-2026-003359,PO-2026-003359,2026-04-17,2026-05-08,30,2698.22,2078.98,2078.98,AED,AED,BANK-48887190,False,normal,566.11,0
TXN-0003877,SUP-0080,Professional Services,INV-970-2026-003877,PO-2026-003877,2026-04-17,2026-06-17,60,37485.43,35545.89,35545.89,EUR,USD,BANK-97464377,False,currency_mismatch,35545.89,1
TXN-0004090,SUP-0123,Information Technology,INV-446-2026-004090,PO-2025-004090,2026-04-17,2026-07-10,90,28044.77,24246.43,24246.43,USD,USD,BANK-38236379,False,normal,24246.43,0
TXN-0004583,SUP-0006,Facilities,INV-405-2026-004583,PO-2026-004583,2026-04-17,2026-06-25,60,14451.07,12677.6,12677.6,GBP,GBP,BANK-30719258,False,normal,16100.55,0
TXN-0000167,SUP-0033,Maintenance,INV-264-2026-000167,PO-2026-000167,2026-04-18,2026-05-19,30,6306.37,4873.85,4873.85,USD,USD,BANK-97243596,False,normal,4873.85,0
TXN-0000366,SUP-0129,Aircraft Components,INV-936-2026-000366,PO-2025-000366,2026-04-18,2026-06-24,60,8882.67,8700.98,8700.98,USD,USD,BANK-54924829,False,normal,8700.98,0
TXN-0000458,SUP-0076,Information Technology,INV-767-2026-000458,PO-2025-000458,2026-04-18,2026-06-01,45,12743.97,9311.96,9311.96,USD,USD,BANK-37929130,False,normal,9311.96,0
TXN-0000791,SUP-0106,Maintenance,INV-841-2026-000791,PO-2026-000791,2026-04-18,2026-06-28,60,25536.72,18746.49,18746.49,AED,AED,BANK-74386640,False,normal,5104.67,0
TXN-0001373,SUP-0084,Information Technology,INV-312-2026-001373,PO-2026-001373,2026-04-18,2026-07-07,90,13875.85,13645.73,13645.73,USD,USD,BANK-22950775,False,normal,13645.73,0
TXN-0003920,SUP-0144,Maintenance,INV-612-2026-003920,PO-2025-003920,2026-04-18,2026-06-07,60,5209.57,3987.11,3987.11,AED,AED,BANK-63643829,False,normal,1085.69,0
TXN-0004096,SUP-0156,Aircraft Components,INV-480-2026-004096,PO-2025-004096,2026-04-18,2026-07-22,90,9789.01,7772.31,7772.31,AED,AED,BANK-35913857,False,normal,2116.4,0
TXN-0005330,SUP-0010,Maintenance,INV-738-2026-005330,PO-2025-005330,2026-04-18,2026-05-26,30,22460.39,18398.51,18398.51,USD,USD,BANK-59212295,False,normal,18398.51,0
TXN-0001636,SUP-0153,Professional Services,INV-324-2026-001636,PO-2025-001636,2026-04-19,2026-04-19,90,3960.59,3365.52,3365.52,USD,USD,BANK-11605310,False,rapid_payment,3365.52,1
TXN-0002584,SUP-0012,Professional Services,INV-362-2026-002584,PO-2025-002584,2026-04-19,2026-06-13,60,50150.43,36168.01,36168.01,GBP,GBP,BANK-37895989,False,normal,45933.37,0
TXN-0003999,SUP-0076,Aircraft Components,INV-162-2026-003999,PO-2026-003999,2026-04-19,2026-06-14,60,27494.31,25422.21,25422.21,USD,USD,BANK-37929130,False,normal,25422.21,0
TXN-0005030,SUP-0112,Information Technology,INV-810-2026-005030,PO-2025-005030,2026-04-19,2026-07-14,90,7032.72,5372.94,5372.94,USD,USD,BANK-21137842,False,normal,5372.94,0
TXN-0005310,SUP-0033,Aircraft Components,INV-349-2026-005310,PO-2025-005310,2026-04-19,2026-06-19,60,32616.39,25443.31,25443.31,USD,USD,BANK-97243596,False,normal,25443.31,0
TXN-0000225,SUP-0109,Facilities,INV-330-2026-000225,PO-2026-000225,2026-04-20,2026-05-30,45,9561.72,7460.07,7460.07,USD,USD,BANK-84335845,False,normal,7460.07,0
TXN-0001939,SUP-0056,Maintenance,INV-650-2026-001939,PO-2026-001939,2026-04-20,2026-05-09,30,16138.03,11840.4,11840.4,EUR,EUR,BANK-33621446,False,normal,12906.04,0
TXN-0002659,SUP-0123,Aircraft Components,INV-640-2026-002659,PO-2026-002659,2026-04-20,2026-06-24,60,24067.6,17514.48,17514.48,USD,USD,BANK-38236379,False,normal,17514.48,0
TXN-0002772,SUP-0032,Professional Services,INV-748-2026-002772,PO-2025-002772,2026-04-20,2026-06-02,30,16706.7,16157.09,16157.09,GBP,GBP,BANK-49158734,False,normal,20519.5,0
TXN-0002976,SUP-0152,Facilities,INV-499-2026-002976,PO-2025-002976,2026-04-20,2026-06-01,30,13445.3,11286.18,11286.18,EUR,EUR,BANK-86228158,False,normal,12301.94,0
TXN-0003685,SUP-0060,Professional Services,INV-841-2026-003685,PO-2026-003685,2026-04-20,2026-05-29,30,2765.5,2441.59,2441.59,USD,USD,NEW-66117921,True,bank_change,2441.59,1
TXN-0004059,SUP-0072,Information Technology,INV-797-2026-004059,PO-2026-004059,2026-04-20,2026-05-19,30,1903.43,1883.08,1883.08,USD,USD,BANK-88710582,False,normal,1883.08,0
TXN-0004112,SUP-0001,Professional Services,INV-753-2026-004112,PO-2025-004112,2026-04-20,2026-06-16,45,14543.23,12049.63,12049.63,EUR,EUR,BANK-38861149,False,normal,13134.1,0
TXN-0004479,SUP-0152,Information Technology,INV-265-2026-004479,PO-2026-004479,2026-04-20,2026-05-08,30,3923.56,3332.02,3332.02,EUR,EUR,BANK-86228158,False,normal,3631.9,0
TXN-0004720,SUP-0074,Maintenance,INV-694-2026-004720,PO-2025-004720,2026-04-20,2026-05-25,30,8685.97,6265.74,6265.74,USD,USD,BANK-27679119,False,normal,6265.74,0
TXN-0005238,SUP-0085,Ground Services,INV-296-2026-005238,PO-2025-005238,2026-04-20,2026-06-05,45,6366.82,4908.87,4908.87,USD,USD,BANK-94093522,False,normal,4908.87,0
TXN-0005343,SUP-0019,Facilities,INV-478-2026-005343,PO-2026-005343,2026-04-20,2026-05-22,30,38938.21,30509.32,30509.32,EUR,EUR,BANK-67134797,False,normal,33255.16,0
TXN-0000334,SUP-0160,Facilities,INV-944-2026-000334,PO-2025-000334,2026-04-21,2026-05-08,30,33441.52,28666.31,28666.31,EUR,EUR,BANK-51670701,False,normal,31246.28,0
TXN-0000364,SUP-0097,Maintenance,INV-233-2026-000364,PO-2025-000364,2026-04-21,2026-05-29,45,500.0,496.24,496.24,USD,USD,BANK-93475211,False,normal,496.24,0
TXN-0000468,SUP-0069,Ground Services,INV-112-2026-000468,PO-2025-000468,2026-04-21,2026-06-16,60,38668.69,33188.03,33188.03,USD,USD,BANK-43048809,False,normal,33188.03,0
TXN-0001999,SUP-0056,Maintenance,INV-921-2026-001999,PO-2026-001999,2026-04-21,2026-06-03,30,36346.04,30855.35,30855.35,EUR,EUR,BANK-33621446,False,normal,33632.33,0
TXN-0002779,SUP-0085,Ground Services,INV-921-2026-002779,PO-2026-002779,2026-04-21,2026-06-25,60,14764.93,11681.29,11681.29,USD,USD,BANK-94093522,False,normal,11681.29,0
TXN-0003940,SUP-0140,Professional Services,INV-579-2026-003940,PO-2025-003940,2026-04-21,2026-06-20,60,59025.15,57301.83,57301.83,USD,USD,BANK-47720288,False,normal,57301.83,0
TXN-0004049,SUP-0005,Professional Services,INV-282-2026-004049,PO-2026-004049,2026-04-21,2026-06-11,60,3572.01,3209.27,3209.27,USD,USD,BANK-97763977,False,normal,3209.27,0
TXN-0004897,SUP-0063,Aircraft Components,INV-298-2026-004897,PO-2026-004897,2026-04-21,2026-05-23,45,1626.32,1606.51,1606.51,AED,AED,BANK-16087857,False,normal,437.45,0
TXN-0000428,SUP-0157,Information Technology,INV-797-2026-000428,PO-2025-000428,2026-04-22,2026-05-16,45,1621.48,1355.92,1355.92,USD,USD,BANK-84648574,False,normal,1355.92,0
TXN-0000696,SUP-0149,Information Technology,INV-730-2026-000696,PO-2025-000696,2026-04-22,2026-06-18,60,2804.12,2428.57,2428.57,USD,USD,BANK-52064343,False,normal,2428.57,0
TXN-0000883,SUP-0155,Information Technology,INV-407-2026-000883,PO-2026-000883,2026-04-22,2026-06-04,45,6400.73,6224.22,6224.22,USD,USD,BANK-19822959,False,normal,6224.22,0
TXN-0001157,SUP-0072,Aircraft Components,INV-811-2026-001157,PO-2026-001157,2026-04-22,2026-06-15,60,134615.17,121431.17,121431.17,USD,USD,BANK-88710582,False,normal,121431.17,0
TXN-0002236,SUP-0107,Professional Services,INV-585-2026-002236,PO-2025-002236,2026-04-22,2026-05-25,30,7044.82,5611.19,5611.19,USD,USD,BANK-17594929,False,normal,5611.19,0
TXN-0003051,SUP-0005,Facilities,INV-210-2026-003051,PO-2026-003051,2026-04-22,2026-06-01,30,4918.18,4201.25,4201.25,USD,USD,BANK-97763977,False,normal,4201.25,0
TXN-0004885,SUP-0126,Aircraft Components,INV-634-2026-004885,PO-2026-004885,2026-04-22,2026-05-27,30,49354.79,45309.66,45309.66,AED,AED,BANK-35780160,False,normal,12337.82,0
TXN-0004912,SUP-0084,Information Technology,INV31220260013A73,PO-2026-001373,2026-04-22,2026-07-21,90,13875.85,13645.73,13645.73,USD,USD,BANK-22950775,False,near_duplicate,13645.73,1
TXN-0005440,SUP-0017,Information Technology,INV-933-2026-005440,PO-2025-005440,2026-04-22,2026-05-18,30,12031.54,8955.1,8955.1,AED,AED,BANK-38542500,False,normal,2438.47,0
TXN-0005593,SUP-0093,Maintenance,INV-798-2026-005593,PO-2026-005593,2026-04-22,2026-07-28,90,7648.08,7194.99,7194.99,USD,USD,BANK-97237891,False,normal,7194.99,0
TXN-0001700,SUP-0047,Maintenance,INV-818-2026-001700,PO-2025-001700,2026-04-23,2026-06-22,60,25089.32,21812.82,21812.82,USD,USD,BANK-79481118,False,normal,21812.82,0
TXN-0001748,SUP-0023,Aircraft Components,INV-805-2026-001748,PO-2025-001748,2026-04-23,2026-07-27,90,13816.52,12161.84,12161.84,GBP,GBP,BANK-91497896,False,normal,15445.54,0
TXN-0002354,SUP-0156,Maintenance,INV-307-2026-002354,PO-2025-002354,2026-04-23,2026-05-22,30,3749.87,3356.87,3356.87,AED,AED,BANK-35913857,False,normal,914.08,0
TXN-0002836,SUP-0026,Maintenance,INV-503-2026-002836,PO-2025-002836,2026-04-23,2026-04-23,45,5756.54,5250.33,5250.33,USD,USD,BANK-94243920,False,rapid_payment,5250.33,1
TXN-0003183,SUP-0069,Information Technology,INV-867-2026-003183,PO-2026-003183,2026-04-23,2026-07-09,60,1338.8,1195.2,1195.2,USD,USD,BANK-43048809,False,normal,1195.2,0
TXN-0004082,SUP-0076,Aircraft Components,INV16220260039A99,PO-2026-003999,2026-04-23,2026-06-22,60,27494.31,25422.21,25422.21,USD,USD,BANK-37929130,False,near_duplicate,25422.21,1
TXN-0004734,SUP-0057,Professional Services,INV-333-2026-004734,PO-2025-004734,2026-04-23,2026-06-12,60,1953.93,1514.9,1514.9,USD,USD,BANK-10477636,False,normal,1514.9,0
TXN-0005050,SUP-0109,Facilities,INV-511-2026-005050,PO-2025-005050,2026-04-23,2026-05-31,45,25996.81,24099.41,24099.41,USD,USD,BANK-84335845,False,normal,24099.41,0
TXN-0000296,SUP-0102,Information Technology,INV-446-2026-000296,PO-2025-000296,2026-04-24,2026-06-24,60,17083.66,16171.23,16171.23,AED,AED,BANK-27979808,False,normal,4403.43,0
TXN-0001348,SUP-0012,Professional Services,INV-553-2026-001348,PO-2025-001348,2026-04-24,2026-06-05,30,6242.03,4874.21,4874.21,GBP,GBP,BANK-37895989,False,normal,6190.25,0
TXN-0003001,SUP-0055,Information Technology,INV-416-2026-003001,PO-2026-003001,2026-04-24,2026-07-03,45,1329.36,1154.14,1154.14,AED,AED,BANK-44199230,False,normal,314.27,0
TXN-0004081,SUP-0113,Maintenance,INV-670-2026-004081,PO-2026-004081,2026-04-24,2026-06-15,45,8539.57,8498.97,8498.97,USD,USD,BANK-61055398,False,normal,8498.97,0
TXN-0004268,SUP-0140,Maintenance,INV-621-2026-004268,PO-2025-004268,2026-04-24,2026-05-22,30,17642.74,13853.92,13853.92,USD,USD,BANK-47720288,False,normal,13853.92,0
TXN-0004485,SUP-0137,Maintenance,INV-377-2026-004485,PO-2026-004485,2026-04-24,2026-05-21,30,9189.97,7703.88,7703.88,GBP,GBP,BANK-75099036,False,normal,9783.93,0
TXN-0004658,SUP-0090,Information Technology,INV-497-2026-004658,PO-2025-004658,2026-04-24,2026-06-16,45,15980.06,12575.96,12575.96,AED,AED,BANK-21863999,False,normal,3424.43,0
TXN-0004677,SUP-0046,Aircraft Components,INV-773-2026-004677,PO-2026-004677,2026-04-24,2026-04-25,30,8726.65,6742.53,6742.53,EUR,EUR,BANK-11990275,False,rapid_payment,7349.36,1
TXN-0004808,SUP-0117,Professional Services,INV-319-2026-004808,PO-2025-004808,2026-04-24,2026-07-03,60,6489.26,4835.57,4835.57,EUR,EUR,BANK-97580845,False,normal,5270.77,0
TXN-0005115,SUP-0054,Maintenance,INV-862-2026-005115,PO-2026-005115,2026-04-24,2026-06-06,30,3887.36,3438.09,3438.09,AED,AED,BANK-77211064,False,normal,936.19,0
TXN-0005121,SUP-0073,Maintenance,INV-766-2026-005121,PO-2026-005121,2026-04-24,2026-07-11,90,17710.4,13356.73,13356.73,EUR,EUR,BANK-14030635,False,normal,14558.84,0
TXN-0005574,SUP-0061,Ground Services,INV-616-2026-005574,PO-2025-005574,2026-04-24,2026-06-10,45,3730.5,3088.06,3088.06,AED,AED,BANK-12871994,False,normal,840.88,0
TXN-0000782,SUP-0060,Information Technology,INV-621-2026-000782,PO-2025-000782,2026-04-25,2026-05-08,30,26189.22,19511.78,19511.78,USD,USD,BANK-31687351,False,normal,19511.78,0
TXN-0001456,SUP-0041,Professional Services,INV-741-2026-001456,PO-2025-001456,2026-04-25,2026-05-25,30,5553.4,5141.33,5141.33,USD,USD,BANK-90410196,False,normal,5141.33,0
TXN-0001961,SUP-0124,Aircraft Components,INV-147-2026-001961,PO-2026-001961,2026-04-25,2026-06-04,30,33028.28,25992.95,25992.95,USD,USD,BANK-96006092,False,normal,25992.95,0
TXN-0003060,SUP-0101,Professional Services,INV-726-2026-003060,PO-2025-003060,2026-04-25,2026-07-04,60,64815.52,56211.76,56211.76,EUR,EUR,BANK-47533220,False,normal,61270.82,0
TXN-0003228,SUP-0036,Maintenance,INV-511-2026-003228,PO-2025-003228,2026-04-25,2026-06-16,30,4870.6,4843.63,4843.63,USD,USD,BANK-90250953,False,normal,4843.63,0
TXN-0003374,SUP-0071,Aircraft Components,INV-161-2026-003374,PO-2025-003374,2026-04-25,2026-07-14,90,12258.52,10716.9,10716.9,USD,USD,BANK-74793410,False,normal,10716.9,0
TXN-0004161,SUP-0120,Ground Services,INV-125-2026-004161,PO-2026-004161,2026-04-25,2026-06-02,45,7449.13,6612.61,6612.61,AED,AED,BANK-53972563,False,normal,1800.61,0
TXN-0004919,SUP-0004,Ground Services,INV-906-2026-004919,PO-2026-004919,2026-04-25,2026-07-04,60,1032.46,903.84,903.84,AED,AED,BANK-92441065,False,normal,246.12,0
TXN-0005148,SUP-0046,Professional Services,INV-620-2026-005148,PO-2025-005148,2026-04-25,2026-07-02,60,17725.44,17141.17,17141.17,EUR,EUR,BANK-11990275,False,normal,18683.88,0
TXN-0000054,SUP-0004,Maintenance,INV-161-2026-000054,PO-2025-000054,2026-04-26,2026-07-27,90,21393.06,18458.24,18458.24,AED,AED,BANK-92441065,False,normal,5026.18,0
TXN-0000740,SUP-0156,Maintenance,INV-599-2026-000740,PO-2025-000740,2026-04-26,2026-05-24,45,2384.67,2108.15,2108.15,AED,AED,BANK-35913857,False,normal,574.05,0
TXN-0000759,SUP-0010,Maintenance,INV-738-2026-005330,PO-2025-005330,2026-04-26,2026-05-26,30,22460.39,18398.51,18398.51,USD,USD,BANK-59212295,False,exact_duplicate,18398.51,1
TXN-0001669,SUP-0113,Ground Services,INV-329-2026-001669,PO-2026-001669,2026-04-26,2026-05-27,30,27290.59,26236.59,26236.59,USD,USD,BANK-61055398,False,normal,26236.59,0
TXN-0002017,SUP-0121,Aircraft Components,INV-650-2026-002017,PO-2026-002017,2026-04-26,2026-05-20,30,62963.57,55682.59,55682.59,AED,AED,BANK-55753531,False,normal,15162.37,0
TXN-0002521,SUP-0096,Facilities,INV-657-2026-002521,PO-2026-002521,2026-04-26,2026-06-24,60,14795.87,12366.53,12366.53,AED,AED,BANK-55569693,False,normal,3367.41,0
TXN-0002540,SUP-0101,Ground Services,INV-328-2026-002540,PO-2025-002540,2026-04-26,2026-06-25,60,24377.21,21595.96,21595.96,EUR,EUR,BANK-47533220,False,normal,23539.6,0
TXN-0003288,SUP-0021,Facilities,INV-919-2026-003288,PO-2025-003288,2026-04-26,2026-06-09,30,15326.7,12746.95,12746.95,EUR,EUR,BANK-65967398,False,normal,13894.18,0
TXN-0004365,SUP-0031,Maintenance,INV-138-2026-001037,PO-2026-001037,2026-04-26,2026-06-25,60,15029.12,11707.0,11707.0,EUR,EUR,BANK-36891816,False,exact_duplicate,12760.63,1
TXN-0000598,SUP-0126,Aircraft Components,INV-634-2026-004885,PO-2026-004885,2026-04-27,2026-05-27,30,49354.79,45309.66,45309.66,AED,AED,BANK-35780160,False,exact_duplicate,12337.82,1
TXN-0001891,SUP-0137,Ground Services,INV-834-2026-001891,PO-2026-001891,2026-04-27,2026-06-17,45,12154.68,9911.02,9911.02,GBP,GBP,BANK-75099036,False,normal,12587.0,0
TXN-0002218,SUP-0135,Ground Services,INV-813-2026-002218,PO-2025-002218,2026-04-27,2026-06-25,45,36948.5,35150.96,35150.96,AED,AED,BANK-85671420,False,normal,9571.61,0
TXN-0002554,SUP-0032,Maintenance,INV-583-2026-002554,PO-2025-002554,2026-04-27,2026-06-12,45,4182.73,3093.77,3093.77,GBP,GBP,BANK-49158734,False,normal,3929.09,0
TXN-0003290,SUP-0031,Information Technology,INV-437-2026-003290,PO-2025-003290,2026-04-27,2026-06-29,60,68262.58,61113.0,61113.0,EUR,EUR,BANK-36891816,False,normal,66613.17,0
TXN-0003465,SUP-0061,Ground Services,INV-565-2026-003465,PO-2026-003465,2026-04-27,2026-06-06,45,6897.94,5593.15,5593.15,AED,AED,BANK-12871994,False,normal,1523.01,0
TXN-0003673,SUP-0032,Professional Services,INV-564-2026-003673,PO-2026-003673,2026-04-27,2026-06-11,30,4482.61,3611.25,3611.25,GBP,GBP,BANK-49158734,False,normal,4586.29,0
TXN-0005061,SUP-0025,Ground Services,INV-137-2026-005061,PO-2026-005061,2026-04-27,2026-06-16,45,10786.88,9678.37,9678.37,EUR,EUR,BANK-99224451,False,normal,10549.42,0
TXN-0005359,SUP-0140,Ground Services,INV-571-2026-005359,PO-2026-005359,2026-04-27,2026-05-24,30,13127.96,11423.62,11423.62,USD,USD,BANK-47720288,False,normal,11423.62,0
TXN-0001147,SUP-0015,Aircraft Components,INV-873-2026-001147,PO-2026-001147,2026-04-28,2026-05-31,45,3086.49,2799.52,2799.52,USD,USD,BANK-82742631,False,normal,2799.52,0
TXN-0002210,SUP-0060,Professional Services,INV-658-2026-002210,PO-2025-002210,2026-04-28,2026-06-11,30,9846.78,7330.6,7330.6,USD,USD,BANK-31687351,False,normal,7330.6,0
TXN-0002829,SUP-0065,Aircraft Components,INV-516-2026-002829,PO-2026-002829,2026-04-28,2026-07-03,60,6724.0,5415.92,5415.92,AED,AED,BANK-90272029,False,normal,1474.76,0
TXN-0002889,SUP-0108,Maintenance,INV-938-2026-002889,PO-2026-002889,2026-04-28,2026-05-12,30,23313.81,21799.81,21799.81,USD,USD,BANK-76508559,False,normal,21799.81,0
TXN-0003052,SUP-0022,Maintenance,INV-729-2026-003052,PO-2025-003052,2026-04-28,2026-06-16,45,98790.94,78721.57,78721.57,USD,USD,BANK-56355141,False,normal,78721.57,0
TXN-0003990,SUP-0052,Aircraft Components,INV-504-2026-003990,PO-2025-003990,2026-04-28,2026-06-07,60,152893.45,134147.39,134147.39,USD,USD,BANK-89766631,False,normal,134147.39,0
TXN-0004849,SUP-0098,Aircraft Components,INV-575-2026-004849,PO-2026-004849,2026-04-28,2026-04-29,30,4276.06,3823.27,3823.27,USD,USD,BANK-72483618,False,rapid_payment,3823.27,1
TXN-0004921,SUP-0117,Aircraft Components,INV-865-2026-004921,PO-2026-004921,2026-04-28,2026-05-17,30,3215.05,2652.59,2652.59,EUR,EUR,BANK-97580845,False,normal,2891.32,0
TXN-0005063,SUP-0036,Maintenance,INV-151-2026-005063,PO-2026-005063,2026-04-28,2026-05-27,30,5625.32,4406.41,4406.41,USD,USD,BANK-90250953,False,normal,4406.41,0
TXN-0000354,SUP-0146,Aircraft Components,INV-296-2026-000354,PO-2025-000354,2026-04-29,2026-05-16,30,36095.19,26657.95,26657.95,USD,USD,BANK-76449297,False,normal,26657.95,0
TXN-0000881,SUP-0049,Aircraft Components,INV-639-2026-000881,PO-2026-000881,2026-04-29,2026-05-30,30,2759.09,2079.87,2079.87,AED,AED,BANK-69549513,False,normal,566.35,0
TXN-0001533,SUP-0116,Professional Services,INV-317-2026-001533,PO-2026-001533,2026-04-29,2026-06-01,45,57435.78,56879.95,56879.95,EUR,EUR,BANK-45782037,False,normal,61999.15,0
TXN-0002000,SUP-0058,Maintenance,INV-368-2026-002000,PO-2025-002000,2026-04-29,2026-06-13,60,107535.51,81476.98,81476.98,AED,AED,BANK-94313182,False,normal,22186.18,0
TXN-0002003,SUP-0085,Maintenance,INV-334-2026-002003,PO-2026-002003,2026-04-29,2026-07-26,90,4687.44,4459.9,4459.9,USD,USD,BANK-94093522,False,normal,4459.9,0
TXN-0003447,SUP-0113,Maintenance,INV-619-2026-003447,PO-2026-003447,2026-04-29,2026-08-02,90,10348.04,7951.84,7951.84,USD,USD,BANK-61055398,False,normal,7951.84,0
TXN-0003618,SUP-0003,Facilities,INV-550-2026-003618,PO-2025-003618,2026-04-29,2026-07-27,90,7324.29,6810.94,6810.94,EUR,EUR,BANK-65317853,False,normal,7423.92,0
TXN-0003674,SUP-0005,Professional Services,INV-871-2026-003674,PO-2025-003674,2026-04-29,2026-08-17,90,500.0,372.65,372.65,USD,USD,BANK-97763977,False,normal,372.65,0
TXN-0003764,SUP-0061,Facilities,INV-831-2026-003764,PO-2025-003764,2026-04-29,2026-06-27,60,10720.47,8841.43,8841.43,AED,AED,BANK-12871994,False,normal,2407.52,0
TXN-0004424,SUP-0100,Aircraft Components,INV-993-2026-004424,PO-2025-004424,2026-04-29,2026-05-30,30,191707.91,170257.13,170257.13,GBP,GBP,BANK-62300494,False,normal,216226.56,0
TXN-0004484,SUP-0131,Professional Services,INV-690-2026-004484,PO-2025-004484,2026-04-29,2026-06-18,60,74574.91,58624.39,58624.39,USD,USD,BANK-63724249,False,normal,58624.39,0
TXN-0004572,SUP-0133,Professional Services,INV-557-2026-004572,PO-2025-004572,2026-04-29,2026-05-14,30,10495.37,7679.31,7679.31,AED,AED,BANK-23338758,False,normal,2091.08,0
TXN-0004685,SUP-0097,Ground Services,INV-330-2026-004685,PO-2026-004685,2026-04-29,2026-06-09,30,5691.11,5057.58,5057.58,USD,USD,BANK-93475211,False,normal,5057.58,0
TXN-0004694,SUP-0065,Information Technology,INV-546-2026-004694,PO-2025-004694,2026-04-29,2026-05-29,30,9635.49,7524.16,7524.16,AED,AED,BANK-90272029,False,normal,2048.83,0
TXN-0000401,SUP-0009,Professional Services,INV-360-2026-000401,PO-2026-000401,2026-04-30,2026-06-30,45,34319.45,30213.56,30213.56,USD,USD,BANK-59936721,False,normal,30213.56,0
TXN-0001809,SUP-0115,Professional Services,INV-653-2026-001809,PO-2026-001809,2026-04-30,2026-06-11,30,8988.32,8613.09,8613.09,USD,USD,BANK-17278259,False,normal,8613.09,0
TXN-0002223,SUP-0117,Maintenance,INV-399-2026-002223,PO-2026-002223,2026-04-30,2026-06-25,45,5551.4,4425.47,4425.47,EUR,EUR,BANK-97580845,False,normal,4823.76,0
TXN-0002502,SUP-0126,Maintenance,INV-320-2026-002502,PO-2025-002502,2026-04-30,2026-07-12,60,7947.23,5976.24,5976.24,AED,AED,BANK-35780160,False,normal,1627.33,0
TXN-0002788,SUP-0065,Maintenance,INV-797-2026-002788,PO-2025-002788,2026-04-30,2026-05-24,30,25026.21,21933.02,21933.02,AED,AED,BANK-90272029,False,normal,5972.36,0
TXN-0002995,SUP-0128,Maintenance,INV-966-2026-002995,PO-2026-002995,2026-04-30,2026-05-27,30,191013.62,190297.49,190297.49,USD,USD,BANK-93232757,False,normal,190297.49,0
TXN-0003018,SUP-0033,Maintenance,INV-659-2026-003018,PO-2025-003018,2026-04-30,2026-05-28,45,5109.67,4130.13,4130.13,USD,USD,BANK-97243596,False,normal,4130.13,0
TXN-0003117,SUP-0025,Ground Services,INV-439-2026-003117,PO-2026-003117,2026-04-30,2026-06-26,45,16485.71,15860.31,15860.31,EUR,EUR,BANK-99224451,False,normal,17287.74,0
TXN-0003221,SUP-0026,Information Technology,INV-110-2026-003221,PO-2026-003221,2026-04-30,2026-05-22,30,19169.4,16283.01,16283.01,USD,USD,BANK-94243920,False,normal,16283.01,0
TXN-0003433,SUP-0010,Professional Services,INV-427-2026-003433,PO-2026-003433,2026-04-30,2026-07-16,90,5570.28,4765.07,4765.07,USD,USD,BANK-59212295,False,normal,4765.07,0
TXN-0003914,SUP-0107,Information Technology,INV-404-2026-003914,PO-2025-003914,2026-04-30,2026-05-23,30,4829.09,3907.64,3907.64,USD,USD,BANK-17594929,False,normal,3907.64,0
TXN-0004174,SUP-0080,Ground Services,INV-315-2026-004174,PO-2025-004174,2026-04-30,2026-05-29,30,20788.74,16522.02,16522.02,EUR,EUR,BANK-97464377,False,normal,18009.0,0
TXN-0001197,SUP-0006,Professional Services,INV-127-2026-001197,PO-2026-001197,2026-05-01,2026-06-08,45,6205.66,5635.11,5635.11,GBP,GBP,BANK-30719258,False,normal,7156.59,0
TXN-0001221,SUP-0158,Ground Services,INV-810-2026-001221,PO-2026-001221,2026-05-01,2026-05-27,30,66541.39,58084.55,58084.55,AED,AED,BANK-32546185,False,normal,15816.42,0
TXN-0003665,SUP-0053,Ground Services,INV-380-2026-003665,PO-2026-003665,2026-05-01,2026-06-03,45,9385.0,9341.72,9341.72,EUR,EUR,BANK-76295561,False,normal,10182.47,0
TXN-0003769,SUP-0055,Maintenance,INV-606-2026-003769,PO-2026-003769,2026-05-01,2026-06-18,45,6463.3,5740.44,5740.44,AED,AED,BANK-44199230,False,normal,1563.12,0
TXN-0004457,SUP-0134,Information Technology,INV-685-2026-004457,PO-2026-004457,2026-05-01,2026-06-10,30,5893.35,5223.22,5223.22,USD,USD,BANK-67057759,False,normal,5223.22,0
TXN-0004585,SUP-0146,Aircraft Components,INV-758-2026-004585,PO-2026-004585,2026-05-01,2026-07-01,45,12689.76,11905.19,11905.19,USD,USD,BANK-76449297,False,normal,11905.19,0
TXN-0004848,SUP-0144,Facilities,INV-484-2026-004848,PO-2025-004848,2026-05-01,2026-05-11,30,2054.48,1540.04,1540.04,AED,AED,BANK-63643829,False,normal,419.35,0
TXN-0005265,SUP-0141,Maintenance,INV-813-2026-005265,PO-2026-005265,2026-05-01,2026-06-09,45,17718.25,13217.66,13217.66,AED,AED,BANK-10585992,False,normal,3599.17,0
TXN-0005468,SUP-0105,Information Technology,INV-687-2026-005468,PO-2025-005468,2026-05-01,2026-05-15,30,3826.82,3276.25,3276.25,EUR,EUR,BANK-12259119,False,normal,3571.11,0
TXN-0000518,SUP-0142,Information Technology,INV-990-2026-000518,PO-2025-000518,2026-05-02,2026-06-05,30,27123.83,26107.48,26107.48,AED,AED,BANK-96960871,False,normal,7109.07,0
TXN-0000553,SUP-0070,Professional Services,INV-251-2026-000553,PO-2026-000553,2026-05-02,2026-06-09,30,961.59,722.0,722.0,USD,USD,BANK-63944450,False,normal,722.0,0
TXN-0000788,SUP-0109,Ground Services,INV-561-2026-000788,PO-2025-000788,2026-05-02,2026-07-27,90,1153.48,1086.74,1086.74,USD,USD,BANK-84335845,False,normal,1086.74,0
TXN-0001230,SUP-0141,Professional Services,INV-476-2026-001230,PO-2025-001230,2026-05-02,2026-06-23,45,22897.25,19962.51,19962.51,AED,AED,BANK-10585992,False,normal,5435.79,0
TXN-0003177,SUP-0155,Information Technology,INV-280-2026-003177,PO-2026-003177,2026-05-02,2026-06-16,45,7638.43,6775.17,6775.17,USD,USD,BANK-19822959,False,normal,6775.17,0
TXN-0003355,SUP-0140,Information Technology,INV-137-2026-003355,PO-2026-003355,2026-05-02,2026-07-15,60,56211.47,80832.0,80832.0,USD,USD,BANK-47720288,False,invoice_above_po,80832.0,1
TXN-0003512,SUP-0136,Maintenance,INV-454-2026-003512,PO-2025-003512,2026-05-02,2026-05-25,30,7045.27,6518.45,6518.45,USD,USD,BANK-19530766,False,normal,6518.45,0
TXN-0003704,SUP-0145,Information Technology,INV-734-2026-003704,PO-2025-003704,2026-05-02,2026-07-26,90,5563.17,4622.52,4622.52,AED,AED,BANK-26332140,False,normal,1258.71,0
TXN-0003993,SUP-0140,Aircraft Components,INV-286-2026-003993,PO-2026-003993,2026-05-02,2026-05-27,30,2644.77,2429.77,2429.77,USD,USD,BANK-47720288,False,normal,2429.77,0
TXN-0004234,SUP-0025,Ground Services,INV-859-2026-004234,PO-2025-004234,2026-05-02,2026-05-28,30,16084.6,12260.3,12260.3,EUR,EUR,BANK-99224451,False,normal,13363.73,0
TXN-0004956,SUP-0082,Facilities,INV-248-2026-004956,PO-2025-004956,2026-05-02,2026-06-30,45,5820.76,5711.9,5711.9,USD,USD,BANK-55066706,False,normal,5711.9,0
TXN-0001064,SUP-0001,Ground Services,INV-214-2026-001064,PO-2025-001064,2026-05-03,2026-06-11,45,68489.72,66241.72,66241.72,EUR,EUR,BANK-38861149,False,normal,72203.47,0
TXN-0001587,SUP-0065,Maintenance,INV-645-2026-001587,PO-2026-001587,2026-05-03,2026-05-29,30,11947.25,11876.92,11876.92,AED,AED,BANK-90272029,False,normal,3234.09,0
TXN-0002103,SUP-0156,Facilities,INV-977-2026-002103,PO-2026-002103,2026-05-03,2026-08-08,90,7061.07,6492.49,6492.49,AED,AED,BANK-35913857,False,normal,1767.91,0
TXN-0002294,SUP-0008,Ground Services,INV-111-2026-002294,PO-2025-002294,2026-05-03,2026-06-06,30,17682.18,15185.23,15185.23,EUR,EUR,BANK-22713593,False,normal,16551.9,0
TXN-0002596,SUP-0132,Information Technology,INV-335-2026-002596,PO-2025-002596,2026-05-03,2026-06-12,30,8453.16,7632.83,9710.54,GBP,GBP,BANK-59967823,False,overpayment,12332.39,1
TXN-0002781,SUP-0119,Maintenance,INV-391-2026-002781,PO-2026-002781,2026-05-03,2026-06-21,45,3784.22,3200.34,3200.34,USD,USD,BANK-21899503,False,normal,3200.34,0
TXN-0000609,SUP-0053,Maintenance,INV-529-2026-000609,PO-2026-000609,2026-05-04,2026-06-08,30,9393.78,8882.76,8882.76,EUR,EUR,BANK-76295561,False,normal,9682.21,0
TXN-0001167,SUP-0009,Ground Services,INV-802-2026-001167,PO-2026-001167,2026-05-04,2026-07-10,60,1446.64,1044.54,1044.54,USD,USD,BANK-59936721,False,normal,1044.54,0
TXN-0001694,SUP-0074,Aircraft Components,INV-157-2026-001694,PO-2025-001694,2026-05-04,2026-06-15,30,21256.57,15508.06,15508.06,USD,USD,BANK-27679119,False,normal,15508.06,0
TXN-0002081,SUP-0129,Information Technology,INV-189-2026-002081,PO-2026-002081,2026-05-04,2026-06-18,30,10642.56,10537.46,10537.46,USD,AED,BANK-54924829,False,currency_mismatch,2869.35,1
TXN-0003481,SUP-0126,Maintenance,INV-990-2026-003481,PO-2026-003481,2026-05-04,2026-05-30,30,7491.27,7205.99,7205.99,AED,AED,BANK-35780160,False,normal,1962.19,0
TXN-0004639,SUP-0019,Information Technology,INV-299-2026-004639,PO-2026-004639,2026-05-04,2026-06-15,60,13121.4,11927.65,11927.65,EUR,EUR,BANK-67134797,False,normal,13001.14,0
TXN-0005142,SUP-0120,Ground Services,INV12520260041A61,PO-2026-004161,2026-05-04,2026-06-18,45,7449.13,6612.61,6612.61,AED,AED,BANK-53972563,False,near_duplicate,1800.61,1
TXN-0000689,SUP-0002,Information Technology,INV-860-2026-000689,PO-2026-000689,2026-05-05,2026-06-04,30,41730.73,30468.16,30468.16,USD,USD,BANK-19696685,False,normal,30468.16,0
TXN-0001051,SUP-0025,Aircraft Components,INV-462-2026-001051,PO-2026-001051,2026-05-05,2026-06-27,45,8248.93,6813.53,6813.53,EUR,EUR,BANK-99224451,False,normal,7426.75,0
TXN-0002085,SUP-0129,Facilities,INV-989-2026-002085,PO-2026-002085,2026-05-05,2026-06-19,45,51951.79,45410.76,45410.76,USD,USD,BANK-54924829,False,normal,45410.76,0
TXN-0002745,SUP-0135,Professional Services,INV-743-2026-002745,PO-2026-002745,2026-05-05,2026-07-16,60,10377.2,9720.96,9720.96,AED,AED,BANK-85671420,False,normal,2647.02,0
TXN-0002858,SUP-0100,Aircraft Components,INV-448-2026-002858,PO-2025-002858,2026-05-05,2026-06-08,45,2110.69,2007.13,2007.13,GBP,GBP,BANK-62300494,False,normal,2549.06,0
TXN-0002975,SUP-0067,Professional Services,INV-310-2026-002975,PO-2026-002975,2026-05-05,2026-06-05,30,21584.38,15764.9,15764.9,AED,AED,BANK-77206550,False,normal,4292.78,0
TXN-0003033,SUP-0109,Ground Services,INV-749-2026-003033,PO-2026-003033,2026-05-05,2026-06-29,45,56664.44,54402.37,54402.37,USD,USD,BANK-84335845,False,normal,54402.37,0
TXN-0003048,SUP-0159,Aircraft Components,INV-915-2026-003048,PO-2025-003048,2026-05-05,2026-07-04,60,4116.06,3427.01,3427.01,AED,USD,BANK-81713537,False,currency_mismatch,3427.01,1
TXN-0003756,SUP-0044,Aircraft Components,INV-756-2026-003756,PO-2025-003756,2026-05-05,2026-06-26,45,15211.3,13818.26,13818.26,USD,USD,BANK-52259076,False,normal,13818.26,0
TXN-0004406,SUP-0092,Information Technology,INV-777-2026-004406,PO-2025-004406,2026-05-05,2026-07-29,90,38302.05,34640.55,34640.55,AED,AED,BANK-70989279,False,normal,9432.62,0
TXN-0004990,SUP-0085,Maintenance,INV-110-2026-004990,PO-2025-004990,2026-05-05,2026-06-28,60,9537.16,7187.6,7187.6,USD,USD,BANK-94093522,False,normal,7187.6,0
TXN-0005028,SUP-0140,Information Technology,INV-428-2026-005028,PO-2025-005028,2026-05-05,2026-06-20,60,3378.88,2588.03,2588.03,USD,USD,BANK-47720288,False,normal,2588.03,0
TXN-0005373,SUP-0055,Facilities,INV-512-2026-005373,PO-2026-005373,2026-05-05,2026-06-14,60,26290.63,21399.75,21399.75,AED,AED,BANK-44199230,False,normal,5827.15,0
TXN-0000760,SUP-0158,Aircraft Components,INV-496-2026-000760,PO-2025-000760,2026-05-06,2026-07-06,60,18998.55,18001.72,18001.72,AED,AED,BANK-32546185,False,normal,4901.87,0
TXN-0000795,SUP-0119,Professional Services,INV-111-2026-000795,PO-2026-000795,2026-05-06,2026-08-01,90,42420.12,40474.8,40474.8,USD,USD,BANK-21899503,False,normal,40474.8,0
TXN-0001252,SUP-0016,Maintenance,INV-498-2026-001252,PO-2025-001252,2026-05-06,2026-07-16,60,25470.83,22885.45,22885.45,USD,USD,NEW-74615821,True,bank_change,22885.45,1
TXN-0002165,SUP-0141,Aircraft Components,INV-843-2026-002165,PO-2026-002165,2026-05-06,2026-05-30,30,31439.03,25705.73,25705.73,AED,AED,BANK-10585992,False,normal,6999.67,0
TXN-0002399,SUP-0057,Professional Services,INV-775-2026-002399,PO-2026-002399,2026-05-06,2026-06-24,60,16603.41,14713.2,14713.2,USD,USD,BANK-10477636,False,normal,14713.2,0
TXN-0003960,SUP-0067,Information Technology,INV-930-2026-003960,PO-2025-003960,2026-05-06,2026-06-30,60,2820.23,2808.88,2808.88,AED,AED,BANK-77206550,False,normal,764.86,0
TXN-0004673,SUP-0023,Information Technology,INV-558-2026-004673,PO-2026-004673,2026-05-06,2026-06-12,30,12502.01,12074.16,12074.16,GBP,GBP,BANK-91497896,False,normal,15334.18,0
TXN-0004714,SUP-0153,Aircraft Components,INV-445-2026-004714,PO-2025-004714,2026-05-06,2026-07-04,60,24079.09,18886.05,18886.05,USD,USD,BANK-11605310,False,normal,18886.05,0
TXN-0004923,SUP-0090,Information Technology,INV-747-2026-004923,PO-2026-004923,2026-05-06,2026-05-29,30,9973.64,9289.11,9289.11,AED,AED,BANK-21863999,False,normal,2529.42,0
TXN-0000332,SUP-0018,Information Technology,INV-368-2026-000332,PO-2025-000332,2026-05-07,2026-05-24,30,6343.81,6010.59,6010.59,USD,USD,BANK-95760944,False,normal,6010.59,0
TXN-0000933,SUP-0138,Aircraft Components,INV-983-2026-000933,PO-2026-000933,2026-05-07,2026-06-03,30,16233.94,16195.31,16195.31,AED,AED,BANK-22630563,False,normal,4409.98,0
TXN-0001182,SUP-0109,Professional Services,INV-902-2026-001182,PO-2025-001182,2026-05-07,2026-06-21,45,10649.63,8610.17,8610.17,USD,USD,BANK-84335845,False,normal,8610.17,0
TXN-0003220,SUP-0081,Ground Services,INV-649-2026-003220,PO-2025-003220,2026-05-07,2026-06-20,45,26074.9,20961.0,20961.0,AED,AED,BANK-54937628,False,normal,5707.68,0
TXN-0003573,SUP-0033,Maintenance,INV-429-2026-003573,PO-2026-003573,2026-05-07,2026-05-19,30,585.29,511.89,511.89,USD,USD,BANK-97243596,False,normal,511.89,0
TXN-0003719,SUP-0048,Facilities,INV-567-2026-003719,PO-2026-003719,2026-05-07,2026-07-10,60,14316.51,10424.11,10424.11,USD,USD,BANK-40202528,False,normal,10424.11,0
TXN-0003955,SUP-0053,Professional Services,INV-511-2026-003955,PO-2026-003955,2026-05-07,2026-08-15,90,16827.34,14948.1,14948.1,EUR,EUR,BANK-76295561,False,normal,16293.43,0
TXN-0004786,SUP-0069,Aircraft Components,INV-573-2026-004786,PO-2025-004786,2026-05-07,2026-07-02,60,84269.28,73676.88,73676.88,USD,USD,BANK-43048809,False,normal,73676.88,0
TXN-0004803,SUP-0043,Information Technology,INV-662-2026-004803,PO-2026-004803,2026-05-07,2026-06-30,45,12463.7,11683.47,11683.47,AED,AED,BANK-56697251,False,normal,3181.41,0
TXN-0005507,SUP-0132,Ground Services,INV-989-2026-005507,PO-2026-005507,2026-05-07,2026-07-09,60,46926.72,44989.16,44989.16,GBP,GBP,BANK-59967823,False,normal,57136.23,0
TXN-0000235,SUP-0023,Maintenance,INV-687-2026-000235,PO-2026-000235,2026-05-08,2026-06-12,45,16260.58,12173.87,12173.87,GBP,GBP,BANK-91497896,False,normal,15460.81,0
TXN-0000527,SUP-0040,Professional Services,INV-949-2026-000527,PO-2026-000527,2026-05-08,2026-07-14,60,20193.09,17454.68,17454.68,AED,AED,BANK-30107614,False,normal,4752.91,0
TXN-0000652,SUP-0059,Information Technology,INV-303-2026-000652,PO-2025-000652,2026-05-08,2026-06-11,30,2994.65,2970.61,2970.61,USD,USD,BANK-95295830,False,normal,2970.61,0
TXN-0001341,SUP-0017,Professional Services,INV-386-2026-001341,PO-2026-001341,2026-05-08,2026-06-10,45,5636.49,4979.33,4979.33,AED,AED,BANK-38542500,False,normal,1355.87,0
TXN-0002358,SUP-0078,Aircraft Components,INV-466-2026-002358,PO-2025-002358,2026-05-08,2026-07-19,60,12325.47,11469.39,11469.39,AED,AED,BANK-79966434,False,normal,3123.11,0
TXN-0003590,SUP-0004,Information Technology,INV-907-2026-003590,PO-2025-003590,2026-05-08,2026-06-09,30,17993.07,13946.0,13946.0,AED,AED,BANK-92441065,False,normal,3797.5,0
TXN-0004660,SUP-0121,Ground Services,INV-515-2026-004660,PO-2025-004660,2026-05-08,2026-06-11,30,16966.52,12907.52,12907.52,AED,AED,BANK-55753531,False,normal,3514.72,0
TXN-0000697,SUP-0111,Aircraft Components,INV-932-2026-000697,PO-2026-000697,2026-05-09,2026-06-14,30,13618.47,11525.48,11525.48,USD,USD,BANK-49045227,False,normal,11525.48,0
TXN-0001026,SUP-0037,Aircraft Components,INV-592-2026-001026,PO-2025-001026,2026-05-09,2026-06-21,30,17029.78,16425.54,16425.54,USD,USD,BANK-18183594,False,normal,16425.54,0
TXN-0001900,SUP-0141,Facilities,INV-167-2026-001900,PO-2025-001900,2026-05-09,2026-06-07,30,2051.61,1601.02,1601.02,AED,AED,BANK-10585992,False,normal,435.96,0
TXN-0003234,SUP-0043,Ground Services,INV-907-2026-003234,PO-2025-003234,2026-05-09,2026-07-05,60,1288.46,1122.34,1122.34,AED,AED,BANK-56697251,False,normal,305.61,0
TXN-0003631,SUP-0003,Ground Services,INV-916-2026-003631,PO-2026-003631,2026-05-09,2026-06-23,45,4529.03,3424.4,3424.4,EUR,EUR,BANK-65317853,False,normal,3732.6,0
TXN-0005187,SUP-0153,Maintenance,INV-457-2026-005187,PO-2026-005187,2026-05-09,2026-06-10,30,8161.6,7820.45,7820.45,USD,USD,BANK-11605310,False,normal,7820.45,0
TXN-0005203,SUP-0122,Aircraft Components,INV-734-2026-005203,PO-2026-005203,2026-05-09,2026-07-17,60,4289.26,3388.98,3388.98,AED,AED,BANK-69657778,False,normal,922.82,0
TXN-0005291,SUP-0064,Aircraft Components,INV-832-2026-005291,PO-2026-005291,2026-05-09,2026-06-14,30,153222.33,146886.55,146886.55,EUR,EUR,BANK-84800139,False,normal,160106.34,0
TXN-0001663,SUP-0136,Aircraft Components,INV-472-2026-001663,PO-2026-001663,2026-05-10,2026-07-07,60,5091.31,4936.99,4936.99,USD,USD,BANK-19530766,False,normal,4936.99,0
TXN-0001756,SUP-0107,Professional Services,INV-800-2026-001756,PO-2025-001756,2026-05-10,2026-06-20,30,17903.53,16889.18,16889.18,USD,USD,BANK-17594929,False,normal,16889.18,0
TXN-0002217,SUP-0036,Ground Services,INV-532-2026-002217,PO-2026-002217,2026-05-10,2026-06-19,45,13468.74,12162.82,12162.82,USD,USD,BANK-90250953,False,normal,12162.82,0
TXN-0002494,SUP-0077,Ground Services,INV-131-2026-002494,PO-2025-002494,2026-05-10,2026-06-14,30,13600.68,13139.82,13139.82,USD,USD,BANK-99822506,False,normal,13139.82,0
TXN-0003729,SUP-0110,Information Technology,INV-377-2026-003729,PO-2026-003729,2026-05-10,2026-06-24,30,62342.91,56527.97,56527.97,EUR,EUR,BANK-21795197,False,normal,61615.49,0
TXN-0004241,SUP-0016,Facilities,INV-176-2026-004241,PO-2026-004241,2026-05-10,2026-06-19,30,7937.49,6379.01,6379.01,USD,USD,BANK-96689067,False,normal,6379.01,0
TXN-0000778,SUP-0132,Ground Services,INV-859-2026-000778,PO-2025-000778,2026-05-11,2026-06-11,45,8043.25,6189.28,6189.28,GBP,GBP,BANK-59967823,False,normal,7860.39,0
TXN-0000838,SUP-0142,Facilities,INV-814-2026-000838,PO-2025-000838,2026-05-11,2026-08-09,90,12132.24,11213.95,11213.95,AED,AED,BANK-96960871,False,normal,3053.56,0
TXN-0001784,SUP-0157,Maintenance,INV-670-2026-001784,PO-2025-001784,2026-05-11,2026-07-02,45,10429.98,8642.98,8642.98,USD,USD,BANK-84648574,False,normal,8642.98,0
TXN-0003592,SUP-0097,Maintenance,INV-858-2026-003592,PO-2025-003592,2026-05-11,2026-06-02,30,28292.37,27939.37,27939.37,USD,USD,BANK-93475211,False,normal,27939.37,0
TXN-0003609,SUP-0154,Ground Services,INV-229-2026-003609,PO-2026-003609,2026-05-11,2026-07-04,45,9669.13,8659.58,8659.58,AED,AED,BANK-69720522,False,normal,2358.0,0
TXN-0003613,SUP-0127,Ground Services,INV-430-2026-003613,PO-2026-003613,2026-05-11,2026-07-11,60,15109.77,14374.75,14374.75,USD,USD,BANK-96425599,False,normal,14374.75,0
TXN-0004825,SUP-0146,Ground Services,INV-753-2026-004825,PO-2026-004825,2026-05-11,2026-07-08,60,2354.82,1860.46,1860.46,USD,USD,BANK-76449297,False,normal,1860.46,0
TXN-0004913,SUP-0150,Maintenance,INV-908-2026-004913,PO-2026-004913,2026-05-11,2026-07-10,60,23923.85,19623.05,19623.05,USD,USD,BANK-67087104,False,normal,19623.05,0
TXN-0000249,SUP-0034,Information Technology,INV-953-2026-000249,PO-2026-000249,2026-05-12,2026-06-13,30,1271.51,1062.62,1062.62,USD,USD,BANK-99313799,False,normal,1062.62,0
TXN-0000670,SUP-0094,Professional Services,INV-879-2026-000670,PO-2025-000670,2026-05-12,2026-06-15,30,3713.52,3582.87,3582.87,USD,USD,BANK-20964925,False,normal,3582.87,0
TXN-0000820,SUP-0108,Maintenance,INV-953-2026-000820,PO-2025-000820,2026-05-12,2026-06-19,30,3807.78,3209.04,3209.04,USD,USD,BANK-76508559,False,normal,3209.04,0
TXN-0001753,SUP-0077,Aircraft Components,INV-234-2026-001753,PO-2026-001753,2026-05-12,2026-07-17,60,14235.65,11521.61,11521.61,USD,USD,BANK-99822506,False,normal,11521.61,0
TXN-0001816,SUP-0024,Maintenance,INV-531-2026-001816,PO-2025-001816,2026-05-12,2026-07-21,60,6462.74,5075.66,5075.66,EUR,EUR,NEW-34491715,True,bank_change,5532.47,1
TXN-0002921,SUP-0057,Ground Services,INV-990-2026-002921,PO-2026-002921,2026-05-12,2026-06-12,30,39986.28,36158.01,36158.01,USD,USD,BANK-10477636,False,normal,36158.01,0
TXN-0003744,SUP-0003,Ground Services,INV-951-2026-003744,PO-2025-003744,2026-05-12,2026-07-15,60,4904.61,3791.34,3791.34,EUR,EUR,BANK-65317853,False,normal,4132.56,0
TXN-0003826,SUP-0138,Information Technology,INV-910-2026-003826,PO-2025-003826,2026-05-12,2026-06-17,30,31380.65,25209.58,25209.58,AED,AED,BANK-22630563,False,normal,6864.57,0
TXN-0003831,SUP-0157,Maintenance,INV-953-2026-003831,PO-2026-003831,2026-05-12,2026-06-19,45,49089.89,70547.18,70547.18,USD,USD,BANK-84648574,False,invoice_above_po,70547.18,1
TXN-0004570,SUP-0145,Maintenance,INV-683-2026-004570,PO-2025-004570,2026-05-12,2026-06-16,30,32085.05,31449.99,31449.99,AED,AED,BANK-26332140,False,normal,8563.83,0
TXN-0004594,SUP-0082,Facilities,INV-123-2026-004594,PO-2025-004594,2026-05-12,2026-06-13,30,28529.23,22930.4,22930.4,USD,USD,BANK-55066706,False,normal,22930.4,0
TXN-0005213,SUP-0116,Professional Services,INV-521-2026-005213,PO-2026-005213,2026-05-12,2026-06-17,30,10460.88,10123.81,10123.81,EUR,EUR,BANK-45782037,False,normal,11034.95,0
TXN-0000835,SUP-0019,Aircraft Components,INV-142-2026-000835,PO-2026-000835,2026-05-13,2026-06-12,45,7273.6,5423.21,5423.21,EUR,EUR,BANK-67134797,False,normal,5911.3,0
TXN-0001260,SUP-0157,Maintenance,INV-328-2026-001260,PO-2025-001260,2026-05-13,2026-07-08,60,64801.62,51764.57,51764.57,USD,USD,BANK-84648574,False,normal,51764.57,0
TXN-0001953,SUP-0136,Aircraft Components,INV-496-2026-001953,PO-2026-001953,2026-05-13,2026-06-20,30,9112.31,7401.48,7401.48,USD,USD,BANK-19530766,False,normal,7401.48,0
TXN-0002514,SUP-0107,Maintenance,INV-560-2026-002514,PO-2025-002514,2026-05-13,2026-06-25,30,37999.31,36639.57,36639.57,USD,USD,BANK-17594929,False,normal,36639.57,0
TXN-0003006,SUP-0102,Information Technology,INV-593-2026-003006,PO-2025-003006,2026-05-13,2026-07-18,60,10363.54,9149.83,9149.83,AED,AED,BANK-27979808,False,normal,2491.5,0
TXN-0003106,SUP-0048,Professional Services,INV-293-2026-003106,PO-2025-003106,2026-05-13,2026-06-11,30,4718.95,4274.41,4274.41,USD,USD,BANK-40202528,False,normal,4274.41,0
TXN-0004543,SUP-0113,Aircraft Components,INV-440-2026-004543,PO-2026-004543,2026-05-13,2026-07-25,60,28280.39,23125.2,23125.2,USD,USD,BANK-61055398,False,normal,23125.2,0
TXN-0005059,SUP-0036,Professional Services,INV-440-2026-005059,PO-2026-005059,2026-05-13,2026-06-11,30,45156.16,39714.39,39714.39,USD,USD,BANK-90250953,False,normal,39714.39,0
TXN-0005072,SUP-0042,Facilities,INV-528-2026-005072,PO-2025-005072,2026-05-13,2026-07-04,45,25409.56,19044.68,19044.68,EUR,EUR,BANK-20438281,False,normal,20758.7,0
TXN-0000042,SUP-0024,Maintenance,INV-304-2026-000042,PO-2025-000042,2026-05-14,2026-06-28,45,8854.5,6715.24,6715.24,EUR,EUR,BANK-33036857,False,normal,7319.61,0
TXN-0001333,SUP-0022,Ground Services,INV-293-2026-001333,PO-2026-001333,2026-05-14,2026-06-12,30,21822.52,17185.03,17185.03,USD,USD,BANK-56355141,False,normal,17185.03,0
TXN-0001972,SUP-0003,Ground Services,INV-916-2026-003631,PO-2026-003631,2026-05-14,2026-06-28,45,4529.03,3424.4,3424.4,EUR,EUR,BANK-65317853,False,exact_duplicate,3732.6,1
TXN-0002052,SUP-0080,Information Technology,INV-394-2026-002052,PO-2025-002052,2026-05-14,2026-07-03,45,30532.01,26583.62,26583.62,EUR,EUR,BANK-97464377,False,normal,28976.15,0
TXN-0003321,SUP-0017,Professional Services,INV-409-2026-003321,PO-2026-003321,2026-05-14,2026-06-11,30,4253.86,4063.56,4063.56,AED,AED,BANK-38542500,False,normal,1106.51,0
TXN-0004624,SUP-0046,Maintenance,INV-616-2026-004624,PO-2025-004624,2026-05-14,2026-07-13,60,3722.34,3547.62,3547.62,EUR,EUR,BANK-11990275,False,normal,3866.91,0
TXN-0004905,SUP-0029,Maintenance,INV-728-2026-004905,PO-2026-004905,2026-05-14,2026-08-30,90,12624.84,9221.02,9221.02,USD,USD,BANK-57984114,False,normal,9221.02,0
TXN-0005375,SUP-0083,Maintenance,INV-761-2026-005375,PO-2026-005375,2026-05-14,2026-07-08,60,7449.01,5803.48,5803.48,EUR,EUR,BANK-49032895,False,normal,6325.79,0
TXN-0005430,SUP-0002,Aircraft Components,INV-799-2026-005430,PO-2025-005430,2026-05-14,2026-08-05,90,6431.79,5807.73,5807.73,USD,USD,BANK-19696685,False,normal,5807.73,0
TXN-0005446,SUP-0087,Ground Services,INV-176-2026-005446,PO-2025-005446,2026-05-14,2026-08-04,60,3268.24,2379.5,2379.5,AED,AED,BANK-25685067,False,normal,647.94,0
TXN-0000039,SUP-0051,Ground Services,INV-284-2026-000039,PO-2026-000039,2026-05-15,2026-06-11,30,6789.12,6340.82,6340.82,USD,USD,BANK-43629195,False,normal,6340.82,0
TXN-0000166,SUP-0105,Aircraft Components,INV-310-2026-000166,PO-2025-000166,2026-05-15,2026-06-03,30,9600.97,8357.73,8357.73,EUR,EUR,BANK-12259119,False,normal,9109.93,0
TXN-0000895,SUP-0157,Information Technology,INV-926-2026-000895,PO-2026-000895,2026-05-15,2026-07-09,60,21756.45,21114.92,21114.92,USD,USD,BANK-84648574,False,normal,21114.92,0
TXN-0001274,SUP-0093,Professional Services,INV-497-2026-001274,PO-2025-001274,2026-05-15,2026-07-30,60,72560.9,59747.05,59747.05,USD,USD,BANK-97237891,False,normal,59747.05,0
TXN-0002130,SUP-0108,Aircraft Components,INV-808-2026-002130,PO-2025-002130,2026-05-15,2026-07-28,60,30806.79,24064.92,24064.92,USD,USD,BANK-76508559,False,normal,24064.92,0
TXN-0002442,SUP-0052,Facilities,INV-393-2026-002442,PO-2025-002442,2026-05-15,2026-07-03,45,14754.41,12381.77,12381.77,USD,USD,BANK-89766631,False,normal,12381.77,0
TXN-0002454,SUP-0028,Maintenance,INV-556-2026-002454,PO-2025-002454,2026-05-15,2026-06-13,30,26456.37,24427.13,24427.13,USD,USD,BANK-24814703,False,normal,24427.13,0
TXN-0002457,SUP-0123,Aircraft Components,INV-264-2026-002457,PO-2026-002457,2026-05-15,2026-06-17,30,1291.5,1234.75,1234.75,USD,USD,BANK-38236379,False,normal,1234.75,0
TXN-0002768,SUP-0060,Aircraft Components,INV-243-2026-002768,PO-2025-002768,2026-05-15,2026-06-27,45,7684.16,6087.46,6087.46,USD,USD,BANK-31687351,False,normal,6087.46,0
TXN-0002846,SUP-0137,Aircraft Components,INV-962-2026-002846,PO-2025-002846,2026-05-15,2026-06-03,30,10718.25,10533.17,10533.17,GBP,GBP,BANK-75099036,False,normal,13377.13,0
TXN-0003796,SUP-0144,Facilities,INV-985-2026-003796,PO-2025-003796,2026-05-15,2026-06-17,30,11099.37,10249.0,10249.0,AED,AED,BANK-63643829,False,normal,2790.8,0
TXN-0003816,SUP-0105,Aircraft Components,INV-503-2026-003816,PO-2025-003816,2026-05-15,2026-05-28,30,4492.89,4116.71,4116.71,EUR,EUR,BANK-12259119,False,normal,4487.21,0
TXN-0004197,SUP-0112,Information Technology,INV-736-2026-004197,PO-2026-004197,2026-05-15,2026-06-14,30,6597.15,4813.41,4813.41,USD,USD,BANK-21137842,False,normal,4813.41,0
TXN-0000333,SUP-0107,Aircraft Components,INV-709-2026-000333,PO-2026-000333,2026-05-16,2026-06-20,30,2408.25,2278.97,2278.97,USD,USD,BANK-17594929,False,normal,2278.97,0
TXN-0001259,SUP-0034,Facilities,INV-736-2026-001259,PO-2026-001259,2026-05-16,2026-07-18,60,33446.02,27893.68,27893.68,USD,USD,BANK-99313799,False,normal,27893.68,0
TXN-0001651,SUP-0088,Maintenance,INV-724-2026-001651,PO-2026-001651,2026-05-16,2026-06-08,30,2119.3,2102.08,2102.08,AED,AED,BANK-30669042,False,normal,572.4,0
TXN-0003516,SUP-0135,Maintenance,INV-391-2026-003516,PO-2025-003516,2026-05-16,2026-06-18,30,13678.61,10466.55,10466.55,AED,AED,BANK-85671420,False,normal,2850.04,0
TXN-0003801,SUP-0115,Ground Services,INV-593-2026-003801,PO-2026-003801,2026-05-16,2026-08-07,60,11514.28,11147.28,11147.28,USD,USD,BANK-17278259,False,normal,11147.28,0
TXN-0004301,SUP-0090,Maintenance,INV-365-2026-004301,PO-2026-004301,2026-05-16,2026-06-03,30,6064.12,5828.12,5828.12,AED,AED,BANK-21863999,False,normal,1587.0,0
TXN-0005377,SUP-0093,Maintenance,INV-332-2026-005377,PO-2026-005377,2026-05-16,2026-06-12,30,11317.37,9596.8,9596.8,USD,USD,BANK-97237891,False,normal,9596.8,0
TXN-0005561,SUP-0019,Ground Services,INV-126-2026-005561,PO-2026-005561,2026-05-16,2026-06-12,45,5893.62,4906.55,4906.55,EUR,EUR,BANK-67134797,False,normal,5348.14,0
TXN-0000771,SUP-0036,Information Technology,INV-200-2026-000771,PO-2026-000771,2026-05-17,2026-07-11,45,3129.34,2875.84,2875.84,USD,USD,BANK-90250953,False,normal,2875.84,0
TXN-0000826,SUP-0056,Information Technology,INV-593-2026-000826,PO-2025-000826,2026-05-17,2026-06-18,30,30252.08,26701.07,26701.07,EUR,EUR,BANK-33621446,False,normal,29104.17,0
TXN-0001129,SUP-0010,Facilities,INV-221-2026-001129,PO-2026-001129,2026-05-17,2026-06-29,45,16585.07,13250.55,13250.55,USD,USD,BANK-59212295,False,normal,13250.55,0
TXN-0001175,SUP-0100,Facilities,INV-382-2026-001175,PO-2026-001175,2026-05-17,2026-06-23,30,70765.86,64289.76,64289.76,GBP,GBP,BANK-62300494,False,normal,81648.0,0
TXN-0001330,SUP-0018,Aircraft Components,INV-392-2026-001330,PO-2025-001330,2026-05-17,2026-06-19,30,27914.29,21956.85,21956.85,USD,USD,BANK-95760944,False,normal,21956.85,0
TXN-0001482,SUP-0076,Information Technology,INV-232-2026-001482,PO-2025-001482,2026-05-17,2026-06-11,30,33530.04,24265.18,24265.18,USD,USD,BANK-37929130,False,normal,24265.18,0
TXN-0002060,SUP-0064,Ground Services,INV-842-2026-002060,PO-2025-002060,2026-05-17,2026-06-13,30,34318.08,26870.11,26870.11,EUR,EUR,BANK-84800139,False,normal,29288.42,0
TXN-0002665,SUP-0115,Aircraft Components,INV-948-2026-002665,PO-2026-002665,2026-05-17,2026-06-15,30,37130.52,29514.54,29514.54,USD,USD,BANK-17278259,False,normal,29514.54,0
TXN-0003390,SUP-0097,Facilities,INV-850-2026-003390,PO-2025-003390,2026-05-17,2026-06-09,30,4009.9,3882.68,3882.68,USD,USD,BANK-93475211,False,normal,3882.68,0
TXN-0003820,SUP-0124,Maintenance,INV-374-2026-003820,PO-2025-003820,2026-05-17,2026-06-13,30,6660.45,6414.09,6414.09,USD,USD,BANK-96006092,False,normal,6414.09,0
TXN-0004371,SUP-0136,Ground Services,INV-886-2026-004371,PO-2026-004371,2026-05-17,2026-06-14,30,12636.61,10218.56,10218.56,USD,USD,BANK-19530766,False,normal,10218.56,0
TXN-0004515,SUP-0032,Professional Services,INV-984-2026-004515,PO-2026-004515,2026-05-17,2026-06-26,30,10175.23,8796.57,15142.81,GBP,GBP,BANK-49158734,False,overpayment,19231.37,1
TXN-0004534,SUP-0103,Aircraft Components,INV-187-2026-004534,PO-2025-004534,2026-05-17,2026-07-13,60,3852.71,3591.74,3591.74,USD,USD,BANK-87788293,False,normal,3591.74,0
TXN-0004598,SUP-0070,Facilities,INV-301-2026-004598,PO-2025-004598,2026-05-17,2026-06-20,45,28658.56,28174.72,28174.72,USD,USD,BANK-63944450,False,normal,28174.72,0
TXN-0005557,SUP-0057,Information Technology,INV-610-2026-005557,PO-2026-005557,2026-05-17,2026-07-15,45,15993.51,12309.27,12309.27,USD,USD,BANK-10477636,False,normal,12309.27,0
TXN-0000873,SUP-0017,Information Technology,INV-402-2026-000873,PO-2026-000873,2026-05-18,2026-07-07,60,14588.84,12921.81,12921.81,AED,AED,BANK-38542500,False,normal,3518.61,0
TXN-0001723,SUP-0038,Ground Services,INV-173-2026-001723,PO-2026-001723,2026-05-18,2026-06-10,30,13703.31,11413.25,11413.25,AED,AED,BANK-86107842,False,normal,3107.83,0
TXN-0001765,SUP-0082,Information Technology,INV-593-2026-001765,PO-2026-001765,2026-05-18,2026-06-21,45,6351.05,5639.39,5639.39,USD,USD,BANK-55066706,False,normal,5639.39,0
TXN-0002032,SUP-0085,Maintenance,INV-438-2026-002032,PO-2025-002032,2026-05-18,2026-07-06,45,12170.92,10364.83,10364.83,USD,USD,BANK-94093522,False,normal,10364.83,0
TXN-0002241,SUP-0022,Aircraft Components,INV-278-2026-002241,PO-2026-002241,2026-05-18,2026-06-21,30,1701.86,1473.05,1473.05,USD,USD,BANK-56355141,False,normal,1473.05,0
TXN-0003214,SUP-0122,Aircraft Components,INV-267-2026-003214,PO-2025-003214,2026-05-18,2026-06-30,30,25106.27,19382.96,19382.96,AED,AED,BANK-69657778,False,normal,5277.98,0
TXN-0003386,SUP-0017,Aircraft Components,INV-627-2026-003386,PO-2025-003386,2026-05-18,2026-07-18,60,19556.37,15743.96,15743.96,AED,AED,BANK-38542500,False,normal,4287.08,0
TXN-0003635,SUP-0117,Aircraft Components,INV-222-2026-003635,PO-2026-003635,2026-05-18,2026-07-11,45,20298.9,16316.02,16316.02,EUR,EUR,BANK-97580845,False,normal,17784.46,0
TXN-0004232,SUP-0159,Professional Services,INV-215-2026-004232,PO-2025-004232,2026-05-18,2026-06-20,30,2803.35,2029.92,2029.92,AED,AED,BANK-81713537,False,normal,552.75,0
TXN-0004283,SUP-0019,Facilities,INV-340-2026-004283,PO-2026-004283,2026-05-18,2026-06-27,30,64344.69,62596.15,62596.15,EUR,EUR,BANK-67134797,False,normal,68229.8,0
TXN-0004986,SUP-0074,Ground Services,INV-470-2026-004986,PO-2025-004986,2026-05-18,2026-06-21,30,15597.11,14685.59,14685.59,USD,USD,BANK-27679119,False,normal,14685.59,0
TXN-0005042,SUP-0051,Professional Services,INV-224-2026-005042,PO-2025-005042,2026-05-18,2026-08-29,90,89197.97,77403.3,77403.3,USD,USD,BANK-43629195,False,normal,77403.3,0
TXN-0005569,SUP-0136,Ground Services,INV-403-2026-005569,PO-2026-005569,2026-05-18,2026-08-15,90,13760.87,11581.51,11581.51,USD,USD,BANK-19530766,False,normal,11581.51,0
TXN-0001746,SUP-0012,Ground Services,INV-457-2026-001746,PO-2025-001746,2026-05-19,2026-07-09,60,8032.0,6582.33,6582.33,GBP,GBP,BANK-37895989,False,normal,8359.56,0
TXN-0004373,SUP-0042,Aircraft Components,INV-425-2026-004373,PO-2026-004373,2026-05-19,2026-07-16,45,5128.0,5069.26,5069.26,EUR,EUR,BANK-20438281,False,normal,5525.49,0
TXN-0004544,SUP-0038,Facilities,INV-384-2026-004544,PO-2025-004544,2026-05-19,2026-06-11,45,9192.17,8396.06,8396.06,AED,AED,BANK-86107842,False,normal,2286.25,0
TXN-0005290,SUP-0151,Ground Services,INV-993-2026-005290,PO-2025-005290,2026-05-19,2026-07-15,45,7458.63,6542.42,6542.42,EUR,EUR,BANK-80628709,False,normal,7131.24,0
TXN-0005525,SUP-0064,Ground Services,INV-550-2026-005525,PO-2026-005525,2026-05-19,2026-06-12,30,7442.27,7131.33,7131.33,EUR,EUR,BANK-84800139,False,normal,7773.15,0
TXN-0000594,SUP-0134,Aircraft Components,INV-967-2026-000594,PO-2025-000594,2026-05-20,2026-07-13,45,1964.18,1426.85,1426.85,USD,USD,BANK-67057759,False,normal,1426.85,0
TXN-0000706,SUP-0045,Aircraft Components,INV-325-2026-000706,PO-2025-000706,2026-05-20,2026-06-15,45,14422.25,10695.5,10695.5,EUR,EUR,BANK-38433614,False,normal,11658.1,0
TXN-0001310,SUP-0033,Aircraft Components,INV-520-2026-001310,PO-2025-001310,2026-05-20,2026-06-09,30,47707.99,35867.64,35867.64,USD,USD,BANK-97243596,False,normal,35867.64,0
TXN-0001451,SUP-0060,Maintenance,INV-103-2026-001451,PO-2026-001451,2026-05-20,2026-07-18,45,2195.47,1989.07,1989.07,USD,USD,BANK-31687351,False,normal,1989.07,0
TXN-0001583,SUP-0053,Professional Services,INV-668-2026-001583,PO-2026-001583,2026-05-20,2026-06-17,30,2991.98,2680.38,2680.38,EUR,EUR,BANK-76295561,False,normal,2921.61,0
TXN-0002079,SUP-0071,Information Technology,INV-298-2026-002079,PO-2026-002079,2026-05-20,2026-07-05,45,7512.03,5602.16,5602.16,USD,USD,BANK-74793410,False,normal,5602.16,0
TXN-0002505,SUP-0073,Ground Services,INV-667-2026-002505,PO-2026-002505,2026-05-20,2026-08-20,90,11009.91,9855.01,9855.01,EUR,EUR,BANK-14030635,False,normal,10741.96,0
TXN-0002539,SUP-0060,Maintenance,INV-956-2026-002539,PO-2026-002539,2026-05-20,2026-07-12,60,2933.63,2498.52,2498.52,USD,USD,BANK-31687351,False,normal,2498.52,0
TXN-0003493,SUP-0087,Aircraft Components,INV-911-2026-003493,PO-2026-003493,2026-05-20,2026-07-13,45,8823.19,7235.81,7235.81,AED,AED,BANK-25685067,False,normal,1970.31,0
TXN-0003498,SUP-0108,Maintenance,INV-242-2026-003498,PO-2025-003498,2026-05-20,2026-07-23,60,40085.01,31259.48,31259.48,USD,USD,BANK-76508559,False,normal,31259.48,0
TXN-0003854,SUP-0081,Aircraft Components,INV-927-2026-003854,PO-2025-003854,2026-05-20,2026-07-03,30,62464.25,47175.86,47175.86,AED,USD,BANK-54937628,False,currency_mismatch,47175.86,1
TXN-0003930,SUP-0071,Facilities,INV-535-2026-003930,PO-2025-003930,2026-05-20,2026-06-20,30,20861.18,16831.91,16831.91,USD,USD,BANK-74793410,False,normal,16831.91,0
TXN-0004758,SUP-0154,Professional Services,INV-387-2026-004758,PO-2025-004758,2026-05-20,2026-07-03,45,24139.63,18960.93,18960.93,AED,AED,BANK-69720522,False,normal,5163.06,0
TXN-0005345,SUP-0053,Information Technology,INV-793-2026-005345,PO-2026-005345,2026-05-20,2026-07-28,60,6887.07,5753.56,5753.56,EUR,EUR,BANK-76295561,False,normal,6271.38,0
TXN-0001047,SUP-0150,Aircraft Components,INV-654-2026-001047,PO-2026-001047,2026-05-21,2026-06-24,30,9667.9,8687.37,8687.37,USD,USD,BANK-67087104,False,normal,8687.37,0
TXN-0001295,SUP-0008,Information Technology,INV-436-2026-001295,PO-2026-001295,2026-05-21,2026-06-24,30,9778.12,9335.05,9335.05,EUR,EUR,BANK-22713593,False,normal,10175.2,0
TXN-0002243,SUP-0093,Professional Services,INV-750-2026-002243,PO-2026-002243,2026-05-21,2026-06-21,45,9817.28,8737.56,8737.56,USD,USD,BANK-97237891,False,normal,8737.56,0
TXN-0002357,SUP-0123,Ground Services,INV-814-2026-002357,PO-2026-002357,2026-05-21,2026-05-21,30,20655.23,19600.19,19600.19,USD,USD,BANK-38236379,False,rapid_payment,19600.19,1
TXN-0002744,SUP-0134,Professional Services,INV-926-2026-002744,PO-2025-002744,2026-05-21,2026-07-17,45,3060.12,2983.57,2983.57,USD,USD,BANK-67057759,False,normal,2983.57,0
TXN-0002920,SUP-0057,Maintenance,INV-136-2026-002920,PO-2025-002920,2026-05-21,2026-07-05,45,76126.25,66679.78,66679.78,USD,USD,BANK-10477636,False,normal,66679.78,0
TXN-0003851,SUP-0122,Aircraft Components,INV-534-2026-003851,PO-2026-003851,2026-05-21,2026-08-01,60,17988.38,16707.21,16707.21,AED,AED,BANK-69657778,False,normal,4549.37,0
TXN-0004334,SUP-0150,Facilities,INV-460-2026-004334,PO-2025-004334,2026-05-21,2026-08-20,90,18247.37,15046.89,15046.89,USD,USD,BANK-67087104,False,normal,15046.89,0
TXN-0004591,SUP-0053,Aircraft Components,INV-445-2026-004591,PO-2026-004591,2026-05-21,2026-06-24,30,10751.43,9715.43,9715.43,EUR,EUR,BANK-76295561,False,normal,10589.82,0
TXN-0004774,SUP-0039,Ground Services,INV-461-2026-004774,PO-2025-004774,2026-05-21,2026-06-27,45,31076.5,30921.93,30921.93,USD,USD,BANK-90171323,False,normal,30921.93,0
TXN-0004832,SUP-0017,Aircraft Components,INV-935-2026-004832,PO-2025-004832,2026-05-21,2026-06-26,30,20163.03,17525.08,17525.08,AED,AED,BANK-38542500,False,normal,4772.08,0
TXN-0005207,SUP-0142,Maintenance,INV-813-2026-005207,PO-2026-005207,2026-05-21,2026-06-11,30,6342.04,5789.63,5789.63,AED,AED,BANK-96960871,False,normal,1576.52,0
TXN-0000391,SUP-0087,Aircraft Components,INV-597-2026-000391,PO-2026-000391,2026-05-22,2026-05-31,30,12232.58,10351.52,10351.52,AED,AED,BANK-25685067,False,normal,2818.72,0
TXN-0000478,SUP-0035,Professional Services,INV-436-2026-000478,PO-2025-000478,2026-05-22,2026-07-18,60,6914.66,5121.29,5121.29,AED,AED,BANK-23638594,False,normal,1394.53,0
TXN-0001099,SUP-0102,Aircraft Components,INV-586-2026-001099,PO-2026-001099,2026-05-22,2026-06-24,30,15798.46,12867.96,12867.96,AED,AED,BANK-27979808,False,normal,3503.95,0
TXN-0002445,SUP-0028,Maintenance,INV-213-2026-002445,PO-2026-002445,2026-05-22,2026-07-18,60,12981.97,12222.93,12222.93,USD,USD,BANK-24814703,False,normal,12222.93,0
TXN-0002604,SUP-0108,Maintenance,INV95320260008A20,PO-2025-000820,2026-05-22,2026-06-21,30,3807.78,3209.04,3209.04,USD,USD,BANK-76508559,False,near_duplicate,3209.04,1
TXN-0002757,SUP-0144,Maintenance,INV-123-2026-002757,PO-2026-002757,2026-05-22,2026-07-03,45,10717.76,10360.64,10360.64,AED,AED,BANK-63643829,False,normal,2821.2,0
TXN-0002789,SUP-0039,Maintenance,INV-903-2026-002789,PO-2026-002789,2026-05-22,2026-08-01,60,4339.64,3561.63,3561.63,USD,USD,BANK-90171323,False,normal,3561.63,0
TXN-0004296,SUP-0095,Facilities,INV-191-2026-004296,PO-2025-004296,2026-05-22,2026-07-03,45,32154.62,25341.41,25341.41,USD,USD,BANK-36688168,False,normal,25341.41,0
TXN-0004604,SUP-0085,Maintenance,INV-426-2026-004604,PO-2025-004604,2026-05-22,2026-06-19,30,36045.71,29276.25,29276.25,USD,USD,BANK-94093522,False,normal,29276.25,0
TXN-0004618,SUP-0080,Facilities,INV-757-2026-004618,PO-2025-004618,2026-05-22,2026-06-09,30,1467.86,1395.76,1395.76,EUR,EUR,BANK-97464377,False,normal,1521.38,0
TXN-0005145,SUP-0077,Ground Services,INV-644-2026-005145,PO-2026-005145,2026-05-22,2026-07-16,60,8786.84,7032.07,7032.07,USD,USD,BANK-99822506,False,normal,7032.07,0
TXN-0005523,SUP-0012,Facilities,INV-752-2026-005523,PO-2026-005523,2026-05-22,2026-07-01,30,55450.45,45480.32,45480.32,GBP,GBP,BANK-37895989,False,normal,57760.01,0
TXN-0000647,SUP-0128,Aircraft Components,INV-528-2026-000647,PO-2026-000647,2026-05-23,2026-06-24,45,3959.53,3645.29,3645.29,USD,USD,BANK-93232757,False,normal,3645.29,0
TXN-0000925,SUP-0010,Information Technology,INV-475-2026-000925,PO-2026-000925,2026-05-23,2026-07-09,45,11606.97,9424.11,9424.11,USD,USD,BANK-59212295,False,normal,9424.11,0
TXN-0001967,SUP-0016,Maintenance,INV-644-2026-001967,PO-2026-001967,2026-05-23,2026-07-22,60,2759.78,2161.3,2161.3,USD,USD,BANK-96689067,False,normal,2161.3,0
TXN-0002174,SUP-0026,Aircraft Components,INV-426-2026-002174,PO-2025-002174,2026-05-23,2026-08-29,90,8887.66,7834.12,10203.13,USD,USD,BANK-94243920,False,overpayment,10203.13,1
TXN-0003517,SUP-0006,Information Technology,INV-797-2026-003517,PO-2026-003517,2026-05-23,2026-06-06,30,9195.91,8522.27,8522.27,GBP,GBP,BANK-30719258,False,normal,10823.28,0
TXN-0004312,SUP-0020,Maintenance,INV-550-2026-004312,PO-2025-004312,2026-05-23,2026-06-28,30,9281.15,7747.04,7747.04,AED,AED,BANK-36182605,False,normal,2109.52,0
TXN-0004975,SUP-0144,Maintenance,INV-335-2026-004975,PO-2026-004975,2026-05-23,2026-07-11,45,25353.16,20810.68,20810.68,AED,AED,BANK-63643829,False,normal,5666.75,0
TXN-0005088,SUP-0110,Facilities,INV-521-2026-005088,PO-2025-005088,2026-05-23,2026-06-19,30,20070.91,17500.6,17500.6,EUR,EUR,BANK-21795197,False,normal,19075.65,0
TXN-0000587,SUP-0122,Aircraft Components,INV-848-2026-000587,PO-2026-000587,2026-05-24,2026-07-02,30,47220.31,46646.2,46646.2,AED,AED,BANK-69657778,False,normal,12701.76,0
TXN-0000993,SUP-0037,Maintenance,INV-949-2026-000993,PO-2026-000993,2026-05-24,2026-06-30,30,4679.58,4338.91,4338.91,USD,USD,BANK-18183594,False,normal,4338.91,0
TXN-0001346,SUP-0153,Ground Services,INV-265-2026-001346,PO-2025-001346,2026-05-24,2026-06-09,30,19840.85,16276.73,16276.73,USD,USD,BANK-11605310,False,normal,16276.73,0
TXN-0001616,SUP-0107,Aircraft Components,INV-118-2026-001616,PO-2025-001616,2026-05-24,2026-07-03,45,41414.33,35497.23,35497.23,USD,USD,BANK-17594929,False,normal,35497.23,0
TXN-0002427,SUP-0076,Ground Services,INV-601-2026-002427,PO-2026-002427,2026-05-24,2026-06-21,30,1232.01,1085.38,1085.38,USD,USD,BANK-37929130,False,normal,1085.38,0
TXN-0002475,SUP-0148,Aircraft Components,INV-801-2026-002475,PO-2026-002475,2026-05-24,2026-06-21,30,28824.4,25915.56,25915.56,AED,AED,BANK-48887190,False,normal,7056.81,0
TXN-0002786,SUP-0066,Professional Services,INV-756-2026-002786,PO-2025-002786,2026-05-24,2026-06-26,30,18822.78,14688.43,14688.43,AED,AED,BANK-23795588,False,normal,3999.66,0
TXN-0003777,SUP-0047,Ground Services,INV-858-2026-003777,PO-2026-003777,2026-05-24,2026-06-27,30,10401.8,9252.45,9252.45,USD,USD,BANK-79481118,False,normal,9252.45,0
TXN-0004196,SUP-0028,Professional Services,INV-213-2026-004196,PO-2025-004196,2026-05-24,2026-06-30,30,32653.99,26711.57,26711.57,USD,USD,BANK-24814703,False,normal,26711.57,0
TXN-0004669,SUP-0129,Information Technology,INV-200-2026-004669,PO-2026-004669,2026-05-24,2026-07-13,60,6132.8,4991.6,4991.6,USD,USD,BANK-54924829,False,normal,4991.6,0
TXN-0005554,SUP-0038,Ground Services,INV-959-2026-005554,PO-2025-005554,2026-05-24,2026-07-12,60,1920.6,1674.03,1674.03,AED,AED,BANK-86107842,False,normal,455.84,0
TXN-0000549,SUP-0011,Professional Services,INV-298-2026-000549,PO-2026-000549,2026-05-25,2026-07-10,60,5285.9,5270.02,5270.02,USD,USD,BANK-43383005,False,normal,5270.02,0
TXN-0000607,SUP-0135,Maintenance,INV-542-2026-000607,PO-2026-000607,2026-05-25,2026-08-02,45,16893.35,14511.4,14511.4,AED,AED,BANK-85671420,False,normal,3951.45,0
TXN-0000681,SUP-0004,Professional Services,INV-782-2026-000681,PO-2026-000681,2026-05-25,2026-08-23,90,1913.1,1615.31,1615.31,AED,AED,BANK-92441065,False,normal,439.85,0
TXN-0000998,SUP-0018,Professional Services,INV-907-2026-000998,PO-2025-000998,2026-05-25,2026-07-11,45,4011.99,3464.27,3464.27,USD,USD,BANK-95760944,False,normal,3464.27,0
TXN-0001926,SUP-0008,Ground Services,INV-723-2026-001926,PO-2025-001926,2026-05-25,2026-06-27,45,4239.14,4148.71,4148.71,EUR,EUR,BANK-22713593,False,normal,4522.09,0
TXN-0001936,SUP-0122,Facilities,INV-829-2026-001936,PO-2025-001936,2026-05-25,2026-07-23,60,8734.88,6844.42,6844.42,AED,AED,BANK-69657778,False,normal,1863.74,0
TXN-0002311,SUP-0140,Facilities,INV-434-2026-002311,PO-2026-002311,2026-05-25,2026-06-25,30,65212.85,50508.74,50508.74,USD,USD,BANK-47720288,False,normal,50508.74,0
TXN-0002948,SUP-0054,Ground Services,INV-551-2026-002948,PO-2025-002948,2026-05-25,2026-07-17,45,7590.82,6496.64,6496.64,AED,AED,BANK-77211064,False,normal,1769.04,0
TXN-0004475,SUP-0062,Maintenance,INV-108-2026-004475,PO-2026-004475,2026-05-25,2026-06-28,30,31612.6,30846.72,30846.72,AED,AED,BANK-21048213,False,normal,8399.56,0
TXN-0004650,SUP-0016,Maintenance,INV-437-2026-004650,PO-2025-004650,2026-05-25,2026-06-23,30,11330.76,9846.98,9846.98,USD,USD,BANK-96689067,False,normal,9846.98,0
TXN-0001136,SUP-0001,Facilities,INV-517-2026-001136,PO-2025-001136,2026-05-26,2026-07-01,45,30986.62,24911.07,24911.07,EUR,EUR,BANK-38861149,False,normal,27153.07,0
TXN-0001675,SUP-0130,Information Technology,INV-987-2026-001675,PO-2026-001675,2026-05-26,2026-07-09,45,5511.83,5123.19,5123.19,AED,AED,BANK-12237354,False,normal,1395.04,0
TXN-0001903,SUP-0153,Ground Services,INV-188-2026-001903,PO-2026-001903,2026-05-26,2026-07-27,60,13137.49,9509.84,9509.84,USD,USD,BANK-11605310,False,normal,9509.84,0
TXN-0003471,SUP-0084,Aircraft Components,INV-935-2026-003471,PO-2026-003471,2026-05-26,2026-06-29,30,13142.71,13101.39,13101.39,USD,USD,BANK-22950775,False,normal,13101.39,0
TXN-0003551,SUP-0110,Facilities,INV-736-2026-003551,PO-2026-003551,2026-05-26,2026-07-21,60,10227.49,9653.47,9653.47,EUR,EUR,BANK-21795197,False,normal,10522.28,0
TXN-0003649,SUP-0158,Facilities,INV-715-2026-003649,PO-2026-003649,2026-05-26,2026-06-17,30,27729.34,24415.81,24415.81,AED,AED,BANK-32546185,False,normal,6648.43,0
TXN-0003837,SUP-0075,Aircraft Components,INV-481-2026-003837,PO-2026-003837,2026-05-26,2026-07-25,60,12846.58,9464.89,9464.89,USD,USD,BANK-35245775,False,normal,9464.89,0
TXN-0004387,SUP-0010,Professional Services,INV-237-2026-004387,PO-2026-004387,2026-05-26,2026-07-19,60,6372.94,6141.75,6141.75,USD,USD,BANK-59212295,False,normal,6141.75,0
TXN-0004393,SUP-0108,Aircraft Components,INV-173-2026-004393,PO-2026-004393,2026-05-26,2026-06-27,30,11388.3,10315.38,10315.38,USD,USD,BANK-76508559,False,normal,10315.38,0
TXN-0004533,SUP-0125,Facilities,INV-982-2026-004533,PO-2026-004533,2026-05-26,2026-07-02,45,973.31,751.73,751.73,USD,USD,BANK-56892046,False,normal,751.73,0
TXN-0000524,SUP-0084,Information Technology,INV-475-2026-000524,PO-2025-000524,2026-05-27,2026-07-07,30,27304.28,23503.13,23503.13,USD,USD,BANK-22950775,False,normal,23503.13,0
TXN-0001679,SUP-0153,Maintenance,INV-256-2026-001679,PO-2026-001679,2026-05-27,2026-07-03,30,20356.8,17050.5,17050.5,USD,USD,BANK-11605310,False,normal,17050.5,0
TXN-0001698,SUP-0104,Maintenance,INV-569-2026-001698,PO-2025-001698,2026-05-27,2026-07-12,30,8729.57,6622.41,6622.41,GBP,GBP,BANK-82371206,False,normal,8410.46,0
TXN-0002930,SUP-0066,Facilities,INV-943-2026-002930,PO-2025-002930,2026-05-27,2026-06-19,30,6945.03,5834.07,5834.07,AED,AED,BANK-23795588,False,normal,1588.62,0
TXN-0003593,SUP-0040,Aircraft Components,INV-936-2026-003593,PO-2026-003593,2026-05-27,2026-07-30,60,7907.84,6081.91,6081.91,AED,AED,BANK-30107614,False,normal,1656.1,0
TXN-0003603,SUP-0158,Aircraft Components,INV-336-2026-003603,PO-2026-003603,2026-05-27,2026-06-17,30,68066.53,51811.0,51811.0,AED,AED,BANK-32546185,False,normal,14108.14,0
TXN-0004513,SUP-0109,Maintenance,INV-178-2026-004513,PO-2026-004513,2026-05-27,2026-07-30,60,3307.85,2865.68,2865.68,USD,USD,BANK-84335845,False,normal,2865.68,0
TXN-0004628,SUP-0005,Aircraft Components,INV-852-2026-004628,PO-2025-004628,2026-05-27,2026-07-12,45,7227.35,5428.71,5428.71,USD,USD,BANK-97763977,False,normal,5428.71,0
TXN-0004637,SUP-0099,Facilities,INV-138-2026-004637,PO-2026-004637,2026-05-27,2026-06-30,30,77429.69,91131.65,91131.65,USD,USD,BANK-78956930,False,invoice_above_po,91131.65,1
TXN-0004899,SUP-0010,Ground Services,INV-414-2026-004899,PO-2026-004899,2026-05-27,2026-07-09,30,9572.61,9425.31,9425.31,USD,USD,BANK-59212295,False,normal,9425.31,0
TXN-0005544,SUP-0045,Information Technology,INV-469-2026-005544,PO-2025-005544,2026-05-27,2026-07-12,45,13547.67,10654.58,16808.04,EUR,EUR,BANK-38433614,False,overpayment,18320.76,1
TXN-0000018,SUP-0139,Information Technology,INV-457-2026-000018,PO-2025-000018,2026-05-28,2026-07-14,45,10912.28,10743.14,10743.14,EUR,EUR,BANK-77394363,False,normal,11710.02,0
TXN-0000344,SUP-0005,Facilities,INV-766-2026-000344,PO-2025-000344,2026-05-28,2026-06-19,30,92374.53,69834.63,69834.63,USD,USD,BANK-97763977,False,normal,69834.63,0
TXN-0001209,SUP-0026,Aircraft Components,INV-615-2026-001209,PO-2026-001209,2026-05-28,2026-07-09,30,17500.6,16106.19,27850.82,USD,USD,BANK-94243920,False,overpayment,27850.82,1
TXN-0001276,SUP-0066,Maintenance,INV-625-2026-001276,PO-2025-001276,2026-05-28,2026-07-04,30,2146.43,1560.49,1560.49,AED,AED,BANK-23795588,False,normal,424.92,0
TXN-0001351,SUP-0151,Maintenance,INV-713-2026-001351,PO-2026-001351,2026-05-28,2026-06-14,30,5490.7,5126.49,5126.49,EUR,EUR,BANK-80628709,False,normal,5587.87,0
TXN-0001598,SUP-0107,Aircraft Components,INV-168-2026-001598,PO-2025-001598,2026-05-28,2026-07-12,45,10003.75,9821.82,9821.82,USD,USD,BANK-17594929,False,normal,9821.82,0
TXN-0001960,SUP-0144,Aircraft Components,INV-812-2026-001960,PO-2025-001960,2026-05-28,2026-08-08,60,943.05,703.46,703.46,AED,AED,BANK-63643829,False,normal,191.55,0
TXN-0003096,SUP-0123,Information Technology,INV-909-2026-003096,PO-2025-003096,2026-05-28,2026-07-27,60,13168.05,11372.41,11372.41,USD,USD,BANK-38236379,False,normal,11372.41,0
TXN-0003932,SUP-0026,Aircraft Components,INV-190-2026-003932,PO-2025-003932,2026-05-28,2026-06-14,30,1677.31,1384.5,1384.5,USD,USD,BANK-94243920,False,normal,1384.5,0
TXN-0004064,SUP-0140,Information Technology,INV-400-2026-004064,PO-2025-004064,2026-05-28,2026-07-23,60,9327.2,8983.12,8983.12,USD,USD,BANK-47720288,False,normal,8983.12,0
TXN-0000173,SUP-0012,Maintenance,INV-823-2026-000173,PO-2026-000173,2026-05-29,2026-06-25,30,67589.2,60205.56,60205.56,GBP,GBP,BANK-37895989,False,normal,76461.06,0
TXN-0000255,SUP-0131,Information Technology,INV-362-2026-000255,PO-2026-000255,2026-05-29,2026-08-05,60,1706.54,1473.79,1473.79,USD,USD,BANK-63724249,False,normal,1473.79,0
TXN-0000317,SUP-0083,Maintenance,INV-563-2026-000317,PO-2026-000317,2026-05-29,2026-07-17,45,15132.51,12041.29,12041.29,EUR,EUR,BANK-49032895,False,normal,13125.01,0
TXN-0000374,SUP-0129,Professional Services,INV-816-2026-000374,PO-2025-000374,2026-05-29,2026-07-01,30,44467.28,32714.36,32714.36,USD,USD,NEW-86247926,True,bank_change,32714.36,1
TXN-0000901,SUP-0090,Aircraft Components,INV-280-2026-000901,PO-2026-000901,2026-05-29,2026-07-18,60,9164.06,8879.59,8879.59,AED,AED,BANK-21863999,False,normal,2417.91,0
TXN-0001565,SUP-0028,Aircraft Components,INV-908-2026-001565,PO-2026-001565,2026-05-29,2026-07-14,60,2660.51,2644.06,3263.86,USD,USD,BANK-24814703,False,overpayment,3263.86,1
TXN-0002049,SUP-0129,Maintenance,INV-693-2026-002049,PO-2026-002049,2026-05-29,2026-08-05,60,5832.8,4517.9,4517.9,USD,USD,BANK-54924829,False,normal,4517.9,0
TXN-0002970,SUP-0139,Ground Services,INV-657-2026-002970,PO-2025-002970,2026-05-29,2026-08-03,60,10115.16,9743.32,9743.32,EUR,EUR,BANK-77394363,False,normal,10620.22,0
TXN-0003700,SUP-0092,Aircraft Components,INV-833-2026-003700,PO-2025-003700,2026-05-29,2026-07-25,45,5592.39,8071.75,8071.75,AED,AED,BANK-70989279,False,invoice_above_po,2197.94,1
TXN-0004045,SUP-0005,Aircraft Components,INV-632-2026-004045,PO-2026-004045,2026-05-29,2026-07-08,30,11247.88,10517.15,10517.15,USD,USD,BANK-97763977,False,normal,10517.15,0
TXN-0005339,SUP-0083,Aircraft Components,INV-998-2026-005339,PO-2026-005339,2026-05-29,2026-06-28,30,10516.61,10451.84,10451.84,EUR,EUR,BANK-49032895,False,normal,11392.51,0
TXN-0002839,SUP-0070,Professional Services,INV-158-2026-002839,PO-2026-002839,2026-05-30,2026-07-16,60,11983.18,11071.97,11071.97,USD,USD,BANK-63944450,False,normal,11071.97,0
TXN-0003046,SUP-0012,Ground Services,INV-519-2026-003046,PO-2025-003046,2026-05-30,2026-07-02,30,5296.16,4081.75,4081.75,GBP,GBP,BANK-37895989,False,normal,5183.82,0
TXN-0003402,SUP-0029,Aircraft Components,INV-561-2026-003402,PO-2025-003402,2026-05-30,2026-07-09,30,25207.95,18781.6,18781.6,USD,USD,BANK-57984114,False,normal,18781.6,0
TXN-0003754,SUP-0039,Aircraft Components,INV-804-2026-003754,PO-2025-003754,2026-05-30,2026-07-09,30,2328.99,2031.19,2031.19,USD,USD,BANK-90171323,False,normal,2031.19,0
TXN-0004541,SUP-0041,Information Technology,INV-554-2026-004541,PO-2026-004541,2026-05-30,2026-07-06,30,2726.69,2720.5,2720.5,USD,USD,BANK-90410196,False,normal,2720.5,0
TXN-0004949,SUP-0085,Aircraft Components,INV-272-2026-004949,PO-2026-004949,2026-05-30,2026-08-01,45,26645.38,19518.96,19518.96,USD,USD,BANK-94093522,False,normal,19518.96,0
TXN-0000511,SUP-0085,Maintenance,INV-486-2026-000511,PO-2026-000511,2026-05-31,2026-07-28,60,27562.56,22225.9,22225.9,USD,USD,BANK-94093522,False,normal,22225.9,0
TXN-0001798,SUP-0126,Information Technology,INV-380-2026-001798,PO-2025-001798,2026-05-31,2026-07-02,30,16733.74,16452.09,16452.09,AED,AED,BANK-35780160,False,normal,4479.9,0
TXN-0002381,SUP-0051,Facilities,INV-670-2026-002381,PO-2026-002381,2026-05-31,2026-06-17,30,13715.25,13651.52,13651.52,USD,USD,BANK-43629195,False,normal,13651.52,0
TXN-0002993,SUP-0066,Facilities,INV-346-2026-002993,PO-2026-002993,2026-05-31,2026-06-28,30,12065.0,10812.64,10812.64,AED,AED,BANK-23795588,False,normal,2944.28,0
TXN-0003282,SUP-0120,Aircraft Components,INV-811-2026-003282,PO-2025-003282,2026-05-31,2026-08-07,60,8388.22,6500.84,6500.84,AED,AED,BANK-53972563,False,normal,1770.18,0
TXN-0003929,SUP-0079,Maintenance,INV-283-2026-003929,PO-2026-003929,2026-05-31,2026-09-03,90,34958.37,32110.11,32110.11,AED,AED,BANK-38837550,False,normal,8743.58,0
TXN-0004083,SUP-0050,Maintenance,INV-478-2026-004083,PO-2026-004083,2026-05-31,2026-07-15,45,25995.97,19059.95,19059.95,USD,USD,BANK-46919792,False,normal,19059.95,0
TXN-0004964,SUP-0027,Professional Services,INV-430-2026-004964,PO-2025-004964,2026-05-31,2026-06-15,30,1062.21,866.31,866.31,AED,AED,BANK-26263179,False,normal,235.9,0
TXN-0000370,SUP-0136,Aircraft Components,INV-520-2026-000370,PO-2025-000370,2026-06-01,2026-08-31,90,5827.44,4978.67,4978.67,USD,USD,BANK-19530766,False,normal,4978.67,0
TXN-0000430,SUP-0074,Maintenance,INV-990-2026-000430,PO-2025-000430,2026-06-01,2026-07-05,30,21145.9,18953.44,18953.44,USD,USD,BANK-27679119,False,normal,18953.44,0
TXN-0001513,SUP-0045,Professional Services,INV-587-2026-001513,PO-2026-001513,2026-06-01,2026-06-30,30,4099.36,3608.73,3608.73,EUR,EUR,BANK-38433614,False,normal,3933.52,0
TXN-0001692,SUP-0077,Professional Services,INV-441-2026-001692,PO-2025-001692,2026-06-01,2026-08-20,90,1709.01,1326.89,1326.89,USD,USD,BANK-99822506,False,normal,1326.89,0
TXN-0001815,SUP-0043,Aircraft Components,INV-203-2026-001815,PO-2026-001815,2026-06-01,2026-06-29,30,8516.32,7407.45,7407.45,AED,AED,BANK-56697251,False,normal,2017.05,0
TXN-0002216,SUP-0128,Aircraft Components,INV-496-2026-002216,PO-2025-002216,2026-06-01,2026-06-30,30,21499.17,17606.43,17606.43,USD,USD,BANK-93232757,False,normal,17606.43,0
TXN-0002479,SUP-0118,Information Technology,INV-729-2026-002479,PO-2026-002479,2026-06-01,2026-07-13,45,11551.61,9246.87,9246.87,AED,AED,BANK-37085381,False,normal,2517.92,0
TXN-0002882,SUP-0047,Aircraft Components,INV-618-2026-002882,PO-2025-002882,2026-06-01,2026-07-24,45,11606.54,10518.7,10518.7,USD,USD,BANK-79481118,False,normal,10518.7,0
TXN-0003794,SUP-0136,Ground Services,INV-477-2026-003794,PO-2025-003794,2026-06-01,2026-07-20,45,8132.9,6408.69,6408.69,USD,USD,BANK-19530766,False,normal,6408.69,0
TXN-0004356,SUP-0020,Professional Services,INV-245-2026-004356,PO-2025-004356,2026-06-01,2026-07-18,60,5633.63,4685.7,4685.7,AED,AED,BANK-36182605,False,normal,1275.92,0
TXN-0004864,SUP-0094,Professional Services,INV-968-2026-004864,PO-2025-004864,2026-06-01,2026-07-29,45,13225.26,11367.76,11367.76,USD,USD,BANK-20964925,False,normal,11367.76,0
TXN-0005062,SUP-0008,Aircraft Components,INV-603-2026-005062,PO-2025-005062,2026-06-01,2026-08-06,60,12655.53,10078.98,10078.98,EUR,EUR,BANK-22713593,False,normal,10986.09,0
TXN-0005149,SUP-0123,Aircraft Components,INV-929-2026-005149,PO-2026-005149,2026-06-01,2026-07-03,30,11865.53,10423.87,10423.87,USD,USD,BANK-38236379,False,normal,10423.87,0
TXN-0005378,SUP-0034,Professional Services,INV-248-2026-005378,PO-2025-005378,2026-06-01,2026-08-27,90,8495.88,6215.91,6215.91,USD,USD,BANK-99313799,False,normal,6215.91,0
TXN-0000280,SUP-0125,Professional Services,INV-243-2026-000280,PO-2025-000280,2026-06-02,2026-07-15,30,4671.17,4479.27,4479.27,USD,USD,BANK-56892046,False,normal,4479.27,0
TXN-0000586,SUP-0034,Aircraft Components,INV-726-2026-000586,PO-2025-000586,2026-06-02,2026-07-28,45,20196.36,16210.46,16210.46,USD,USD,BANK-99313799,False,normal,16210.46,0
TXN-0000966,SUP-0007,Ground Services,INV-113-2026-000966,PO-2025-000966,2026-06-02,2026-07-23,45,6981.4,6788.03,6788.03,EUR,EUR,BANK-31280989,False,normal,7398.95,0
TXN-0001369,SUP-0018,Professional Services,INV-123-2026-001369,PO-2026-001369,2026-06-02,2026-06-30,30,6075.48,5825.75,5825.75,USD,USD,BANK-95760944,False,normal,5825.75,0
TXN-0001763,SUP-0025,Maintenance,INV-584-2026-001763,PO-2026-001763,2026-06-02,2026-06-14,30,1253.17,1180.31,1180.31,EUR,EUR,BANK-99224451,False,normal,1286.54,0
TXN-0002080,SUP-0070,Information Technology,INV-769-2026-002080,PO-2025-002080,2026-06-02,2026-06-19,30,4103.33,3535.25,3535.25,USD,USD,BANK-63944450,False,normal,3535.25,0
TXN-0002686,SUP-0151,Maintenance,INV-597-2026-002686,PO-2025-002686,2026-06-02,2026-07-04,30,15485.57,13450.94,13450.94,EUR,EUR,BANK-80628709,False,normal,14661.52,0
TXN-0002911,SUP-0073,Information Technology,INV-649-2026-002911,PO-2026-002911,2026-06-02,2026-08-27,90,6528.09,5031.6,5031.6,EUR,EUR,BANK-14030635,False,normal,5484.44,0
TXN-0003057,SUP-0014,Information Technology,INV-299-2026-003057,PO-2026-003057,2026-06-02,2026-06-26,30,18342.11,14412.23,14412.23,EUR,EUR,BANK-51403053,False,normal,15709.33,0
TXN-0003893,SUP-0027,Facilities,INV-547-2026-003893,PO-2026-003893,2026-06-02,2026-07-10,45,14246.61,12013.68,12013.68,AED,AED,BANK-26263179,False,normal,3271.33,0
TXN-0005260,SUP-0004,Information Technology,INV-562-2026-005260,PO-2025-005260,2026-06-02,2026-06-30,45,44384.5,42918.69,42918.69,AED,AED,BANK-92441065,False,normal,11686.76,0
TXN-0005320,SUP-0024,Maintenance,INV-954-2026-005320,PO-2025-005320,2026-06-02,2026-07-22,30,16095.07,15130.65,15130.65,EUR,EUR,BANK-33036857,False,normal,16492.41,0
TXN-0005515,SUP-0100,Maintenance,INV-837-2026-005515,PO-2026-005515,2026-06-02,2026-08-24,60,163330.75,149439.12,149439.12,GBP,GBP,BANK-62300494,False,normal,189787.68,0
TXN-0000183,SUP-0148,Ground Services,INV-612-2026-000183,PO-2026-000183,2026-06-03,2026-07-02,30,14794.74,11426.42,11426.42,AED,AED,BANK-48887190,False,normal,3111.41,0
TXN-0000958,SUP-0070,Maintenance,INV-718-2026-000958,PO-2025-000958,2026-06-03,2026-07-14,60,4562.44,4291.61,4291.61,USD,USD,BANK-63944450,False,normal,4291.61,0
TXN-0001194,SUP-0083,Professional Services,INV-567-2026-001194,PO-2025-001194,2026-06-03,2026-08-11,60,226480.78,224635.97,224635.97,EUR,EUR,BANK-49032895,False,normal,244853.21,0
TXN-0001291,SUP-0054,Professional Services,INV-587-2026-001291,PO-2026-001291,2026-06-03,2026-07-26,60,12027.38,11853.21,11853.21,AED,AED,BANK-77211064,False,normal,3227.63,0
TXN-0001879,SUP-0122,Maintenance,INV-856-2026-001879,PO-2026-001879,2026-06-03,2026-07-16,60,5971.85,5622.3,5622.3,AED,AED,BANK-69657778,False,normal,1530.95,0
TXN-0002249,SUP-0072,Professional Services,INV-856-2026-002249,PO-2026-002249,2026-06-03,2026-07-12,30,10769.48,9946.31,9946.31,USD,USD,BANK-88710582,False,normal,9946.31,0
TXN-0002705,SUP-0001,Facilities,INV-528-2026-002705,PO-2026-002705,2026-06-03,2026-07-10,45,49851.42,36526.3,36526.3,EUR,EUR,BANK-38861149,False,normal,39813.67,0
TXN-0002850,SUP-0037,Professional Services,INV-424-2026-002850,PO-2025-002850,2026-06-03,2026-08-10,60,13293.93,10288.79,10288.79,USD,USD,BANK-18183594,False,normal,10288.79,0
TXN-0003952,SUP-0152,Professional Services,INV-993-2026-003952,PO-2025-003952,2026-06-03,2026-09-02,90,27572.01,27191.18,27191.18,EUR,EUR,BANK-86228158,False,normal,29638.39,0
TXN-0004145,SUP-0053,Information Technology,INV79320260053A45,PO-2026-005345,2026-06-03,2026-08-02,60,6887.07,5753.56,5753.56,EUR,EUR,BANK-76295561,False,near_duplicate,6271.38,1
TXN-0004181,SUP-0050,Ground Services,INV-942-2026-004181,PO-2026-004181,2026-06-03,2026-07-09,30,22297.09,21623.95,21623.95,USD,USD,BANK-46919792,False,normal,21623.95,0
TXN-0004299,SUP-0136,Professional Services,INV-704-2026-004299,PO-2026-004299,2026-06-03,2026-08-21,60,6100.24,5128.55,5128.55,USD,USD,BANK-19530766,False,normal,5128.55,0
TXN-0004606,SUP-0061,Ground Services,INV-764-2026-004606,PO-2025-004606,2026-06-03,2026-08-07,60,22840.55,21789.95,21789.95,AED,AED,BANK-12871994,False,normal,5933.4,0
TXN-0004608,SUP-0156,Maintenance,INV-973-2026-004608,PO-2025-004608,2026-06-03,2026-07-09,45,10164.56,9253.98,9253.98,AED,AED,BANK-35913857,False,normal,2519.86,0
TXN-0004769,SUP-0056,Ground Services,INV-194-2026-004769,PO-2026-004769,2026-06-03,2026-06-27,30,3831.31,3681.25,3681.25,EUR,EUR,BANK-33621446,False,normal,4012.56,0
TXN-0004901,SUP-0038,Ground Services,INV-162-2026-004901,PO-2026-004901,2026-06-03,2026-07-11,45,3123.47,2285.43,2285.43,AED,AED,BANK-86107842,False,normal,622.32,0
TXN-0005462,SUP-0149,Maintenance,INV-852-2026-005462,PO-2025-005462,2026-06-03,2026-07-13,30,18439.15,13591.66,13591.66,USD,USD,BANK-52064343,False,normal,13591.66,0
TXN-0000342,SUP-0144,Ground Services,INV-602-2026-000342,PO-2025-000342,2026-06-04,2026-07-04,30,22603.47,18524.64,18524.64,AED,AED,BANK-63643829,False,normal,5044.26,0
TXN-0000570,SUP-0160,Facilities,INV-379-2026-000570,PO-2025-000570,2026-06-04,2026-07-19,30,7247.58,5991.44,5991.44,EUR,EUR,BANK-51670701,False,normal,6530.67,0
TXN-0000582,SUP-0103,Information Technology,INV-186-2026-000582,PO-2025-000582,2026-06-04,2026-07-22,45,19157.71,19019.79,19019.79,USD,USD,BANK-87788293,False,normal,19019.79,0
TXN-0001065,SUP-0045,Facilities,INV-665-2026-001065,PO-2026-001065,2026-06-04,2026-07-25,60,3762.06,3046.09,3046.09,EUR,AED,BANK-38433614,False,currency_mismatch,829.45,1
TXN-0001118,SUP-0051,Maintenance,INV-177-2026-001118,PO-2025-001118,2026-06-04,2026-07-13,30,101081.85,99959.41,99959.41,USD,USD,BANK-43629195,False,normal,99959.41,0
TXN-0001542,SUP-0153,Professional Services,INV-182-2026-001542,PO-2025-001542,2026-06-04,2026-07-21,60,24736.23,20214.33,20214.33,USD,USD,BANK-11605310,False,normal,20214.33,0
TXN-0001780,SUP-0016,Ground Services,INV-309-2026-001780,PO-2025-001780,2026-06-04,2026-06-20,30,8228.6,7216.48,7216.48,USD,USD,BANK-96689067,False,normal,7216.48,0
TXN-0002509,SUP-0124,Maintenance,INV-967-2026-002509,PO-2026-002509,2026-06-04,2026-08-08,60,12878.23,9525.0,9525.0,USD,USD,BANK-96006092,False,normal,9525.0,0
TXN-0002795,SUP-0014,Information Technology,INV-222-2026-002795,PO-2026-002795,2026-06-04,2026-08-04,45,16361.19,14700.95,14700.95,EUR,USD,BANK-51403053,False,currency_mismatch,14700.95,1
TXN-0002812,SUP-0146,Professional Services,INV-717-2026-002812,PO-2025-002812,2026-06-04,2026-09-09,90,1411.65,1254.21,1254.21,USD,USD,BANK-76449297,False,normal,1254.21,0
TXN-0003768,SUP-0055,Maintenance,INV-793-2026-003768,PO-2025-003768,2026-06-04,2026-07-11,30,8728.59,8149.7,8149.7,AED,AED,BANK-44199230,False,normal,2219.16,0
TXN-0003977,SUP-0095,Facilities,INV-748-2026-003977,PO-2026-003977,2026-06-04,2026-07-18,45,20327.27,19666.63,19666.63,USD,USD,BANK-36688168,False,normal,19666.63,0
TXN-0004506,SUP-0084,Aircraft Components,INV-688-2026-004506,PO-2025-004506,2026-06-04,2026-08-03,60,16208.83,12406.54,12406.54,USD,USD,BANK-22950775,False,normal,12406.54,0
TXN-0005288,SUP-0004,Ground Services,INV-396-2026-005288,PO-2025-005288,2026-06-04,2026-08-05,45,7845.58,7705.16,7705.16,AED,AED,BANK-92441065,False,normal,2098.12,0
TXN-0005374,SUP-0112,Professional Services,INV-470-2026-005374,PO-2025-005374,2026-06-04,2026-07-05,30,26905.18,21226.59,21226.59,USD,USD,BANK-21137842,False,normal,21226.59,0
TXN-0000431,SUP-0087,Information Technology,INV-600-2026-000431,PO-2026-000431,2026-06-05,2026-07-22,45,21545.91,17823.96,17823.96,AED,AED,BANK-25685067,False,normal,4853.46,0
TXN-0000659,SUP-0053,Information Technology,INV-385-2026-000659,PO-2026-000659,2026-06-05,2026-07-03,30,5502.84,4141.16,4141.16,EUR,EUR,BANK-76295561,False,normal,4513.86,0
TXN-0001149,SUP-0067,Information Technology,INV-663-2026-001149,PO-2026-001149,2026-06-05,2026-08-20,60,32432.35,23356.66,23356.66,AED,AED,BANK-77206550,False,normal,6360.02,0
TXN-0001203,SUP-0151,Professional Services,INV-778-2026-001203,PO-2026-001203,2026-06-05,2026-06-25,30,3806.86,3317.17,3317.17,EUR,EUR,BANK-80628709,False,normal,3615.72,0
TXN-0002811,SUP-0034,Aircraft Components,INV-113-2026-002811,PO-2026-002811,2026-06-05,2026-08-17,60,23042.64,19490.88,19490.88,USD,USD,BANK-99313799,False,normal,19490.88,0
TXN-0003785,SUP-0128,Ground Services,INV-891-2026-003785,PO-2026-003785,2026-06-05,2026-07-04,30,13073.44,9428.57,9428.57,USD,USD,BANK-93232757,False,normal,9428.57,0
TXN-0004546,SUP-0134,Information Technology,INV-772-2026-004546,PO-2025-004546,2026-06-05,2026-07-14,45,1834.89,1825.98,1825.98,USD,USD,BANK-67057759,False,normal,1825.98,0
TXN-0004640,SUP-0120,Professional Services,INV-946-2026-004640,PO-2025-004640,2026-06-05,2026-08-02,60,12736.76,11684.13,11684.13,AED,AED,BANK-53972563,False,normal,3181.59,0
TXN-0004796,SUP-0115,Maintenance,INV-671-2026-004796,PO-2025-004796,2026-06-05,2026-09-06,90,21678.94,18267.14,18267.14,USD,USD,BANK-17278259,False,normal,18267.14,0
TXN-0004856,SUP-0099,Maintenance,INV-982-2026-004856,PO-2025-004856,2026-06-05,2026-07-04,30,2029.36,1928.64,1928.64,USD,USD,BANK-78956930,False,normal,1928.64,0
TXN-0001676,SUP-0040,Aircraft Components,INV-751-2026-001676,PO-2025-001676,2026-06-06,2026-07-31,45,3508.68,3049.0,3049.0,AED,AED,BANK-30107614,False,normal,830.24,0
TXN-0002048,SUP-0028,Professional Services,INV-382-2026-002048,PO-2025-002048,2026-06-06,2026-08-05,60,540.06,422.09,422.09,USD,USD,BANK-24814703,False,normal,422.09,0
TXN-0002058,SUP-0061,Maintenance,INV-629-2026-002058,PO-2025-002058,2026-06-06,2026-07-03,30,9410.05,8873.74,8873.74,AED,AED,BANK-12871994,False,normal,2416.32,0
TXN-0002394,SUP-0157,Aircraft Components,INV-168-2026-002394,PO-2025-002394,2026-06-06,2026-07-03,30,12751.12,12321.17,12321.17,USD,USD,BANK-84648574,False,normal,12321.17,0
TXN-0003061,SUP-0066,Information Technology,INV-691-2026-003061,PO-2026-003061,2026-06-06,2026-07-15,45,988.13,875.48,875.48,AED,AED,BANK-23795588,False,normal,238.39,0
TXN-0003238,SUP-0159,Maintenance,INV-539-2026-003238,PO-2025-003238,2026-06-06,2026-08-10,60,7237.99,5526.52,5526.52,AED,AED,BANK-81713537,False,normal,1504.87,0
TXN-0003546,SUP-0084,Information Technology,INV-915-2026-003546,PO-2025-003546,2026-06-06,2026-08-08,60,38511.0,34550.18,34550.18,USD,USD,BANK-22950775,False,normal,34550.18,0
TXN-0004760,SUP-0037,Information Technology,INV-212-2026-004760,PO-2025-004760,2026-06-06,2026-08-06,60,12157.05,10900.8,10900.8,USD,USD,BANK-18183594,False,normal,10900.8,0
TXN-0004953,SUP-0068,Aircraft Components,INV-684-2026-004953,PO-2026-004953,2026-06-06,2026-07-09,30,1924.16,1538.69,1538.69,USD,USD,BANK-26134147,False,normal,1538.69,0
TXN-0005381,SUP-0115,Maintenance,INV-193-2026-005381,PO-2026-005381,2026-06-06,2026-07-12,30,20953.32,16111.23,16111.23,USD,USD,BANK-17278259,False,normal,16111.23,0
TXN-0000258,SUP-0044,Maintenance,INV-495-2026-000258,PO-2025-000258,2026-06-07,2026-08-21,60,14407.78,11282.51,11282.51,USD,USD,BANK-52259076,False,normal,11282.51,0
TXN-0000439,SUP-0040,Professional Services,INV-166-2026-000439,PO-2026-000439,2026-06-07,2026-07-14,45,6111.61,4404.46,4404.46,AED,AED,BANK-30107614,False,normal,1199.33,0
TXN-0002344,SUP-0021,Aircraft Components,INV-617-2026-002344,PO-2025-002344,2026-06-07,2026-07-08,30,1746.07,1311.66,1311.66,EUR,EUR,BANK-65967398,False,normal,1429.71,0
TXN-0004237,SUP-0152,Ground Services,INV-213-2026-004237,PO-2026-004237,2026-06-07,2026-07-22,45,13422.8,12038.48,12038.48,EUR,EUR,BANK-86228158,False,normal,13121.94,0
TXN-0005414,SUP-0141,Facilities,INV-561-2026-005414,PO-2025-005414,2026-06-07,2026-07-31,60,8220.64,6555.07,6555.07,AED,AED,BANK-10585992,False,normal,1784.95,0
TXN-0000005,SUP-0150,Facilities,INV-930-2026-000005,PO-2026-000005,2026-06-08,2026-08-05,60,13269.37,11878.09,11878.09,USD,USD,BANK-67087104,False,normal,11878.09,0
TXN-0000545,SUP-0079,Professional Services,INV-570-2026-000545,PO-2026-000545,2026-06-08,2026-08-28,90,6748.37,5122.35,5122.35,AED,AED,BANK-38837550,False,normal,1394.82,0
TXN-0000622,SUP-0146,Maintenance,INV-734-2026-000622,PO-2025-000622,2026-06-08,2026-07-21,45,4222.81,3780.58,3780.58,USD,USD,BANK-76449297,False,normal,3780.58,0
TXN-0000914,SUP-0048,Facilities,INV-457-2026-000914,PO-2025-000914,2026-06-08,2026-07-09,30,2301.95,2013.89,2013.89,USD,USD,BANK-40202528,False,normal,2013.89,0
TXN-0001127,SUP-0108,Facilities,INV-792-2026-001127,PO-2026-001127,2026-06-08,2026-08-09,60,3414.81,2808.34,2808.34,USD,USD,BANK-76508559,False,normal,2808.34,0
TXN-0001462,SUP-0147,Maintenance,INV-236-2026-001462,PO-2025-001462,2026-06-08,2026-08-14,60,13022.76,9563.17,9563.17,USD,USD,BANK-82392481,False,normal,9563.17,0
TXN-0001978,SUP-0094,Professional Services,INV-412-2026-001978,PO-2025-001978,2026-06-08,2026-08-07,60,3312.01,3288.6,3288.6,USD,USD,BANK-20964925,False,normal,3288.6,0
TXN-0002615,SUP-0059,Aircraft Components,INV-537-2026-002615,PO-2026-002615,2026-06-08,2026-06-21,30,7956.57,6600.78,6600.78,USD,USD,BANK-95295830,False,normal,6600.78,0
TXN-0003555,SUP-0053,Aircraft Components,INV-226-2026-003555,PO-2026-003555,2026-06-08,2026-07-17,30,26425.3,21082.63,21082.63,EUR,EUR,BANK-76295561,False,normal,22980.07,0
TXN-0003988,SUP-0022,Maintenance,INV-427-2026-003988,PO-2025-003988,2026-06-08,2026-07-30,45,14739.19,10864.03,10864.03,USD,USD,BANK-56355141,False,normal,10864.03,0
TXN-0004302,SUP-0002,Information Technology,INV-509-2026-004302,PO-2025-004302,2026-06-08,2026-07-06,30,12113.49,9392.69,9392.69,USD,USD,BANK-19696685,False,normal,9392.69,0
TXN-0004722,SUP-0121,Aircraft Components,INV-928-2026-004722,PO-2025-004722,2026-06-08,2026-07-06,30,8621.86,6450.21,6450.21,AED,AED,BANK-55753531,False,normal,1756.39,0
TXN-0004749,SUP-0061,Aircraft Components,INV-726-2026-004749,PO-2026-004749,2026-06-08,2026-09-06,90,4371.11,3234.31,3234.31,AED,AED,BANK-12871994,False,normal,880.7,0
TXN-0004973,SUP-0083,Professional Services,INV-737-2026-004973,PO-2026-004973,2026-06-08,2026-07-29,45,1156.7,929.44,929.44,EUR,EUR,BANK-49032895,False,normal,1013.09,0
TXN-0001363,SUP-0084,Facilities,INV-864-2026-001363,PO-2026-001363,2026-06-09,2026-08-23,90,8654.73,7244.44,7244.44,USD,USD,BANK-22950775,False,normal,7244.44,0
TXN-0001479,SUP-0131,Professional Services,INV-782-2026-001479,PO-2026-001479,2026-06-09,2026-07-01,30,38724.46,34277.99,34277.99,USD,USD,BANK-63724249,False,normal,34277.99,0
TXN-0002566,SUP-0029,Ground Services,INV-755-2026-002566,PO-2025-002566,2026-06-09,2026-07-18,45,38625.97,30515.41,30515.41,USD,USD,BANK-57984114,False,normal,30515.41,0
TXN-0002834,SUP-0006,Aircraft Components,INV-423-2026-002834,PO-2025-002834,2026-06-09,2026-07-15,30,1325.98,1096.57,1096.57,GBP,GBP,BANK-30719258,False,normal,1392.64,0
TXN-0002910,SUP-0128,Aircraft Components,INV-157-2026-002910,PO-2025-002910,2026-06-09,2026-07-18,30,6377.16,5382.69,5382.69,USD,USD,BANK-93232757,False,normal,5382.69,0
TXN-0003405,SUP-0091,Ground Services,INV-820-2026-003405,PO-2026-003405,2026-06-09,2026-06-09,30,19317.14,16062.78,16062.78,USD,USD,BANK-11616527,False,rapid_payment,16062.78,1
TXN-0003521,SUP-0041,Information Technology,INV-880-2026-003521,PO-2026-003521,2026-06-09,2026-07-20,45,6435.33,5046.64,5046.64,USD,USD,BANK-90410196,False,normal,5046.64,0
TXN-0003890,SUP-0094,Ground Services,INV-514-2026-003890,PO-2025-003890,2026-06-09,2026-07-05,45,20007.79,19135.31,19135.31,USD,USD,BANK-20964925,False,normal,19135.31,0
TXN-0004523,SUP-0115,Aircraft Components,INV-784-2026-004523,PO-2026-004523,2026-06-09,2026-08-01,45,500.0,396.46,396.46,USD,USD,BANK-17278259,False,normal,396.46,0
TXN-0004626,SUP-0111,Information Technology,INV-486-2026-004626,PO-2025-004626,2026-06-09,2026-07-02,30,681.18,541.28,541.28,USD,USD,BANK-49045227,False,normal,541.28,0
TXN-0005133,SUP-0145,Ground Services,INV-705-2026-005133,PO-2026-005133,2026-06-09,2026-07-17,30,22734.92,20790.52,20790.52,AED,AED,BANK-26332140,False,normal,5661.26,0
TXN-0005335,SUP-0099,Maintenance,INV-813-2026-005335,PO-2026-005335,2026-06-09,2026-07-17,45,12302.55,9264.85,9264.85,USD,USD,BANK-78956930,False,normal,9264.85,0
TXN-0000321,SUP-0088,Maintenance,INV-863-2026-000321,PO-2026-000321,2026-06-10,2026-09-15,90,3423.46,3192.04,3192.04,AED,AED,BANK-30669042,False,normal,869.19,0
TXN-0000712,SUP-0158,Maintenance,INV-851-2026-000712,PO-2025-000712,2026-06-10,2026-06-22,30,14946.35,13131.88,13131.88,AED,AED,BANK-32546185,False,normal,3575.81,0
TXN-0001022,SUP-0077,Professional Services,INV-333-2026-001022,PO-2025-001022,2026-06-10,2026-08-18,60,8392.1,6569.62,6569.62,USD,USD,BANK-99822506,False,normal,6569.62,0
TXN-0001634,SUP-0113,Aircraft Components,INV-584-2026-001634,PO-2025-001634,2026-06-10,2026-08-25,60,32466.72,24515.61,24515.61,USD,USD,BANK-61055398,False,normal,24515.61,0
TXN-0002247,SUP-0150,Maintenance,INV-745-2026-002247,PO-2026-002247,2026-06-10,2026-07-18,30,9780.92,9559.27,9559.27,USD,USD,BANK-67087104,False,normal,9559.27,0
TXN-0003563,SUP-0054,Professional Services,INV-507-2026-003563,PO-2026-003563,2026-06-10,2026-07-19,30,10539.09,9945.69,9945.69,AED,AED,BANK-77211064,False,normal,2708.21,0
TXN-0003636,SUP-0152,Information Technology,INV-519-2026-003636,PO-2025-003636,2026-06-10,2026-07-02,30,7650.31,6436.67,6436.67,EUR,EUR,BANK-86228158,False,normal,7015.97,0
TXN-0004454,SUP-0055,Information Technology,INV-440-2026-004454,PO-2025-004454,2026-06-10,2026-07-14,30,6425.89,6132.2,6132.2,AED,AED,BANK-44199230,False,normal,1669.8,0
TXN-0004599,SUP-0084,Maintenance,INV-842-2026-004599,PO-2026-004599,2026-06-10,2026-07-02,30,1685.02,1469.75,1469.75,USD,USD,BANK-22950775,False,normal,1469.75,0
TXN-0000744,SUP-0047,Aircraft Components,INV-286-2026-000744,PO-2025-000744,2026-06-11,2026-07-15,30,13362.01,12005.82,12005.82,USD,USD,BANK-79481118,False,normal,12005.82,0
TXN-0001554,SUP-0072,Aircraft Components,INV-890-2026-001554,PO-2025-001554,2026-06-11,2026-06-12,30,16276.69,15570.19,15570.19,USD,USD,BANK-88710582,False,rapid_payment,15570.19,1
TXN-0001644,SUP-0052,Information Technology,INV-715-2026-001644,PO-2025-001644,2026-06-11,2026-07-24,30,3406.77,3078.9,3078.9,USD,USD,BANK-89766631,False,normal,3078.9,0
TXN-0001666,SUP-0052,Maintenance,INV-199-2026-001666,PO-2025-001666,2026-06-11,2026-07-10,30,4259.94,4179.05,4179.05,USD,USD,BANK-89766631,False,normal,4179.05,0
TXN-0001685,SUP-0004,Ground Services,INV-105-2026-001685,PO-2026-001685,2026-06-11,2026-07-23,45,51521.33,50970.59,50970.59,AED,AED,BANK-92441065,False,normal,13879.29,0
TXN-0001687,SUP-0160,Maintenance,INV-146-2026-001687,PO-2026-001687,2026-06-11,2026-08-03,45,4497.7,4360.34,4360.34,EUR,EUR,BANK-51670701,False,normal,4752.77,0
TXN-0002916,SUP-0147,Maintenance,INV-540-2026-002916,PO-2025-002916,2026-06-11,2026-07-19,45,14919.75,11691.76,11691.76,USD,USD,BANK-82392481,False,normal,11691.76,0
TXN-0003352,SUP-0096,Professional Services,INV-186-2026-003352,PO-2025-003352,2026-06-11,2026-07-31,45,26975.89,21086.01,21086.01,AED,AED,BANK-55569693,False,normal,5741.72,0
TXN-0003398,SUP-0073,Facilities,INV-917-2026-003398,PO-2025-003398,2026-06-11,2026-07-08,30,18197.89,13581.54,13581.54,EUR,EUR,BANK-14030635,False,normal,14803.88,0
TXN-0003676,SUP-0063,Information Technology,INV-275-2026-003676,PO-2025-003676,2026-06-11,2026-06-28,30,17455.65,14092.18,14092.18,AED,AED,BANK-16087857,False,normal,3837.3,0
TXN-0003933,SUP-0115,Professional Services,INV-710-2026-003933,PO-2026-003933,2026-06-11,2026-08-25,90,12039.87,10532.53,10532.53,USD,USD,BANK-17278259,False,normal,10532.53,0
TXN-0004744,SUP-0044,Professional Services,INV-212-2026-004744,PO-2025-004744,2026-06-11,2026-08-06,60,35243.86,29303.94,29303.94,USD,USD,BANK-52259076,False,normal,29303.94,0
TXN-0004982,SUP-0054,Information Technology,INV-794-2026-004982,PO-2025-004982,2026-06-11,2026-06-28,30,2510.36,2187.8,2187.8,AED,AED,BANK-77211064,False,normal,595.74,0
TXN-0005181,SUP-0033,Maintenance,INV-857-2026-005181,PO-2026-005181,2026-06-11,2026-06-28,30,1989.78,1590.61,1590.61,USD,USD,BANK-97243596,False,normal,1590.61,0
TXN-0000414,SUP-0099,Facilities,INV-243-2026-000414,PO-2025-000414,2026-06-12,2026-08-01,45,25723.66,24717.26,24717.26,USD,USD,BANK-78956930,False,normal,24717.26,0
TXN-0000685,SUP-0101,Ground Services,INV-819-2026-000685,PO-2026-000685,2026-06-12,2026-07-11,30,4042.92,3255.06,3255.06,EUR,EUR,BANK-47533220,False,normal,3548.02,0
TXN-0000690,SUP-0055,Information Technology,INV-251-2026-000690,PO-2025-000690,2026-06-12,2026-08-16,60,26994.32,22206.28,22206.28,AED,AED,BANK-44199230,False,normal,6046.77,0
TXN-0001156,SUP-0009,Aircraft Components,INV-820-2026-001156,PO-2025-001156,2026-06-12,2026-07-20,30,5719.58,5419.23,5419.23,USD,USD,BANK-59936721,False,normal,5419.23,0
TXN-0001411,SUP-0092,Information Technology,INV-211-2026-001411,PO-2026-001411,2026-06-12,2026-09-16,90,94154.21,93749.35,93749.35,AED,AED,BANK-70989279,False,normal,25527.95,0
TXN-0001493,SUP-0010,Ground Services,INV-855-2026-001493,PO-2026-001493,2026-06-12,2026-07-28,30,4014.18,2961.81,2961.81,USD,USD,BANK-59212295,False,normal,2961.81,0
TXN-0001712,SUP-0138,Information Technology,INV-809-2026-001712,PO-2025-001712,2026-06-12,2026-08-12,60,7405.99,5764.33,5764.33,AED,AED,BANK-22630563,False,normal,1569.63,0
TXN-0002642,SUP-0146,Aircraft Components,INV-204-2026-002642,PO-2025-002642,2026-06-12,2026-07-16,30,4702.33,4690.44,4690.44,USD,USD,BANK-76449297,False,normal,4690.44,0
TXN-0003695,SUP-0105,Professional Services,INV-769-2026-003695,PO-2026-003695,2026-06-12,2026-08-31,60,4191.99,3146.04,3146.04,EUR,EUR,BANK-12259119,False,normal,3429.18,0
TXN-0004002,SUP-0041,Facilities,INV-668-2026-004002,PO-2025-004002,2026-06-12,2026-07-06,30,19111.48,18050.96,18050.96,USD,USD,BANK-90410196,False,normal,18050.96,0
TXN-0004355,SUP-0123,Facilities,INV-381-2026-004355,PO-2026-004355,2026-06-12,2026-07-10,30,10170.34,7645.28,7645.28,USD,USD,BANK-38236379,False,normal,7645.28,0
TXN-0005437,SUP-0105,Aircraft Components,INV-612-2026-005437,PO-2026-005437,2026-06-12,2026-07-12,30,1733.35,1590.85,1590.85,EUR,EUR,BANK-12259119,False,normal,1734.03,0
TXN-0000467,SUP-0099,Facilities,INV-914-2026-000467,PO-2026-000467,2026-06-13,2026-08-12,60,17037.28,13873.31,13873.31,USD,USD,BANK-78956930,False,normal,13873.31,0
TXN-0000637,SUP-0044,Professional Services,INV-469-2026-000637,PO-2026-000637,2026-06-13,2026-08-19,60,2741.49,2097.27,2097.27,USD,USD,BANK-52259076,False,normal,2097.27,0
TXN-0001379,SUP-0134,Ground Services,INV-368-2026-001379,PO-2026-001379,2026-06-13,2026-07-10,30,6749.92,5903.9,5903.9,USD,USD,BANK-67057759,False,normal,5903.9,0
TXN-0001457,SUP-0140,Aircraft Components,INV-112-2026-001457,PO-2026-001457,2026-06-13,2026-07-19,30,19731.3,16352.2,16352.2,USD,USD,BANK-47720288,False,normal,16352.2,0
TXN-0002120,SUP-0121,Maintenance,INV-168-2026-002120,PO-2025-002120,2026-06-13,2026-06-30,30,4260.73,3343.06,3343.06,AED,AED,BANK-55753531,False,normal,910.32,0
TXN-0002227,SUP-0151,Facilities,INV-320-2026-002227,PO-2026-002227,2026-06-13,2026-08-12,60,16661.06,13156.72,13156.72,EUR,EUR,BANK-80628709,False,normal,14340.82,0
TXN-0002730,SUP-0043,Information Technology,INV-456-2026-002730,PO-2025-002730,2026-06-13,2026-07-21,45,1335.13,1185.13,1185.13,AED,AED,BANK-56697251,False,normal,322.71,0
TXN-0003207,SUP-0032,Professional Services,INV-505-2026-003207,PO-2026-003207,2026-06-13,2026-08-03,45,22952.03,18721.17,18721.17,GBP,GBP,BANK-49158734,False,normal,23775.89,0
TXN-0004587,SUP-0028,Information Technology,INV-818-2026-004587,PO-2026-004587,2026-06-13,2026-08-08,60,2876.72,2726.35,2726.35,USD,USD,BANK-24814703,False,normal,2726.35,0
TXN-0005129,SUP-0092,Ground Services,INV-686-2026-005129,PO-2026-005129,2026-06-13,2026-08-20,60,6849.33,5933.38,5933.38,AED,AED,BANK-70989279,False,normal,1615.66,0
TXN-0005514,SUP-0016,Professional Services,INV-358-2026-005514,PO-2025-005514,2026-06-13,2026-07-26,45,15448.37,11432.34,11432.34,USD,USD,BANK-96689067,False,normal,11432.34,0
TXN-0000020,SUP-0073,Facilities,INV-631-2026-000020,PO-2025-000020,2026-06-14,2026-07-03,30,27121.48,25555.76,25555.76,EUR,EUR,BANK-14030635,False,normal,27855.78,0
TXN-0001148,SUP-0141,Ground Services,INV-301-2026-001148,PO-2025-001148,2026-06-14,2026-08-17,60,7902.6,6311.64,6311.64,AED,AED,BANK-10585992,False,normal,1718.66,0
TXN-0001165,SUP-0031,Information Technology,INV-134-2026-001165,PO-2026-001165,2026-06-14,2026-07-18,30,7984.62,7399.88,7399.88,EUR,EUR,BANK-36891816,False,normal,8065.87,0
TXN-0001932,SUP-0042,Maintenance,INV-541-2026-001932,PO-2025-001932,2026-06-14,2026-08-01,60,18807.72,14679.53,14679.53,EUR,EUR,BANK-20438281,False,normal,16000.69,0
TXN-0004128,SUP-0084,Information Technology,INV-844-2026-004128,PO-2025-004128,2026-06-14,2026-09-03,90,20844.24,18486.82,18486.82,USD,USD,BANK-22950775,False,normal,18486.82,0
TXN-0005311,SUP-0139,Information Technology,INV-151-2026-005311,PO-2026-005311,2026-06-14,2026-08-12,45,24889.24,18701.51,18701.51,EUR,EUR,BANK-77394363,False,normal,20384.65,0
TXN-0001273,SUP-0092,Facilities,INV-171-2026-001273,PO-2026-001273,2026-06-15,2026-07-16,45,73367.58,58282.33,58282.33,AED,AED,BANK-70989279,False,normal,15870.28,0
TXN-0001428,SUP-0125,Maintenance,INV-631-2026-001428,PO-2025-001428,2026-06-15,2026-07-13,30,58920.41,43737.59,43737.59,USD,USD,BANK-56892046,False,normal,43737.59,0
TXN-0001921,SUP-0060,Maintenance,INV-154-2026-001921,PO-2026-001921,2026-06-15,2026-08-04,30,206896.34,199393.81,199393.81,USD,USD,BANK-31687351,False,normal,199393.81,0
TXN-0001975,SUP-0055,Ground Services,INV-665-2026-001975,PO-2026-001975,2026-06-15,2026-07-09,30,6138.89,5228.14,5228.14,AED,AED,BANK-44199230,False,normal,1423.62,0
TXN-0002877,SUP-0008,Information Technology,INV-411-2026-002877,PO-2026-002877,2026-06-15,2026-07-20,45,24187.88,20550.03,20550.03,EUR,EUR,BANK-22713593,False,normal,22399.53,0
TXN-0003218,SUP-0145,Aircraft Components,INV-504-2026-003218,PO-2025-003218,2026-06-15,2026-07-25,45,4948.77,3617.06,3617.06,AED,AED,BANK-26332140,False,normal,984.93,0
TXN-0004549,SUP-0038,Ground Services,INV16220260049A01,PO-2026-004901,2026-06-15,2026-07-30,45,3123.47,2285.43,2285.43,AED,AED,BANK-86107842,False,near_duplicate,622.32,1
TXN-0000250,SUP-0108,Information Technology,INV-983-2026-000250,PO-2025-000250,2026-06-16,2026-07-14,30,4784.43,3725.15,3725.15,USD,USD,BANK-76508559,False,normal,3725.15,0
TXN-0000917,SUP-0048,Maintenance,INV-255-2026-000917,PO-2026-000917,2026-06-16,2026-07-30,30,4280.89,3465.23,3465.23,USD,USD,BANK-40202528,False,normal,3465.23,0
TXN-0000936,SUP-0160,Ground Services,INV-440-2026-000936,PO-2025-000936,2026-06-16,2026-07-09,30,8532.76,8261.06,8261.06,EUR,EUR,BANK-51670701,False,normal,9004.56,0
TXN-0000961,SUP-0151,Information Technology,INV-329-2026-000961,PO-2026-000961,2026-06-16,2026-09-07,90,3600.79,3413.74,3413.74,EUR,EUR,BANK-80628709,False,normal,3720.98,0
TXN-0001082,SUP-0097,Aircraft Components,INV-209-2026-001082,PO-2025-001082,2026-06-16,2026-07-11,30,20170.84,18938.9,18938.9,USD,USD,BANK-93475211,False,normal,18938.9,0
TXN-0001086,SUP-0058,Facilities,INV-312-2026-001086,PO-2025-001086,2026-06-16,2026-07-09,30,13812.49,13782.34,13782.34,AED,AED,BANK-94313182,False,normal,3752.93,0
TXN-0001236,SUP-0119,Ground Services,INV-738-2026-001236,PO-2025-001236,2026-06-16,2026-08-01,45,9548.45,6960.48,6960.48,USD,USD,BANK-21899503,False,normal,6960.48,0
TXN-0002209,SUP-0150,Maintenance,INV-478-2026-002209,PO-2026-002209,2026-06-16,2026-07-26,30,4461.18,3326.26,3326.26,USD,USD,BANK-67087104,False,normal,3326.26,0
TXN-0002407,SUP-0059,Aircraft Components,INV-718-2026-002407,PO-2026-002407,2026-06-16,2026-08-03,45,5566.48,4372.13,4372.13,USD,USD,BANK-95295830,False,normal,4372.13,0
TXN-0002660,SUP-0089,Professional Services,INV-383-2026-002660,PO-2025-002660,2026-06-16,2026-06-16,90,6815.61,5796.36,5796.36,USD,USD,BANK-35136775,False,rapid_payment,5796.36,1
TXN-0003274,SUP-0090,Ground Services,INV-483-2026-003274,PO-2025-003274,2026-06-16,2026-08-25,60,9545.44,6898.19,6898.19,AED,AED,BANK-21863999,False,normal,1878.38,0
TXN-0004182,SUP-0023,Aircraft Components,INV-678-2026-004182,PO-2025-004182,2026-06-16,2026-08-06,45,16977.95,12296.71,12296.71,GBP,GBP,BANK-91497896,False,normal,15616.82,0
TXN-0005303,SUP-0088,Ground Services,INV-152-2026-005303,PO-2026-005303,2026-06-16,2026-07-15,30,1690.67,1608.91,1608.91,AED,AED,BANK-30669042,False,normal,438.11,0
TXN-0005329,SUP-0095,Aircraft Components,INV-170-2026-005329,PO-2026-005329,2026-06-16,2026-09-17,90,15037.7,10829.47,10829.47,USD,USD,BANK-36688168,False,normal,10829.47,0
TXN-0000060,SUP-0009,Professional Services,INV-918-2026-000060,PO-2025-000060,2026-06-17,2026-08-21,45,5175.45,5115.35,5115.35,USD,USD,BANK-59936721,False,normal,5115.35,0
TXN-0001005,SUP-0044,Maintenance,INV-580-2026-001005,PO-2026-001005,2026-06-17,2026-08-19,60,19953.7,15139.87,15139.87,USD,USD,BANK-52259076,False,normal,15139.87,0
TXN-0001657,SUP-0154,Facilities,INV-489-2026-001657,PO-2026-001657,2026-06-17,2026-07-06,30,12386.95,8927.78,8927.78,AED,AED,BANK-69720522,False,normal,2431.03,0
TXN-0001673,SUP-0131,Maintenance,INV-718-2026-001673,PO-2026-001673,2026-06-17,2026-07-27,45,12979.49,10456.0,10456.0,USD,USD,BANK-63724249,False,normal,10456.0,0
TXN-0001796,SUP-0057,Aircraft Components,INV-528-2026-001796,PO-2025-001796,2026-06-17,2026-07-10,30,42754.38,31158.75,31158.75,USD,USD,BANK-10477636,False,normal,31158.75,0
TXN-0002680,SUP-0065,Facilities,INV-458-2026-002680,PO-2025-002680,2026-06-17,2026-08-14,45,30755.6,23968.69,23968.69,AED,AED,BANK-90272029,False,normal,6526.67,0
TXN-0003963,SUP-0089,Professional Services,INV-615-2026-003963,PO-2026-003963,2026-06-17,2026-07-23,30,500.0,408.49,408.49,USD,USD,BANK-35136775,False,normal,408.49,0
TXN-0004094,SUP-0047,Maintenance,INV-327-2026-004094,PO-2025-004094,2026-06-17,2026-06-24,30,24190.38,19794.63,19794.63,USD,USD,BANK-79481118,False,normal,19794.63,0
TXN-0004164,SUP-0043,Aircraft Components,INV-191-2026-004164,PO-2025-004164,2026-06-17,2026-07-23,45,15671.48,13129.24,13129.24,AED,AED,BANK-56697251,False,normal,3575.09,0
TXN-0004205,SUP-0001,Professional Services,INV-928-2026-004205,PO-2026-004205,2026-06-17,2026-08-16,45,2373.6,2006.55,2006.55,EUR,EUR,BANK-38861149,False,normal,2187.14,0
TXN-0004357,SUP-0016,Information Technology,INV-155-2026-004357,PO-2026-004357,2026-06-17,2026-07-31,60,1672.84,1464.44,1464.44,USD,USD,BANK-96689067,False,normal,1464.44,0
TXN-0002158,SUP-0075,Aircraft Components,INV-647-2026-002158,PO-2025-002158,2026-06-18,2026-07-24,30,11272.38,11068.78,11068.78,USD,USD,BANK-35245775,False,normal,11068.78,0
TXN-0002683,SUP-0132,Ground Services,INV-265-2026-002683,PO-2026-002683,2026-06-18,2026-07-21,30,91817.82,68607.86,68607.86,GBP,GBP,BANK-59967823,False,normal,87131.98,0
TXN-0003089,SUP-0153,Ground Services,INV-154-2026-003089,PO-2026-003089,2026-06-18,2026-07-22,45,9216.59,7738.11,7738.11,USD,USD,BANK-11605310,False,normal,7738.11,0
TXN-0003314,SUP-0009,Facilities,INV-185-2026-003314,PO-2025-003314,2026-06-18,2026-08-20,60,4124.01,3682.22,3682.22,USD,USD,BANK-59936721,False,normal,3682.22,0
TXN-0003401,SUP-0014,Maintenance,INV-602-2026-003401,PO-2026-003401,2026-06-18,2026-07-21,30,4833.79,4756.91,4756.91,EUR,EUR,BANK-51403053,False,normal,5185.03,0
TXN-0003454,SUP-0082,Information Technology,INV-921-2026-003454,PO-2025-003454,2026-06-18,2026-07-12,30,2120.23,1964.15,1964.15,USD,USD,BANK-55066706,False,normal,1964.15,0
TXN-0003901,SUP-0042,Maintenance,INV-954-2026-003901,PO-2026-003901,2026-06-18,2026-07-31,45,30392.81,25171.61,25171.61,EUR,EUR,BANK-20438281,False,normal,27437.05,0
TXN-0004617,SUP-0039,Information Technology,INV-905-2026-004617,PO-2026-004617,2026-06-18,2026-07-28,45,8374.07,7777.78,7777.78,USD,USD,BANK-90171323,False,normal,7777.78,0
TXN-0004634,SUP-0005,Facilities,INV-636-2026-004634,PO-2025-004634,2026-06-18,2026-07-15,30,9946.48,8378.75,8378.75,USD,USD,BANK-97763977,False,normal,8378.75,0
TXN-0005318,SUP-0149,Facilities,INV-637-2026-005318,PO-2025-005318,2026-06-18,2026-07-30,60,5541.27,4337.82,4337.82,USD,USD,BANK-52064343,False,normal,4337.82,0
TXN-0005555,SUP-0064,Information Technology,INV-670-2026-005555,PO-2026-005555,2026-06-18,2026-07-01,30,6791.28,4940.42,4940.42,EUR,EUR,BANK-84800139,False,normal,5385.06,0
TXN-0000168,SUP-0129,Ground Services,INV-270-2026-000168,PO-2025-000168,2026-06-19,2026-08-15,45,21782.84,18312.86,18312.86,USD,AED,BANK-54924829,False,currency_mismatch,4986.59,1
TXN-0001883,SUP-0026,Aircraft Components,INV-284-2026-001883,PO-2026-001883,2026-06-19,2026-08-14,60,8582.98,7597.35,7597.35,USD,USD,BANK-94243920,False,normal,7597.35,0
TXN-0002201,SUP-0040,Information Technology,INV-291-2026-002201,PO-2026-002201,2026-06-19,2026-07-22,30,5996.53,4382.55,4382.55,AED,AED,BANK-30107614,False,normal,1193.37,0
TXN-0003600,SUP-0102,Maintenance,INV-684-2026-003600,PO-2025-003600,2026-06-19,2026-07-27,45,1462.0,1256.75,1256.75,AED,AED,BANK-27979808,False,normal,342.21,0
TXN-0003980,SUP-0016,Information Technology,INV-888-2026-003980,PO-2025-003980,2026-06-19,2026-07-15,30,4081.72,3005.02,3005.02,USD,USD,BANK-96689067,False,normal,3005.02,0
TXN-0004284,SUP-0008,Information Technology,INV-788-2026-004284,PO-2025-004284,2026-06-19,2026-07-20,45,3368.05,2635.14,2635.14,EUR,EUR,BANK-22713593,False,normal,2872.3,0
TXN-0004877,SUP-0094,Ground Services,INV-728-2026-004877,PO-2026-004877,2026-06-19,2026-08-20,60,72392.56,57040.02,57040.02,USD,USD,BANK-20964925,False,normal,57040.02,0
TXN-0005517,SUP-0103,Maintenance,INV-696-2026-005517,PO-2026-005517,2026-06-19,2026-08-20,60,3188.55,3017.88,3017.88,USD,USD,BANK-87788293,False,normal,3017.88,0
TXN-0000040,SUP-0050,Professional Services,INV-408-2026-000040,PO-2025-000040,2026-06-20,2026-08-11,60,13257.87,9800.0,9800.0,USD,USD,BANK-46919792,False,normal,9800.0,0
TXN-0000338,SUP-0105,Professional Services,INV-756-2026-000338,PO-2025-000338,2026-06-20,2026-08-10,45,9930.63,8589.27,8589.27,EUR,EUR,BANK-12259119,False,normal,9362.3,0
TXN-0000363,SUP-0132,Information Technology,INV-925-2026-000363,PO-2026-000363,2026-06-20,2026-08-02,45,22988.96,18963.25,18963.25,GBP,GBP,BANK-59967823,False,normal,24083.33,0
TXN-0000812,SUP-0109,Aircraft Components,INV-885-2026-000812,PO-2025-000812,2026-06-20,2026-08-28,60,26159.64,25096.7,25096.7,USD,USD,NEW-69343719,True,bank_change,25096.7,1
TXN-0001041,SUP-0052,Information Technology,INV-107-2026-001041,PO-2026-001041,2026-06-20,2026-08-24,45,19715.44,17340.01,17340.01,USD,USD,BANK-89766631,False,normal,17340.01,0
TXN-0001278,SUP-0097,Information Technology,INV-764-2026-001278,PO-2025-001278,2026-06-20,2026-07-18,30,4128.99,4054.68,4054.68,USD,USD,BANK-93475211,False,normal,4054.68,0
TXN-0003131,SUP-0009,Information Technology,INV-346-2026-003131,PO-2026-003131,2026-06-20,2026-07-29,45,40024.71,32115.32,32115.32,USD,USD,BANK-59936721,False,normal,32115.32,0
TXN-0004040,SUP-0074,Aircraft Components,INV-742-2026-004040,PO-2025-004040,2026-06-20,2026-07-13,30,4904.17,4662.57,4662.57,USD,USD,BANK-27679119,False,normal,4662.57,0
TXN-0004281,SUP-0092,Professional Services,INV-584-2026-004281,PO-2026-004281,2026-06-20,2026-09-13,90,32170.13,30730.64,30730.64,AED,AED,BANK-70989279,False,normal,8367.95,0
TXN-0005307,SUP-0063,Facilities,INV-620-2026-005307,PO-2026-005307,2026-06-20,2026-07-18,30,3339.19,3150.88,3150.88,AED,AED,BANK-16087857,False,normal,857.98,0
TXN-0000153,SUP-0127,Information Technology,INV-893-2026-000153,PO-2026-000153,2026-06-21,2026-07-24,30,21661.04,19314.99,19314.99,USD,USD,BANK-96425599,False,normal,19314.99,0
TXN-0000758,SUP-0079,Aircraft Components,INV-174-2026-000758,PO-2025-000758,2026-06-21,2026-08-23,60,24415.8,23460.56,23460.56,AED,AED,BANK-38837550,False,normal,6388.31,0
TXN-0001150,SUP-0086,Professional Services,INV-915-2026-001150,PO-2025-001150,2026-06-21,2026-07-23,30,5021.32,4694.05,4694.05,USD,USD,BANK-11254265,False,normal,4694.05,0
TXN-0002001,SUP-0040,Maintenance,INV-507-2026-002001,PO-2026-002001,2026-06-21,2026-07-26,30,9521.94,7493.34,7493.34,AED,AED,BANK-30107614,False,normal,2040.44,0
TXN-0002180,SUP-0086,Aircraft Components,INV-717-2026-002180,PO-2025-002180,2026-06-21,2026-09-14,90,9034.0,7130.1,7130.1,USD,USD,BANK-11254265,False,normal,7130.1,0
TXN-0002618,SUP-0071,Aircraft Components,INV-473-2026-002618,PO-2025-002618,2026-06-21,2026-07-29,30,59185.24,51229.31,51229.31,USD,USD,BANK-74793410,False,normal,51229.31,0
TXN-0003692,SUP-0115,Facilities,INV-659-2026-003692,PO-2025-003692,2026-06-21,2026-08-06,45,813.3,753.67,753.67,USD,USD,BANK-17278259,False,normal,753.67,0
TXN-0005178,SUP-0073,Professional Services,INV-139-2026-005178,PO-2025-005178,2026-06-21,2026-07-21,45,6478.1,4664.49,4664.49,EUR,EUR,BANK-14030635,False,normal,5084.29,0
TXN-0005393,SUP-0106,Information Technology,INV-830-2026-005393,PO-2026-005393,2026-06-21,2026-07-25,45,48885.51,40886.11,40886.11,AED,AED,BANK-74386640,False,normal,11133.29,0
TXN-0000830,SUP-0048,Aircraft Components,INV-233-2026-000830,PO-2025-000830,2026-06-22,2026-07-23,30,38504.07,30323.82,30323.82,USD,USD,BANK-40202528,False,normal,30323.82,0
TXN-0000951,SUP-0069,Maintenance,INV-177-2026-000951,PO-2026-000951,2026-06-22,2026-08-01,30,13409.61,12059.11,12059.11,USD,USD,BANK-43048809,False,normal,12059.11,0
TXN-0001647,SUP-0084,Information Technology,INV-362-2026-001647,PO-2026-001647,2026-06-22,2026-07-30,30,5536.22,4463.03,4463.03,USD,USD,BANK-22950775,False,normal,4463.03,0
TXN-0001845,SUP-0011,Maintenance,INV-139-2026-001845,PO-2026-001845,2026-06-22,2026-07-14,45,1559.53,1355.32,1355.32,USD,USD,BANK-43383005,False,normal,1355.32,0
TXN-0002050,SUP-0157,Maintenance,INV-669-2026-002050,PO-2025-002050,2026-06-22,2026-07-13,30,33044.74,30595.66,30595.66,USD,USD,BANK-84648574,False,normal,30595.66,0
TXN-0002401,SUP-0150,Facilities,INV-151-2026-002401,PO-2026-002401,2026-06-22,2026-09-10,60,39134.7,35964.85,35964.85,USD,USD,BANK-67087104,False,normal,35964.85,0
TXN-0003547,SUP-0044,Maintenance,INV-341-2026-003547,PO-2026-003547,2026-06-22,2026-08-18,60,1317.7,1016.97,1016.97,USD,USD,BANK-52259076,False,normal,1016.97,0
TXN-0003586,SUP-0126,Ground Services,INV-669-2026-003586,PO-2025-003586,2026-06-22,2026-07-28,45,64371.69,61268.63,61268.63,AED,AED,BANK-35780160,False,normal,16683.45,0
TXN-0004464,SUP-0059,Professional Services,INV-741-2026-004464,PO-2025-004464,2026-06-22,2026-07-08,30,22297.23,20484.55,20484.55,USD,USD,BANK-95295830,False,normal,20484.55,0
TXN-0004661,SUP-0077,Information Technology,INV-145-2026-004661,PO-2026-004661,2026-06-22,2026-08-09,45,51451.54,47376.24,47376.24,USD,USD,BANK-99822506,False,normal,47376.24,0
TXN-0004780,SUP-0143,Maintenance,INV-776-2026-004780,PO-2025-004780,2026-06-22,2026-09-02,60,3435.69,3405.57,3405.57,GBP,GBP,BANK-24937333,False,normal,4325.07,0
TXN-0000335,SUP-0004,Information Technology,INV-369-2026-000335,PO-2026-000335,2026-06-23,2026-08-04,30,3679.39,3513.42,3513.42,AED,AED,BANK-92441065,False,normal,956.7,0
TXN-0001066,SUP-0137,Information Technology,INV-559-2026-001066,PO-2025-001066,2026-06-23,2026-06-24,60,2485.79,2170.43,2170.43,GBP,GBP,BANK-75099036,False,rapid_payment,2756.45,1
TXN-0001168,SUP-0096,Maintenance,INV-858-2026-001168,PO-2025-001168,2026-06-23,2026-07-17,30,6761.56,6355.6,6355.6,AED,AED,BANK-55569693,False,normal,1730.63,0
TXN-0002543,SUP-0036,Information Technology,INV-504-2026-002543,PO-2026-002543,2026-06-23,2026-07-23,30,6008.17,5449.93,5449.93,USD,USD,BANK-90250953,False,normal,5449.93,0
TXN-0002762,SUP-0015,Ground Services,INV-971-2026-002762,PO-2025-002762,2026-06-23,2026-07-12,30,10122.35,8546.64,8546.64,USD,USD,BANK-82742631,False,normal,8546.64,0
TXN-0003111,SUP-0055,Information Technology,INV-443-2026-003111,PO-2026-003111,2026-06-23,2026-08-03,45,12903.6,12748.05,12748.05,AED,AED,BANK-44199230,False,normal,3471.29,0
TXN-0003195,SUP-0114,Professional Services,INV-963-2026-003195,PO-2026-003195,2026-06-23,2026-07-29,30,3499.15,2587.29,2587.29,AED,AED,BANK-93480628,False,normal,704.52,0
TXN-0001468,SUP-0075,Information Technology,INV-732-2026-001468,PO-2025-001468,2026-06-24,2026-07-16,30,106046.24,77631.86,77631.86,USD,USD,BANK-35245775,False,normal,77631.86,0
TXN-0001680,SUP-0148,Ground Services,INV-505-2026-001680,PO-2025-001680,2026-06-24,2026-10-04,90,5322.8,4540.46,4540.46,AED,AED,BANK-48887190,False,normal,1236.37,0
TXN-0001893,SUP-0159,Maintenance,INV-895-2026-001893,PO-2026-001893,2026-06-24,2026-07-23,30,11717.53,9996.21,9996.21,AED,AED,BANK-81713537,False,normal,2721.97,0
TXN-0001987,SUP-0067,Aircraft Components,INV-877-2026-001987,PO-2026-001987,2026-06-24,2026-10-06,90,11935.06,11870.51,11870.51,AED,AED,BANK-77206550,False,normal,3232.34,0
TXN-0002529,SUP-0079,Information Technology,INV-137-2026-002529,PO-2026-002529,2026-06-24,2026-07-18,30,6803.4,6083.8,6083.8,AED,AED,BANK-38837550,False,normal,1656.62,0
TXN-0002784,SUP-0158,Maintenance,INV-709-2026-002784,PO-2025-002784,2026-06-24,2026-07-07,30,4263.21,3161.07,3161.07,AED,AED,BANK-32546185,False,normal,860.76,0
TXN-0003342,SUP-0088,Professional Services,INV-802-2026-003342,PO-2025-003342,2026-06-24,2026-08-06,30,16434.87,13301.91,13301.91,AED,AED,BANK-30669042,False,normal,3622.11,0
TXN-0003531,SUP-0044,Information Technology,INV-410-2026-003531,PO-2026-003531,2026-06-24,2026-07-30,30,3017.3,2390.79,2390.79,USD,USD,NEW-28132370,True,bank_change,2390.79,1
TXN-0004166,SUP-0158,Ground Services,INV-537-2026-004166,PO-2025-004166,2026-06-24,2026-08-14,45,968.17,955.2,955.2,AED,AED,BANK-32546185,False,normal,260.1,0
TXN-0004219,SUP-0118,Information Technology,INV-823-2026-004219,PO-2026-004219,2026-06-24,2026-08-22,60,57594.86,43343.49,43343.49,AED,AED,BANK-37085381,False,normal,11802.43,0
TXN-0004690,SUP-0027,Maintenance,INV-142-2026-004690,PO-2025-004690,2026-06-24,2026-07-22,30,151870.03,114932.53,114932.53,AED,AED,BANK-26263179,False,normal,31296.13,0
TXN-0004886,SUP-0119,Ground Services,INV-541-2026-004886,PO-2025-004886,2026-06-24,2026-07-19,30,2158.3,2027.57,2027.57,USD,USD,BANK-21899503,False,normal,2027.57,0
